
R version 4.3.2 (2023-10-31) -- "Eye Holes"
Copyright (C) 2023 The R Foundation for Statistical Computing
Platform: aarch64-apple-darwin20 (64-bit)

R is free software and comes with ABSOLUTELY NO WARRANTY.
You are welcome to redistribute it under certain conditions.
Type 'license()' or 'licence()' for distribution details.

  Natural language support but running in an English locale

R is a collaborative project with many contributors.
Type 'contributors()' for more information and
'citation()' on how to cite R or R packages in publications.

Type 'demo()' for some demos, 'help()' for on-line help, or
'help.start()' for an HTML browser interface to help.
Type 'q()' to quit R.

> devtools::check(cran = TRUE)
══ Documenting ═════════════════════════════════════════════════════════════════
ℹ Updating neurosurf documentation
ℹ Loading neurosurf
Creating a new generic function for ‘smooth’ in package ‘neurosurf’
✖ In topic 'Arith-methods.Rd': Skipping; no name and/or title.

══ Building ════════════════════════════════════════════════════════════════════
Setting env vars:
• CFLAGS    : -Wall -pedantic
• CXXFLAGS  : -Wall -pedantic
• CXX11FLAGS: -Wall -pedantic
• CXX14FLAGS: -Wall -pedantic
• CXX17FLAGS: -Wall -pedantic
• CXX20FLAGS: -Wall -pedantic
── R CMD build ─────────────────────────────────────────────────────────────────
* checking for file ‘/Users/bbuchsbaum/code/neurosurf/DESCRIPTION’ ... OK
* preparing ‘neurosurf’:
* checking DESCRIPTION meta-information ... OK
* installing the package to build vignettes
* creating vignettes ... OK
* checking for LF line-endings in source and make files and shell scripts
* checking for empty or unneeded directories
Omitted ‘LazyData’ from DESCRIPTION
* building ‘neurosurf_0.1.0.tar.gz’
Warning in utils::tar(filepath, pkgname, compression = compression, compression_level = 9L,  :
  storing paths of more than 100 bytes is not portable:
  ‘neurosurf/inst/htmlwidgets/neurosurface/node_modules/@babel/helper-validator-identifier/lib/identifier.js’
Warning in utils::tar(filepath, pkgname, compression = compression, compression_level = 9L,  :
  storing paths of more than 100 bytes is not portable:
  ‘neurosurf/inst/htmlwidgets/neurosurface/node_modules/@babel/helper-validator-identifier/lib/identifier.js.map’
Warning in utils::tar(filepath, pkgname, compression = compression, compression_level = 9L,  :
  storing paths of more than 100 bytes is not portable:
  ‘neurosurf/inst/htmlwidgets/neurosurface/node_modules/@babel/helper-validator-identifier/lib/index.js.map’
Warning in utils::tar(filepath, pkgname, compression = compression, compression_level = 9L,  :
  storing paths of more than 100 bytes is not portable:
  ‘neurosurf/inst/htmlwidgets/neurosurface/node_modules/@babel/helper-validator-identifier/lib/keyword.js’
Warning in utils::tar(filepath, pkgname, compression = compression, compression_level = 9L,  :
  storing paths of more than 100 bytes is not portable:
  ‘neurosurf/inst/htmlwidgets/neurosurface/node_modules/@babel/helper-validator-identifier/lib/keyword.js.map’
Warning in utils::tar(filepath, pkgname, compression = compression, compression_level = 9L,  :
  storing paths of more than 100 bytes is not portable:
  ‘neurosurf/inst/htmlwidgets/neurosurface/node_modules/@babel/helper-validator-identifier/scripts/generate-identifier-regex.js’
Warning in utils::tar(filepath, pkgname, compression = compression, compression_level = 9L,  :
  storing paths of more than 100 bytes is not portable:
  ‘neurosurf/inst/htmlwidgets/neurosurface/node_modules/@jridgewell/gen-mapping/dist/gen-mapping.mjs.map’
Warning in utils::tar(filepath, pkgname, compression = compression, compression_level = 9L,  :
  storing paths of more than 100 bytes is not portable:
  ‘neurosurf/inst/htmlwidgets/neurosurface/node_modules/@jridgewell/gen-mapping/dist/gen-mapping.umd.js.map’
Warning in utils::tar(filepath, pkgname, compression = compression, compression_level = 9L,  :
  storing paths of more than 100 bytes is not portable:
  ‘neurosurf/inst/htmlwidgets/neurosurface/node_modules/@jridgewell/gen-mapping/dist/types/gen-mapping.d.ts’
Warning in utils::tar(filepath, pkgname, compression = compression, compression_level = 9L,  :
  storing paths of more than 100 bytes is not portable:
  ‘neurosurf/inst/htmlwidgets/neurosurface/node_modules/@jridgewell/gen-mapping/dist/types/sourcemap-segment.d.ts’
Warning in utils::tar(filepath, pkgname, compression = compression, compression_level = 9L,  :
  storing paths of more than 100 bytes is not portable:
  ‘neurosurf/inst/htmlwidgets/neurosurface/node_modules/@jridgewell/resolve-uri/dist/resolve-uri.mjs.map’
Warning in utils::tar(filepath, pkgname, compression = compression, compression_level = 9L,  :
  storing paths of more than 100 bytes is not portable:
  ‘neurosurf/inst/htmlwidgets/neurosurface/node_modules/@jridgewell/resolve-uri/dist/resolve-uri.umd.js.map’
Warning in utils::tar(filepath, pkgname, compression = compression, compression_level = 9L,  :
  storing paths of more than 100 bytes is not portable:
  ‘neurosurf/inst/htmlwidgets/neurosurface/node_modules/@jridgewell/resolve-uri/dist/types/resolve-uri.d.ts’
Warning in utils::tar(filepath, pkgname, compression = compression, compression_level = 9L,  :
  storing paths of more than 100 bytes is not portable:
  ‘neurosurf/inst/htmlwidgets/neurosurface/node_modules/@jridgewell/source-map/dist/source-map.umd.js.map’
Warning in utils::tar(filepath, pkgname, compression = compression, compression_level = 9L,  :
  storing paths of more than 100 bytes is not portable:
  ‘neurosurf/inst/htmlwidgets/neurosurface/node_modules/@jridgewell/source-map/dist/types/source-map.d.ts’
Warning in utils::tar(filepath, pkgname, compression = compression, compression_level = 9L,  :
  storing paths of more than 100 bytes is not portable:
  ‘neurosurf/inst/htmlwidgets/neurosurface/node_modules/@jridgewell/sourcemap-codec/dist/sourcemap-codec.mjs’
Warning in utils::tar(filepath, pkgname, compression = compression, compression_level = 9L,  :
  storing paths of more than 100 bytes is not portable:
  ‘neurosurf/inst/htmlwidgets/neurosurface/node_modules/@jridgewell/sourcemap-codec/dist/sourcemap-codec.mjs.map’
Warning in utils::tar(filepath, pkgname, compression = compression, compression_level = 9L,  :
  storing paths of more than 100 bytes is not portable:
  ‘neurosurf/inst/htmlwidgets/neurosurface/node_modules/@jridgewell/sourcemap-codec/dist/sourcemap-codec.umd.js’
Warning in utils::tar(filepath, pkgname, compression = compression, compression_level = 9L,  :
  storing paths of more than 100 bytes is not portable:
  ‘neurosurf/inst/htmlwidgets/neurosurface/node_modules/@jridgewell/sourcemap-codec/dist/sourcemap-codec.umd.js.map’
Warning in utils::tar(filepath, pkgname, compression = compression, compression_level = 9L,  :
  storing paths of more than 100 bytes is not portable:
  ‘neurosurf/inst/htmlwidgets/neurosurface/node_modules/@jridgewell/sourcemap-codec/dist/types/scopes.d.ts’
Warning in utils::tar(filepath, pkgname, compression = compression, compression_level = 9L,  :
  storing paths of more than 100 bytes is not portable:
  ‘neurosurf/inst/htmlwidgets/neurosurface/node_modules/@jridgewell/sourcemap-codec/dist/types/sourcemap-codec.d.ts’
Warning in utils::tar(filepath, pkgname, compression = compression, compression_level = 9L,  :
  storing paths of more than 100 bytes is not portable:
  ‘neurosurf/inst/htmlwidgets/neurosurface/node_modules/@jridgewell/sourcemap-codec/dist/types/strings.d.ts’
Warning in utils::tar(filepath, pkgname, compression = compression, compression_level = 9L,  :
  storing paths of more than 100 bytes is not portable:
  ‘neurosurf/inst/htmlwidgets/neurosurface/node_modules/@jridgewell/trace-mapping/dist/trace-mapping.mjs’
Warning in utils::tar(filepath, pkgname, compression = compression, compression_level = 9L,  :
  storing paths of more than 100 bytes is not portable:
  ‘neurosurf/inst/htmlwidgets/neurosurface/node_modules/@jridgewell/trace-mapping/dist/trace-mapping.mjs.map’
Warning in utils::tar(filepath, pkgname, compression = compression, compression_level = 9L,  :
  storing paths of more than 100 bytes is not portable:
  ‘neurosurf/inst/htmlwidgets/neurosurface/node_modules/@jridgewell/trace-mapping/dist/trace-mapping.umd.js’
Warning in utils::tar(filepath, pkgname, compression = compression, compression_level = 9L,  :
  storing paths of more than 100 bytes is not portable:
  ‘neurosurf/inst/htmlwidgets/neurosurface/node_modules/@jridgewell/trace-mapping/dist/trace-mapping.umd.js.map’
Warning in utils::tar(filepath, pkgname, compression = compression, compression_level = 9L,  :
  storing paths of more than 100 bytes is not portable:
  ‘neurosurf/inst/htmlwidgets/neurosurface/node_modules/@jridgewell/trace-mapping/dist/types/any-map.d.ts’
Warning in utils::tar(filepath, pkgname, compression = compression, compression_level = 9L,  :
  storing paths of more than 100 bytes is not portable:
  ‘neurosurf/inst/htmlwidgets/neurosurface/node_modules/@jridgewell/trace-mapping/dist/types/binary-search.d.ts’
Warning in utils::tar(filepath, pkgname, compression = compression, compression_level = 9L,  :
  storing paths of more than 100 bytes is not portable:
  ‘neurosurf/inst/htmlwidgets/neurosurface/node_modules/@jridgewell/trace-mapping/dist/types/by-source.d.ts’
Warning in utils::tar(filepath, pkgname, compression = compression, compression_level = 9L,  :
  storing paths of more than 100 bytes is not portable:
  ‘neurosurf/inst/htmlwidgets/neurosurface/node_modules/@jridgewell/trace-mapping/dist/types/resolve.d.ts’
Warning in utils::tar(filepath, pkgname, compression = compression, compression_level = 9L,  :
  storing paths of more than 100 bytes is not portable:
  ‘neurosurf/inst/htmlwidgets/neurosurface/node_modules/@jridgewell/trace-mapping/dist/types/sourcemap-segment.d.ts’
Warning in utils::tar(filepath, pkgname, compression = compression, compression_level = 9L,  :
  storing paths of more than 100 bytes is not portable:
  ‘neurosurf/inst/htmlwidgets/neurosurface/node_modules/@jridgewell/trace-mapping/dist/types/strip-filename.d.ts’
Warning in utils::tar(filepath, pkgname, compression = compression, compression_level = 9L,  :
  storing paths of more than 100 bytes is not portable:
  ‘neurosurf/inst/htmlwidgets/neurosurface/node_modules/@jridgewell/trace-mapping/dist/types/trace-mapping.d.ts’
Warning in utils::tar(filepath, pkgname, compression = compression, compression_level = 9L,  :
  storing paths of more than 100 bytes is not portable:
  ‘neurosurf/inst/htmlwidgets/neurosurface/node_modules/@rollup/plugin-node-resolve/dist/es/package.json’
Warning in utils::tar(filepath, pkgname, compression = compression, compression_level = 9L,  :
  storing paths of more than 100 bytes is not portable:
  ‘neurosurf/inst/htmlwidgets/neurosurface/node_modules/@rollup/pluginutils/node_modules/@types/estree/LICENSE’
Warning in utils::tar(filepath, pkgname, compression = compression, compression_level = 9L,  :
  storing paths of more than 100 bytes is not portable:
  ‘neurosurf/inst/htmlwidgets/neurosurface/node_modules/@rollup/pluginutils/node_modules/@types/estree/README.md’
Warning in utils::tar(filepath, pkgname, compression = compression, compression_level = 9L,  :
  storing paths of more than 100 bytes is not portable:
  ‘neurosurf/inst/htmlwidgets/neurosurface/node_modules/@rollup/pluginutils/node_modules/@types/estree/index.d.ts’
Warning in utils::tar(filepath, pkgname, compression = compression, compression_level = 9L,  :
  storing paths of more than 100 bytes is not portable:
  ‘neurosurf/inst/htmlwidgets/neurosurface/node_modules/@rollup/pluginutils/node_modules/@types/estree/package.json’
Warning in utils::tar(filepath, pkgname, compression = compression, compression_level = 9L,  :
  storing paths of more than 100 bytes is not portable:
  ‘neurosurf/inst/htmlwidgets/neurosurface/node_modules/@rollup/pluginutils/node_modules/estree-walker/CHANGELOG.md’
Warning in utils::tar(filepath, pkgname, compression = compression, compression_level = 9L,  :
  storing paths of more than 100 bytes is not portable:
  ‘neurosurf/inst/htmlwidgets/neurosurface/node_modules/@rollup/pluginutils/node_modules/estree-walker/README.md’
Warning in utils::tar(filepath, pkgname, compression = compression, compression_level = 9L,  :
  storing paths of more than 100 bytes is not portable:
  ‘neurosurf/inst/htmlwidgets/neurosurface/node_modules/@rollup/pluginutils/node_modules/estree-walker/dist/’
Warning in utils::tar(filepath, pkgname, compression = compression, compression_level = 9L,  :
  storing paths of more than 100 bytes is not portable:
  ‘neurosurf/inst/htmlwidgets/neurosurface/node_modules/@rollup/pluginutils/node_modules/estree-walker/dist/estree-walker.umd.js’
Warning in utils::tar(filepath, pkgname, compression = compression, compression_level = 9L,  :
  storing paths of more than 100 bytes is not portable:
  ‘neurosurf/inst/htmlwidgets/neurosurface/node_modules/@rollup/pluginutils/node_modules/estree-walker/dist/estree-walker.umd.js.map’
Warning in utils::tar(filepath, pkgname, compression = compression, compression_level = 9L,  :
  storing paths of more than 100 bytes is not portable:
  ‘neurosurf/inst/htmlwidgets/neurosurface/node_modules/@rollup/pluginutils/node_modules/estree-walker/package.json’
Warning in utils::tar(filepath, pkgname, compression = compression, compression_level = 9L,  :
  storing paths of more than 100 bytes is not portable:
  ‘neurosurf/inst/htmlwidgets/neurosurface/node_modules/@rollup/pluginutils/node_modules/estree-walker/src/’
Warning in utils::tar(filepath, pkgname, compression = compression, compression_level = 9L,  :
  storing paths of more than 100 bytes is not portable:
  ‘neurosurf/inst/htmlwidgets/neurosurface/node_modules/@rollup/pluginutils/node_modules/estree-walker/src/estree-walker.js’
Warning in utils::tar(filepath, pkgname, compression = compression, compression_level = 9L,  :
  storing paths of more than 100 bytes is not portable:
  ‘neurosurf/inst/htmlwidgets/neurosurface/node_modules/@rollup/pluginutils/node_modules/estree-walker/src/index.ts’
Warning in utils::tar(filepath, pkgname, compression = compression, compression_level = 9L,  :
  storing paths of more than 100 bytes is not portable:
  ‘neurosurf/inst/htmlwidgets/neurosurface/node_modules/@rollup/pluginutils/node_modules/estree-walker/types/’
Warning in utils::tar(filepath, pkgname, compression = compression, compression_level = 9L,  :
  storing paths of more than 100 bytes is not portable:
  ‘neurosurf/inst/htmlwidgets/neurosurface/node_modules/@rollup/pluginutils/node_modules/estree-walker/types/index.d.ts’
Warning in utils::tar(filepath, pkgname, compression = compression, compression_level = 9L,  :
  storing paths of more than 100 bytes is not portable:
  ‘neurosurf/inst/htmlwidgets/neurosurface/node_modules/@tweakpane/plugin-essentials/dist/tweakpane-plugin-essentials.js’
Warning in utils::tar(filepath, pkgname, compression = compression, compression_level = 9L,  :
  storing paths of more than 100 bytes is not portable:
  ‘neurosurf/inst/htmlwidgets/neurosurface/node_modules/@tweakpane/plugin-essentials/dist/tweakpane-plugin-essentials.min.js’
Warning in utils::tar(filepath, pkgname, compression = compression, compression_level = 9L,  :
  storing paths of more than 100 bytes is not portable:
  ‘neurosurf/inst/htmlwidgets/neurosurface/node_modules/@tweakpane/plugin-essentials/dist/types/button-grid/’
Warning in utils::tar(filepath, pkgname, compression = compression, compression_level = 9L,  :
  storing paths of more than 100 bytes is not portable:
  ‘neurosurf/inst/htmlwidgets/neurosurface/node_modules/@tweakpane/plugin-essentials/dist/types/button-grid/api/’
Warning in utils::tar(filepath, pkgname, compression = compression, compression_level = 9L,  :
  storing paths of more than 100 bytes is not portable:
  ‘neurosurf/inst/htmlwidgets/neurosurface/node_modules/@tweakpane/plugin-essentials/dist/types/button-grid/api/button-cell.d.ts’
Warning in utils::tar(filepath, pkgname, compression = compression, compression_level = 9L,  :
  storing paths of more than 100 bytes is not portable:
  ‘neurosurf/inst/htmlwidgets/neurosurface/node_modules/@tweakpane/plugin-essentials/dist/types/button-grid/api/button-grid.d.ts’
Warning in utils::tar(filepath, pkgname, compression = compression, compression_level = 9L,  :
  storing paths of more than 100 bytes is not portable:
  ‘neurosurf/inst/htmlwidgets/neurosurface/node_modules/@tweakpane/plugin-essentials/dist/types/button-grid/api/tp-button-grid-event.d.ts’
Warning in utils::tar(filepath, pkgname, compression = compression, compression_level = 9L,  :
  storing paths of more than 100 bytes is not portable:
  ‘neurosurf/inst/htmlwidgets/neurosurface/node_modules/@tweakpane/plugin-essentials/dist/types/button-grid/controller/’
Warning in utils::tar(filepath, pkgname, compression = compression, compression_level = 9L,  :
  storing paths of more than 100 bytes is not portable:
  ‘neurosurf/inst/htmlwidgets/neurosurface/node_modules/@tweakpane/plugin-essentials/dist/types/button-grid/controller/button-grid-blade.d.ts’
Warning in utils::tar(filepath, pkgname, compression = compression, compression_level = 9L,  :
  storing paths of more than 100 bytes is not portable:
  ‘neurosurf/inst/htmlwidgets/neurosurface/node_modules/@tweakpane/plugin-essentials/dist/types/button-grid/controller/button-grid.d.ts’
Warning in utils::tar(filepath, pkgname, compression = compression, compression_level = 9L,  :
  storing paths of more than 100 bytes is not portable:
  ‘neurosurf/inst/htmlwidgets/neurosurface/node_modules/@tweakpane/plugin-essentials/dist/types/button-grid/plugin.d.ts’
Warning in utils::tar(filepath, pkgname, compression = compression, compression_level = 9L,  :
  storing paths of more than 100 bytes is not portable:
  ‘neurosurf/inst/htmlwidgets/neurosurface/node_modules/@tweakpane/plugin-essentials/dist/types/cubic-bezier/’
Warning in utils::tar(filepath, pkgname, compression = compression, compression_level = 9L,  :
  storing paths of more than 100 bytes is not portable:
  ‘neurosurf/inst/htmlwidgets/neurosurface/node_modules/@tweakpane/plugin-essentials/dist/types/cubic-bezier/api/’
Warning in utils::tar(filepath, pkgname, compression = compression, compression_level = 9L,  :
  storing paths of more than 100 bytes is not portable:
  ‘neurosurf/inst/htmlwidgets/neurosurface/node_modules/@tweakpane/plugin-essentials/dist/types/cubic-bezier/api/cubic-bezier.d.ts’
Warning in utils::tar(filepath, pkgname, compression = compression, compression_level = 9L,  :
  storing paths of more than 100 bytes is not portable:
  ‘neurosurf/inst/htmlwidgets/neurosurface/node_modules/@tweakpane/plugin-essentials/dist/types/cubic-bezier/controller/’
Warning in utils::tar(filepath, pkgname, compression = compression, compression_level = 9L,  :
  storing paths of more than 100 bytes is not portable:
  ‘neurosurf/inst/htmlwidgets/neurosurface/node_modules/@tweakpane/plugin-essentials/dist/types/cubic-bezier/controller/cubic-bezier-graph.d.ts’
Warning in utils::tar(filepath, pkgname, compression = compression, compression_level = 9L,  :
  storing paths of more than 100 bytes is not portable:
  ‘neurosurf/inst/htmlwidgets/neurosurface/node_modules/@tweakpane/plugin-essentials/dist/types/cubic-bezier/controller/cubic-bezier-picker.d.ts’
Warning in utils::tar(filepath, pkgname, compression = compression, compression_level = 9L,  :
  storing paths of more than 100 bytes is not portable:
  ‘neurosurf/inst/htmlwidgets/neurosurface/node_modules/@tweakpane/plugin-essentials/dist/types/cubic-bezier/controller/cubic-bezier.d.ts’
Warning in utils::tar(filepath, pkgname, compression = compression, compression_level = 9L,  :
  storing paths of more than 100 bytes is not portable:
  ‘neurosurf/inst/htmlwidgets/neurosurface/node_modules/@tweakpane/plugin-essentials/dist/types/cubic-bezier/converter/’
Warning in utils::tar(filepath, pkgname, compression = compression, compression_level = 9L,  :
  storing paths of more than 100 bytes is not portable:
  ‘neurosurf/inst/htmlwidgets/neurosurface/node_modules/@tweakpane/plugin-essentials/dist/types/cubic-bezier/converter/cubic-bezier.d.ts’
Warning in utils::tar(filepath, pkgname, compression = compression, compression_level = 9L,  :
  storing paths of more than 100 bytes is not portable:
  ‘neurosurf/inst/htmlwidgets/neurosurface/node_modules/@tweakpane/plugin-essentials/dist/types/cubic-bezier/model/’
Warning in utils::tar(filepath, pkgname, compression = compression, compression_level = 9L,  :
  storing paths of more than 100 bytes is not portable:
  ‘neurosurf/inst/htmlwidgets/neurosurface/node_modules/@tweakpane/plugin-essentials/dist/types/cubic-bezier/model/cubic-bezier.d.ts’
Warning in utils::tar(filepath, pkgname, compression = compression, compression_level = 9L,  :
  storing paths of more than 100 bytes is not portable:
  ‘neurosurf/inst/htmlwidgets/neurosurface/node_modules/@tweakpane/plugin-essentials/dist/types/cubic-bezier/plugin.d.ts’
Warning in utils::tar(filepath, pkgname, compression = compression, compression_level = 9L,  :
  storing paths of more than 100 bytes is not portable:
  ‘neurosurf/inst/htmlwidgets/neurosurface/node_modules/@tweakpane/plugin-essentials/dist/types/cubic-bezier/view/’
Warning in utils::tar(filepath, pkgname, compression = compression, compression_level = 9L,  :
  storing paths of more than 100 bytes is not portable:
  ‘neurosurf/inst/htmlwidgets/neurosurface/node_modules/@tweakpane/plugin-essentials/dist/types/cubic-bezier/view/cubic-bezier-graph.d.ts’
Warning in utils::tar(filepath, pkgname, compression = compression, compression_level = 9L,  :
  storing paths of more than 100 bytes is not portable:
  ‘neurosurf/inst/htmlwidgets/neurosurface/node_modules/@tweakpane/plugin-essentials/dist/types/cubic-bezier/view/cubic-bezier-picker.d.ts’
Warning in utils::tar(filepath, pkgname, compression = compression, compression_level = 9L,  :
  storing paths of more than 100 bytes is not portable:
  ‘neurosurf/inst/htmlwidgets/neurosurface/node_modules/@tweakpane/plugin-essentials/dist/types/cubic-bezier/view/cubic-bezier-preview.d.ts’
Warning in utils::tar(filepath, pkgname, compression = compression, compression_level = 9L,  :
  storing paths of more than 100 bytes is not portable:
  ‘neurosurf/inst/htmlwidgets/neurosurface/node_modules/@tweakpane/plugin-essentials/dist/types/cubic-bezier/view/cubic-bezier.d.ts’
Warning in utils::tar(filepath, pkgname, compression = compression, compression_level = 9L,  :
  storing paths of more than 100 bytes is not portable:
  ‘neurosurf/inst/htmlwidgets/neurosurface/node_modules/@tweakpane/plugin-essentials/dist/types/cubic-bezier/view/util.d.ts’
Warning in utils::tar(filepath, pkgname, compression = compression, compression_level = 9L,  :
  storing paths of more than 100 bytes is not portable:
  ‘neurosurf/inst/htmlwidgets/neurosurface/node_modules/@tweakpane/plugin-essentials/dist/types/fps-graph/’
Warning in utils::tar(filepath, pkgname, compression = compression, compression_level = 9L,  :
  storing paths of more than 100 bytes is not portable:
  ‘neurosurf/inst/htmlwidgets/neurosurface/node_modules/@tweakpane/plugin-essentials/dist/types/fps-graph/api/’
Warning in utils::tar(filepath, pkgname, compression = compression, compression_level = 9L,  :
  storing paths of more than 100 bytes is not portable:
  ‘neurosurf/inst/htmlwidgets/neurosurface/node_modules/@tweakpane/plugin-essentials/dist/types/fps-graph/api/fps-graph.d.ts’
Warning in utils::tar(filepath, pkgname, compression = compression, compression_level = 9L,  :
  storing paths of more than 100 bytes is not portable:
  ‘neurosurf/inst/htmlwidgets/neurosurface/node_modules/@tweakpane/plugin-essentials/dist/types/fps-graph/controller/’
Warning in utils::tar(filepath, pkgname, compression = compression, compression_level = 9L,  :
  storing paths of more than 100 bytes is not portable:
  ‘neurosurf/inst/htmlwidgets/neurosurface/node_modules/@tweakpane/plugin-essentials/dist/types/fps-graph/controller/fps-graph-blade.d.ts’
Warning in utils::tar(filepath, pkgname, compression = compression, compression_level = 9L,  :
  storing paths of more than 100 bytes is not portable:
  ‘neurosurf/inst/htmlwidgets/neurosurface/node_modules/@tweakpane/plugin-essentials/dist/types/fps-graph/controller/fps-graph.d.ts’
Warning in utils::tar(filepath, pkgname, compression = compression, compression_level = 9L,  :
  storing paths of more than 100 bytes is not portable:
  ‘neurosurf/inst/htmlwidgets/neurosurface/node_modules/@tweakpane/plugin-essentials/dist/types/fps-graph/model/’
Warning in utils::tar(filepath, pkgname, compression = compression, compression_level = 9L,  :
  storing paths of more than 100 bytes is not portable:
  ‘neurosurf/inst/htmlwidgets/neurosurface/node_modules/@tweakpane/plugin-essentials/dist/types/fps-graph/model/stopwatch.d.ts’
Warning in utils::tar(filepath, pkgname, compression = compression, compression_level = 9L,  :
  storing paths of more than 100 bytes is not portable:
  ‘neurosurf/inst/htmlwidgets/neurosurface/node_modules/@tweakpane/plugin-essentials/dist/types/fps-graph/plugin.d.ts’
Warning in utils::tar(filepath, pkgname, compression = compression, compression_level = 9L,  :
  storing paths of more than 100 bytes is not portable:
  ‘neurosurf/inst/htmlwidgets/neurosurface/node_modules/@tweakpane/plugin-essentials/dist/types/fps-graph/view/’
Warning in utils::tar(filepath, pkgname, compression = compression, compression_level = 9L,  :
  storing paths of more than 100 bytes is not portable:
  ‘neurosurf/inst/htmlwidgets/neurosurface/node_modules/@tweakpane/plugin-essentials/dist/types/fps-graph/view/fps.d.ts’
Warning in utils::tar(filepath, pkgname, compression = compression, compression_level = 9L,  :
  storing paths of more than 100 bytes is not portable:
  ‘neurosurf/inst/htmlwidgets/neurosurface/node_modules/@tweakpane/plugin-essentials/dist/types/index.d.ts’
Warning in utils::tar(filepath, pkgname, compression = compression, compression_level = 9L,  :
  storing paths of more than 100 bytes is not portable:
  ‘neurosurf/inst/htmlwidgets/neurosurface/node_modules/@tweakpane/plugin-essentials/dist/types/interval/’
Warning in utils::tar(filepath, pkgname, compression = compression, compression_level = 9L,  :
  storing paths of more than 100 bytes is not portable:
  ‘neurosurf/inst/htmlwidgets/neurosurface/node_modules/@tweakpane/plugin-essentials/dist/types/interval/constraint/’
Warning in utils::tar(filepath, pkgname, compression = compression, compression_level = 9L,  :
  storing paths of more than 100 bytes is not portable:
  ‘neurosurf/inst/htmlwidgets/neurosurface/node_modules/@tweakpane/plugin-essentials/dist/types/interval/constraint/interval.d.ts’
Warning in utils::tar(filepath, pkgname, compression = compression, compression_level = 9L,  :
  storing paths of more than 100 bytes is not portable:
  ‘neurosurf/inst/htmlwidgets/neurosurface/node_modules/@tweakpane/plugin-essentials/dist/types/interval/controller/’
Warning in utils::tar(filepath, pkgname, compression = compression, compression_level = 9L,  :
  storing paths of more than 100 bytes is not portable:
  ‘neurosurf/inst/htmlwidgets/neurosurface/node_modules/@tweakpane/plugin-essentials/dist/types/interval/controller/range-slider-text.d.ts’
Warning in utils::tar(filepath, pkgname, compression = compression, compression_level = 9L,  :
  storing paths of more than 100 bytes is not portable:
  ‘neurosurf/inst/htmlwidgets/neurosurface/node_modules/@tweakpane/plugin-essentials/dist/types/interval/controller/range-slider.d.ts’
Warning in utils::tar(filepath, pkgname, compression = compression, compression_level = 9L,  :
  storing paths of more than 100 bytes is not portable:
  ‘neurosurf/inst/htmlwidgets/neurosurface/node_modules/@tweakpane/plugin-essentials/dist/types/interval/converter/’
Warning in utils::tar(filepath, pkgname, compression = compression, compression_level = 9L,  :
  storing paths of more than 100 bytes is not portable:
  ‘neurosurf/inst/htmlwidgets/neurosurface/node_modules/@tweakpane/plugin-essentials/dist/types/interval/converter/interval.d.ts’
Warning in utils::tar(filepath, pkgname, compression = compression, compression_level = 9L,  :
  storing paths of more than 100 bytes is not portable:
  ‘neurosurf/inst/htmlwidgets/neurosurface/node_modules/@tweakpane/plugin-essentials/dist/types/interval/model/’
Warning in utils::tar(filepath, pkgname, compression = compression, compression_level = 9L,  :
  storing paths of more than 100 bytes is not portable:
  ‘neurosurf/inst/htmlwidgets/neurosurface/node_modules/@tweakpane/plugin-essentials/dist/types/interval/model/interval-test.d.ts’
Warning in utils::tar(filepath, pkgname, compression = compression, compression_level = 9L,  :
  storing paths of more than 100 bytes is not portable:
  ‘neurosurf/inst/htmlwidgets/neurosurface/node_modules/@tweakpane/plugin-essentials/dist/types/interval/model/interval.d.ts’
Warning in utils::tar(filepath, pkgname, compression = compression, compression_level = 9L,  :
  storing paths of more than 100 bytes is not portable:
  ‘neurosurf/inst/htmlwidgets/neurosurface/node_modules/@tweakpane/plugin-essentials/dist/types/interval/plugin.d.ts’
Warning in utils::tar(filepath, pkgname, compression = compression, compression_level = 9L,  :
  storing paths of more than 100 bytes is not portable:
  ‘neurosurf/inst/htmlwidgets/neurosurface/node_modules/@tweakpane/plugin-essentials/dist/types/interval/view/’
Warning in utils::tar(filepath, pkgname, compression = compression, compression_level = 9L,  :
  storing paths of more than 100 bytes is not portable:
  ‘neurosurf/inst/htmlwidgets/neurosurface/node_modules/@tweakpane/plugin-essentials/dist/types/interval/view/range-slider-text.d.ts’
Warning in utils::tar(filepath, pkgname, compression = compression, compression_level = 9L,  :
  storing paths of more than 100 bytes is not portable:
  ‘neurosurf/inst/htmlwidgets/neurosurface/node_modules/@tweakpane/plugin-essentials/dist/types/interval/view/range-slider.d.ts’
Warning in utils::tar(filepath, pkgname, compression = compression, compression_level = 9L,  :
  storing paths of more than 100 bytes is not portable:
  ‘neurosurf/inst/htmlwidgets/neurosurface/node_modules/@tweakpane/plugin-essentials/dist/types/radio-grid/’
Warning in utils::tar(filepath, pkgname, compression = compression, compression_level = 9L,  :
  storing paths of more than 100 bytes is not portable:
  ‘neurosurf/inst/htmlwidgets/neurosurface/node_modules/@tweakpane/plugin-essentials/dist/types/radio-grid/api/’
Warning in utils::tar(filepath, pkgname, compression = compression, compression_level = 9L,  :
  storing paths of more than 100 bytes is not portable:
  ‘neurosurf/inst/htmlwidgets/neurosurface/node_modules/@tweakpane/plugin-essentials/dist/types/radio-grid/api/radio-cell-api.d.ts’
Warning in utils::tar(filepath, pkgname, compression = compression, compression_level = 9L,  :
  storing paths of more than 100 bytes is not portable:
  ‘neurosurf/inst/htmlwidgets/neurosurface/node_modules/@tweakpane/plugin-essentials/dist/types/radio-grid/api/radio-grid.d.ts’
Warning in utils::tar(filepath, pkgname, compression = compression, compression_level = 9L,  :
  storing paths of more than 100 bytes is not portable:
  ‘neurosurf/inst/htmlwidgets/neurosurface/node_modules/@tweakpane/plugin-essentials/dist/types/radio-grid/api/tp-radio-grid-event.d.ts’
Warning in utils::tar(filepath, pkgname, compression = compression, compression_level = 9L,  :
  storing paths of more than 100 bytes is not portable:
  ‘neurosurf/inst/htmlwidgets/neurosurface/node_modules/@tweakpane/plugin-essentials/dist/types/radio-grid/blade-plugin.d.ts’
Warning in utils::tar(filepath, pkgname, compression = compression, compression_level = 9L,  :
  storing paths of more than 100 bytes is not portable:
  ‘neurosurf/inst/htmlwidgets/neurosurface/node_modules/@tweakpane/plugin-essentials/dist/types/radio-grid/controller/’
Warning in utils::tar(filepath, pkgname, compression = compression, compression_level = 9L,  :
  storing paths of more than 100 bytes is not portable:
  ‘neurosurf/inst/htmlwidgets/neurosurface/node_modules/@tweakpane/plugin-essentials/dist/types/radio-grid/controller/radio-grid.d.ts’
Warning in utils::tar(filepath, pkgname, compression = compression, compression_level = 9L,  :
  storing paths of more than 100 bytes is not portable:
  ‘neurosurf/inst/htmlwidgets/neurosurface/node_modules/@tweakpane/plugin-essentials/dist/types/radio-grid/controller/radio.d.ts’
Warning in utils::tar(filepath, pkgname, compression = compression, compression_level = 9L,  :
  storing paths of more than 100 bytes is not portable:
  ‘neurosurf/inst/htmlwidgets/neurosurface/node_modules/@tweakpane/plugin-essentials/dist/types/radio-grid/input-plugin.d.ts’
Warning in utils::tar(filepath, pkgname, compression = compression, compression_level = 9L,  :
  storing paths of more than 100 bytes is not portable:
  ‘neurosurf/inst/htmlwidgets/neurosurface/node_modules/@tweakpane/plugin-essentials/dist/types/radio-grid/view/’
Warning in utils::tar(filepath, pkgname, compression = compression, compression_level = 9L,  :
  storing paths of more than 100 bytes is not portable:
  ‘neurosurf/inst/htmlwidgets/neurosurface/node_modules/@tweakpane/plugin-essentials/dist/types/radio-grid/view/radio.d.ts’
Warning in utils::tar(filepath, pkgname, compression = compression, compression_level = 9L,  :
  storing paths of more than 100 bytes is not portable:
  ‘neurosurf/inst/htmlwidgets/neurosurface/node_modules/@tweakpane/plugin-interval/dist/tweakpane-plugin-interval.js’
Warning in utils::tar(filepath, pkgname, compression = compression, compression_level = 9L,  :
  storing paths of more than 100 bytes is not portable:
  ‘neurosurf/inst/htmlwidgets/neurosurface/node_modules/@tweakpane/plugin-interval/dist/tweakpane-plugin-interval.min.js’
Warning in utils::tar(filepath, pkgname, compression = compression, compression_level = 9L,  :
  storing paths of more than 100 bytes is not portable:
  ‘neurosurf/inst/htmlwidgets/neurosurface/node_modules/@tweakpane/plugin-interval/dist/types/constraint/’
Warning in utils::tar(filepath, pkgname, compression = compression, compression_level = 9L,  :
  storing paths of more than 100 bytes is not portable:
  ‘neurosurf/inst/htmlwidgets/neurosurface/node_modules/@tweakpane/plugin-interval/dist/types/constraint/interval.d.ts’
Warning in utils::tar(filepath, pkgname, compression = compression, compression_level = 9L,  :
  storing paths of more than 100 bytes is not portable:
  ‘neurosurf/inst/htmlwidgets/neurosurface/node_modules/@tweakpane/plugin-interval/dist/types/controller/’
Warning in utils::tar(filepath, pkgname, compression = compression, compression_level = 9L,  :
  storing paths of more than 100 bytes is not portable:
  ‘neurosurf/inst/htmlwidgets/neurosurface/node_modules/@tweakpane/plugin-interval/dist/types/controller/range-slider-text.d.ts’
Warning in utils::tar(filepath, pkgname, compression = compression, compression_level = 9L,  :
  storing paths of more than 100 bytes is not portable:
  ‘neurosurf/inst/htmlwidgets/neurosurface/node_modules/@tweakpane/plugin-interval/dist/types/controller/range-slider.d.ts’
Warning in utils::tar(filepath, pkgname, compression = compression, compression_level = 9L,  :
  storing paths of more than 100 bytes is not portable:
  ‘neurosurf/inst/htmlwidgets/neurosurface/node_modules/@tweakpane/plugin-interval/dist/types/converter/’
Warning in utils::tar(filepath, pkgname, compression = compression, compression_level = 9L,  :
  storing paths of more than 100 bytes is not portable:
  ‘neurosurf/inst/htmlwidgets/neurosurface/node_modules/@tweakpane/plugin-interval/dist/types/converter/interval.d.ts’
Warning in utils::tar(filepath, pkgname, compression = compression, compression_level = 9L,  :
  storing paths of more than 100 bytes is not portable:
  ‘neurosurf/inst/htmlwidgets/neurosurface/node_modules/@tweakpane/plugin-interval/dist/types/index.d.ts’
Warning in utils::tar(filepath, pkgname, compression = compression, compression_level = 9L,  :
  storing paths of more than 100 bytes is not portable:
  ‘neurosurf/inst/htmlwidgets/neurosurface/node_modules/@tweakpane/plugin-interval/dist/types/model/interval-test.d.ts’
Warning in utils::tar(filepath, pkgname, compression = compression, compression_level = 9L,  :
  storing paths of more than 100 bytes is not portable:
  ‘neurosurf/inst/htmlwidgets/neurosurface/node_modules/@tweakpane/plugin-interval/dist/types/model/interval.d.ts’
Warning in utils::tar(filepath, pkgname, compression = compression, compression_level = 9L,  :
  storing paths of more than 100 bytes is not portable:
  ‘neurosurf/inst/htmlwidgets/neurosurface/node_modules/@tweakpane/plugin-interval/dist/types/plugin.d.ts’
Warning in utils::tar(filepath, pkgname, compression = compression, compression_level = 9L,  :
  storing paths of more than 100 bytes is not portable:
  ‘neurosurf/inst/htmlwidgets/neurosurface/node_modules/@tweakpane/plugin-interval/dist/types/view/range-slider-text.d.ts’
Warning in utils::tar(filepath, pkgname, compression = compression, compression_level = 9L,  :
  storing paths of more than 100 bytes is not portable:
  ‘neurosurf/inst/htmlwidgets/neurosurface/node_modules/@tweakpane/plugin-interval/dist/types/view/range-slider.d.ts’
Warning in utils::tar(filepath, pkgname, compression = compression, compression_level = 9L,  :
  storing paths of more than 100 bytes is not portable:
  ‘neurosurf/inst/htmlwidgets/neurosurface/node_modules/@webassemblyjs/ast/esm/transform/ast-module-to-module-context/’
Warning in utils::tar(filepath, pkgname, compression = compression, compression_level = 9L,  :
  storing paths of more than 100 bytes is not portable:
  ‘neurosurf/inst/htmlwidgets/neurosurface/node_modules/@webassemblyjs/ast/esm/transform/ast-module-to-module-context/index.js’
Warning in utils::tar(filepath, pkgname, compression = compression, compression_level = 9L,  :
  storing paths of more than 100 bytes is not portable:
  ‘neurosurf/inst/htmlwidgets/neurosurface/node_modules/@webassemblyjs/ast/esm/transform/denormalize-type-references/’
Warning in utils::tar(filepath, pkgname, compression = compression, compression_level = 9L,  :
  storing paths of more than 100 bytes is not portable:
  ‘neurosurf/inst/htmlwidgets/neurosurface/node_modules/@webassemblyjs/ast/esm/transform/denormalize-type-references/index.js’
Warning in utils::tar(filepath, pkgname, compression = compression, compression_level = 9L,  :
  storing paths of more than 100 bytes is not portable:
  ‘neurosurf/inst/htmlwidgets/neurosurface/node_modules/@webassemblyjs/ast/esm/transform/wast-identifier-to-index/’
Warning in utils::tar(filepath, pkgname, compression = compression, compression_level = 9L,  :
  storing paths of more than 100 bytes is not portable:
  ‘neurosurf/inst/htmlwidgets/neurosurface/node_modules/@webassemblyjs/ast/esm/transform/wast-identifier-to-index/index.js’
Warning in utils::tar(filepath, pkgname, compression = compression, compression_level = 9L,  :
  storing paths of more than 100 bytes is not portable:
  ‘neurosurf/inst/htmlwidgets/neurosurface/node_modules/@webassemblyjs/ast/lib/transform/ast-module-to-module-context/’
Warning in utils::tar(filepath, pkgname, compression = compression, compression_level = 9L,  :
  storing paths of more than 100 bytes is not portable:
  ‘neurosurf/inst/htmlwidgets/neurosurface/node_modules/@webassemblyjs/ast/lib/transform/ast-module-to-module-context/index.js’
Warning in utils::tar(filepath, pkgname, compression = compression, compression_level = 9L,  :
  storing paths of more than 100 bytes is not portable:
  ‘neurosurf/inst/htmlwidgets/neurosurface/node_modules/@webassemblyjs/ast/lib/transform/denormalize-type-references/’
Warning in utils::tar(filepath, pkgname, compression = compression, compression_level = 9L,  :
  storing paths of more than 100 bytes is not portable:
  ‘neurosurf/inst/htmlwidgets/neurosurface/node_modules/@webassemblyjs/ast/lib/transform/denormalize-type-references/index.js’
Warning in utils::tar(filepath, pkgname, compression = compression, compression_level = 9L,  :
  storing paths of more than 100 bytes is not portable:
  ‘neurosurf/inst/htmlwidgets/neurosurface/node_modules/@webassemblyjs/ast/lib/transform/wast-identifier-to-index/’
Warning in utils::tar(filepath, pkgname, compression = compression, compression_level = 9L,  :
  storing paths of more than 100 bytes is not portable:
  ‘neurosurf/inst/htmlwidgets/neurosurface/node_modules/@webassemblyjs/ast/lib/transform/wast-identifier-to-index/index.js’
Warning in utils::tar(filepath, pkgname, compression = compression, compression_level = 9L,  :
  storing paths of more than 100 bytes is not portable:
  ‘neurosurf/inst/htmlwidgets/neurosurface/node_modules/@webassemblyjs/ast/scripts/generateTypeDefinitions.js’
Warning in utils::tar(filepath, pkgname, compression = compression, compression_level = 9L,  :
  storing paths of more than 100 bytes is not portable:
  ‘neurosurf/inst/htmlwidgets/neurosurface/node_modules/@webassemblyjs/floating-point-hex-parser/LICENSE’
Warning in utils::tar(filepath, pkgname, compression = compression, compression_level = 9L,  :
  storing paths of more than 100 bytes is not portable:
  ‘neurosurf/inst/htmlwidgets/neurosurface/node_modules/@webassemblyjs/floating-point-hex-parser/README.md’
Warning in utils::tar(filepath, pkgname, compression = compression, compression_level = 9L,  :
  storing paths of more than 100 bytes is not portable:
  ‘neurosurf/inst/htmlwidgets/neurosurface/node_modules/@webassemblyjs/floating-point-hex-parser/esm/index.js’
Warning in utils::tar(filepath, pkgname, compression = compression, compression_level = 9L,  :
  storing paths of more than 100 bytes is not portable:
  ‘neurosurf/inst/htmlwidgets/neurosurface/node_modules/@webassemblyjs/floating-point-hex-parser/lib/index.js’
Warning in utils::tar(filepath, pkgname, compression = compression, compression_level = 9L,  :
  storing paths of more than 100 bytes is not portable:
  ‘neurosurf/inst/htmlwidgets/neurosurface/node_modules/@webassemblyjs/floating-point-hex-parser/package.json’
Warning in utils::tar(filepath, pkgname, compression = compression, compression_level = 9L,  :
  storing paths of more than 100 bytes is not portable:
  ‘neurosurf/inst/htmlwidgets/neurosurface/node_modules/@webassemblyjs/helper-wasm-bytecode/esm/index.js’
Warning in utils::tar(filepath, pkgname, compression = compression, compression_level = 9L,  :
  storing paths of more than 100 bytes is not portable:
  ‘neurosurf/inst/htmlwidgets/neurosurface/node_modules/@webassemblyjs/helper-wasm-bytecode/esm/section.js’
Warning in utils::tar(filepath, pkgname, compression = compression, compression_level = 9L,  :
  storing paths of more than 100 bytes is not portable:
  ‘neurosurf/inst/htmlwidgets/neurosurface/node_modules/@webassemblyjs/helper-wasm-bytecode/lib/index.js’
Warning in utils::tar(filepath, pkgname, compression = compression, compression_level = 9L,  :
  storing paths of more than 100 bytes is not portable:
  ‘neurosurf/inst/htmlwidgets/neurosurface/node_modules/@webassemblyjs/helper-wasm-bytecode/lib/section.js’
Warning in utils::tar(filepath, pkgname, compression = compression, compression_level = 9L,  :
  storing paths of more than 100 bytes is not portable:
  ‘neurosurf/inst/htmlwidgets/neurosurface/node_modules/@webassemblyjs/helper-wasm-bytecode/package.json’
Warning in utils::tar(filepath, pkgname, compression = compression, compression_level = 9L,  :
  storing paths of more than 100 bytes is not portable:
  ‘neurosurf/inst/htmlwidgets/neurosurface/node_modules/@webassemblyjs/helper-wasm-section/esm/create.js’
Warning in utils::tar(filepath, pkgname, compression = compression, compression_level = 9L,  :
  storing paths of more than 100 bytes is not portable:
  ‘neurosurf/inst/htmlwidgets/neurosurface/node_modules/@webassemblyjs/helper-wasm-section/esm/remove.js’
Warning in utils::tar(filepath, pkgname, compression = compression, compression_level = 9L,  :
  storing paths of more than 100 bytes is not portable:
  ‘neurosurf/inst/htmlwidgets/neurosurface/node_modules/@webassemblyjs/helper-wasm-section/esm/resize.js’
Warning in utils::tar(filepath, pkgname, compression = compression, compression_level = 9L,  :
  storing paths of more than 100 bytes is not portable:
  ‘neurosurf/inst/htmlwidgets/neurosurface/node_modules/@webassemblyjs/helper-wasm-section/lib/create.js’
Warning in utils::tar(filepath, pkgname, compression = compression, compression_level = 9L,  :
  storing paths of more than 100 bytes is not portable:
  ‘neurosurf/inst/htmlwidgets/neurosurface/node_modules/@webassemblyjs/helper-wasm-section/lib/remove.js’
Warning in utils::tar(filepath, pkgname, compression = compression, compression_level = 9L,  :
  storing paths of more than 100 bytes is not portable:
  ‘neurosurf/inst/htmlwidgets/neurosurface/node_modules/@webassemblyjs/helper-wasm-section/lib/resize.js’
Warning in utils::tar(filepath, pkgname, compression = compression, compression_level = 9L,  :
  storing paths of more than 100 bytes is not portable:
  ‘neurosurf/inst/htmlwidgets/neurosurface/node_modules/ajv-keywords/dist/definitions/allRequired.js.map’
Warning in utils::tar(filepath, pkgname, compression = compression, compression_level = 9L,  :
  storing paths of more than 100 bytes is not portable:
  ‘neurosurf/inst/htmlwidgets/neurosurface/node_modules/ajv-keywords/dist/definitions/anyRequired.js.map’
Warning in utils::tar(filepath, pkgname, compression = compression, compression_level = 9L,  :
  storing paths of more than 100 bytes is not portable:
  ‘neurosurf/inst/htmlwidgets/neurosurface/node_modules/ajv-keywords/dist/definitions/deepProperties.d.ts’
Warning in utils::tar(filepath, pkgname, compression = compression, compression_level = 9L,  :
  storing paths of more than 100 bytes is not portable:
  ‘neurosurf/inst/htmlwidgets/neurosurface/node_modules/ajv-keywords/dist/definitions/deepProperties.js.map’
Warning in utils::tar(filepath, pkgname, compression = compression, compression_level = 9L,  :
  storing paths of more than 100 bytes is not portable:
  ‘neurosurf/inst/htmlwidgets/neurosurface/node_modules/ajv-keywords/dist/definitions/deepRequired.js.map’
Warning in utils::tar(filepath, pkgname, compression = compression, compression_level = 9L,  :
  storing paths of more than 100 bytes is not portable:
  ‘neurosurf/inst/htmlwidgets/neurosurface/node_modules/ajv-keywords/dist/definitions/dynamicDefaults.d.ts’
Warning in utils::tar(filepath, pkgname, compression = compression, compression_level = 9L,  :
  storing paths of more than 100 bytes is not portable:
  ‘neurosurf/inst/htmlwidgets/neurosurface/node_modules/ajv-keywords/dist/definitions/dynamicDefaults.js’
Warning in utils::tar(filepath, pkgname, compression = compression, compression_level = 9L,  :
  storing paths of more than 100 bytes is not portable:
  ‘neurosurf/inst/htmlwidgets/neurosurface/node_modules/ajv-keywords/dist/definitions/dynamicDefaults.js.map’
Warning in utils::tar(filepath, pkgname, compression = compression, compression_level = 9L,  :
  storing paths of more than 100 bytes is not portable:
  ‘neurosurf/inst/htmlwidgets/neurosurface/node_modules/ajv-keywords/dist/definitions/exclusiveRange.d.ts’
Warning in utils::tar(filepath, pkgname, compression = compression, compression_level = 9L,  :
  storing paths of more than 100 bytes is not portable:
  ‘neurosurf/inst/htmlwidgets/neurosurface/node_modules/ajv-keywords/dist/definitions/exclusiveRange.js.map’
Warning in utils::tar(filepath, pkgname, compression = compression, compression_level = 9L,  :
  storing paths of more than 100 bytes is not portable:
  ‘neurosurf/inst/htmlwidgets/neurosurface/node_modules/ajv-keywords/dist/definitions/oneRequired.js.map’
Warning in utils::tar(filepath, pkgname, compression = compression, compression_level = 9L,  :
  storing paths of more than 100 bytes is not portable:
  ‘neurosurf/inst/htmlwidgets/neurosurface/node_modules/ajv-keywords/dist/definitions/patternRequired.d.ts’
Warning in utils::tar(filepath, pkgname, compression = compression, compression_level = 9L,  :
  storing paths of more than 100 bytes is not portable:
  ‘neurosurf/inst/htmlwidgets/neurosurface/node_modules/ajv-keywords/dist/definitions/patternRequired.js’
Warning in utils::tar(filepath, pkgname, compression = compression, compression_level = 9L,  :
  storing paths of more than 100 bytes is not portable:
  ‘neurosurf/inst/htmlwidgets/neurosurface/node_modules/ajv-keywords/dist/definitions/patternRequired.js.map’
Warning in utils::tar(filepath, pkgname, compression = compression, compression_level = 9L,  :
  storing paths of more than 100 bytes is not portable:
  ‘neurosurf/inst/htmlwidgets/neurosurface/node_modules/ajv-keywords/dist/definitions/uniqueItemProperties.d.ts’
Warning in utils::tar(filepath, pkgname, compression = compression, compression_level = 9L,  :
  storing paths of more than 100 bytes is not portable:
  ‘neurosurf/inst/htmlwidgets/neurosurface/node_modules/ajv-keywords/dist/definitions/uniqueItemProperties.js’
Warning in utils::tar(filepath, pkgname, compression = compression, compression_level = 9L,  :
  storing paths of more than 100 bytes is not portable:
  ‘neurosurf/inst/htmlwidgets/neurosurface/node_modules/ajv-keywords/dist/definitions/uniqueItemProperties.js.map’
Warning in utils::tar(filepath, pkgname, compression = compression, compression_level = 9L,  :
  storing paths of more than 100 bytes is not portable:
  ‘neurosurf/inst/htmlwidgets/neurosurface/node_modules/ajv-keywords/dist/keywords/deepProperties.js.map’
Warning in utils::tar(filepath, pkgname, compression = compression, compression_level = 9L,  :
  storing paths of more than 100 bytes is not portable:
  ‘neurosurf/inst/htmlwidgets/neurosurface/node_modules/ajv-keywords/dist/keywords/dynamicDefaults.js.map’
Warning in utils::tar(filepath, pkgname, compression = compression, compression_level = 9L,  :
  storing paths of more than 100 bytes is not portable:
  ‘neurosurf/inst/htmlwidgets/neurosurface/node_modules/ajv-keywords/dist/keywords/exclusiveRange.js.map’
Warning in utils::tar(filepath, pkgname, compression = compression, compression_level = 9L,  :
  storing paths of more than 100 bytes is not portable:
  ‘neurosurf/inst/htmlwidgets/neurosurface/node_modules/ajv-keywords/dist/keywords/patternRequired.js.map’
Warning in utils::tar(filepath, pkgname, compression = compression, compression_level = 9L,  :
  storing paths of more than 100 bytes is not portable:
  ‘neurosurf/inst/htmlwidgets/neurosurface/node_modules/ajv-keywords/dist/keywords/uniqueItemProperties.d.ts’
Warning in utils::tar(filepath, pkgname, compression = compression, compression_level = 9L,  :
  storing paths of more than 100 bytes is not portable:
  ‘neurosurf/inst/htmlwidgets/neurosurface/node_modules/ajv-keywords/dist/keywords/uniqueItemProperties.js’
Warning in utils::tar(filepath, pkgname, compression = compression, compression_level = 9L,  :
  storing paths of more than 100 bytes is not portable:
  ‘neurosurf/inst/htmlwidgets/neurosurface/node_modules/ajv-keywords/dist/keywords/uniqueItemProperties.js.map’
Warning in utils::tar(filepath, pkgname, compression = compression, compression_level = 9L,  :
  storing paths of more than 100 bytes is not portable:
  ‘neurosurf/inst/htmlwidgets/neurosurface/node_modules/ajv-keywords/src/definitions/uniqueItemProperties.ts’
Warning in utils::tar(filepath, pkgname, compression = compression, compression_level = 9L,  :
  storing paths of more than 100 bytes is not portable:
  ‘neurosurf/inst/htmlwidgets/neurosurface/node_modules/ajv-keywords/src/keywords/uniqueItemProperties.ts’
Warning in utils::tar(filepath, pkgname, compression = compression, compression_level = 9L,  :
  storing paths of more than 100 bytes is not portable:
  ‘neurosurf/inst/htmlwidgets/neurosurface/node_modules/ajv/dist/refs/json-schema-2019-09/meta/applicator.json’
Warning in utils::tar(filepath, pkgname, compression = compression, compression_level = 9L,  :
  storing paths of more than 100 bytes is not portable:
  ‘neurosurf/inst/htmlwidgets/neurosurface/node_modules/ajv/dist/refs/json-schema-2019-09/meta/content.json’
Warning in utils::tar(filepath, pkgname, compression = compression, compression_level = 9L,  :
  storing paths of more than 100 bytes is not portable:
  ‘neurosurf/inst/htmlwidgets/neurosurface/node_modules/ajv/dist/refs/json-schema-2019-09/meta/core.json’
Warning in utils::tar(filepath, pkgname, compression = compression, compression_level = 9L,  :
  storing paths of more than 100 bytes is not portable:
  ‘neurosurf/inst/htmlwidgets/neurosurface/node_modules/ajv/dist/refs/json-schema-2019-09/meta/format.json’
Warning in utils::tar(filepath, pkgname, compression = compression, compression_level = 9L,  :
  storing paths of more than 100 bytes is not portable:
  ‘neurosurf/inst/htmlwidgets/neurosurface/node_modules/ajv/dist/refs/json-schema-2019-09/meta/meta-data.json’
Warning in utils::tar(filepath, pkgname, compression = compression, compression_level = 9L,  :
  storing paths of more than 100 bytes is not portable:
  ‘neurosurf/inst/htmlwidgets/neurosurface/node_modules/ajv/dist/refs/json-schema-2019-09/meta/validation.json’
Warning in utils::tar(filepath, pkgname, compression = compression, compression_level = 9L,  :
  storing paths of more than 100 bytes is not portable:
  ‘neurosurf/inst/htmlwidgets/neurosurface/node_modules/ajv/dist/refs/json-schema-2020-12/meta/applicator.json’
Warning in utils::tar(filepath, pkgname, compression = compression, compression_level = 9L,  :
  storing paths of more than 100 bytes is not portable:
  ‘neurosurf/inst/htmlwidgets/neurosurface/node_modules/ajv/dist/refs/json-schema-2020-12/meta/content.json’
Warning in utils::tar(filepath, pkgname, compression = compression, compression_level = 9L,  :
  storing paths of more than 100 bytes is not portable:
  ‘neurosurf/inst/htmlwidgets/neurosurface/node_modules/ajv/dist/refs/json-schema-2020-12/meta/core.json’
Warning in utils::tar(filepath, pkgname, compression = compression, compression_level = 9L,  :
  storing paths of more than 100 bytes is not portable:
  ‘neurosurf/inst/htmlwidgets/neurosurface/node_modules/ajv/dist/refs/json-schema-2020-12/meta/format-annotation.json’
Warning in utils::tar(filepath, pkgname, compression = compression, compression_level = 9L,  :
  storing paths of more than 100 bytes is not portable:
  ‘neurosurf/inst/htmlwidgets/neurosurface/node_modules/ajv/dist/refs/json-schema-2020-12/meta/meta-data.json’
Warning in utils::tar(filepath, pkgname, compression = compression, compression_level = 9L,  :
  storing paths of more than 100 bytes is not portable:
  ‘neurosurf/inst/htmlwidgets/neurosurface/node_modules/ajv/dist/refs/json-schema-2020-12/meta/unevaluated.json’
Warning in utils::tar(filepath, pkgname, compression = compression, compression_level = 9L,  :
  storing paths of more than 100 bytes is not portable:
  ‘neurosurf/inst/htmlwidgets/neurosurface/node_modules/ajv/dist/refs/json-schema-2020-12/meta/validation.json’
Warning in utils::tar(filepath, pkgname, compression = compression, compression_level = 9L,  :
  storing paths of more than 100 bytes is not portable:
  ‘neurosurf/inst/htmlwidgets/neurosurface/node_modules/ajv/dist/vocabularies/applicator/additionalItems.d.ts’
Warning in utils::tar(filepath, pkgname, compression = compression, compression_level = 9L,  :
  storing paths of more than 100 bytes is not portable:
  ‘neurosurf/inst/htmlwidgets/neurosurface/node_modules/ajv/dist/vocabularies/applicator/additionalItems.js’
Warning in utils::tar(filepath, pkgname, compression = compression, compression_level = 9L,  :
  storing paths of more than 100 bytes is not portable:
  ‘neurosurf/inst/htmlwidgets/neurosurface/node_modules/ajv/dist/vocabularies/applicator/additionalItems.js.map’
Warning in utils::tar(filepath, pkgname, compression = compression, compression_level = 9L,  :
  storing paths of more than 100 bytes is not portable:
  ‘neurosurf/inst/htmlwidgets/neurosurface/node_modules/ajv/dist/vocabularies/applicator/additionalProperties.d.ts’
Warning in utils::tar(filepath, pkgname, compression = compression, compression_level = 9L,  :
  storing paths of more than 100 bytes is not portable:
  ‘neurosurf/inst/htmlwidgets/neurosurface/node_modules/ajv/dist/vocabularies/applicator/additionalProperties.js’
Warning in utils::tar(filepath, pkgname, compression = compression, compression_level = 9L,  :
  storing paths of more than 100 bytes is not portable:
  ‘neurosurf/inst/htmlwidgets/neurosurface/node_modules/ajv/dist/vocabularies/applicator/additionalProperties.js.map’
Warning in utils::tar(filepath, pkgname, compression = compression, compression_level = 9L,  :
  storing paths of more than 100 bytes is not portable:
  ‘neurosurf/inst/htmlwidgets/neurosurface/node_modules/ajv/dist/vocabularies/applicator/contains.js.map’
Warning in utils::tar(filepath, pkgname, compression = compression, compression_level = 9L,  :
  storing paths of more than 100 bytes is not portable:
  ‘neurosurf/inst/htmlwidgets/neurosurface/node_modules/ajv/dist/vocabularies/applicator/dependencies.d.ts’
Warning in utils::tar(filepath, pkgname, compression = compression, compression_level = 9L,  :
  storing paths of more than 100 bytes is not portable:
  ‘neurosurf/inst/htmlwidgets/neurosurface/node_modules/ajv/dist/vocabularies/applicator/dependencies.js’
Warning in utils::tar(filepath, pkgname, compression = compression, compression_level = 9L,  :
  storing paths of more than 100 bytes is not portable:
  ‘neurosurf/inst/htmlwidgets/neurosurface/node_modules/ajv/dist/vocabularies/applicator/dependencies.js.map’
Warning in utils::tar(filepath, pkgname, compression = compression, compression_level = 9L,  :
  storing paths of more than 100 bytes is not portable:
  ‘neurosurf/inst/htmlwidgets/neurosurface/node_modules/ajv/dist/vocabularies/applicator/dependentSchemas.d.ts’
Warning in utils::tar(filepath, pkgname, compression = compression, compression_level = 9L,  :
  storing paths of more than 100 bytes is not portable:
  ‘neurosurf/inst/htmlwidgets/neurosurface/node_modules/ajv/dist/vocabularies/applicator/dependentSchemas.js’
Warning in utils::tar(filepath, pkgname, compression = compression, compression_level = 9L,  :
  storing paths of more than 100 bytes is not portable:
  ‘neurosurf/inst/htmlwidgets/neurosurface/node_modules/ajv/dist/vocabularies/applicator/dependentSchemas.js.map’
Warning in utils::tar(filepath, pkgname, compression = compression, compression_level = 9L,  :
  storing paths of more than 100 bytes is not portable:
  ‘neurosurf/inst/htmlwidgets/neurosurface/node_modules/ajv/dist/vocabularies/applicator/items2020.js.map’
Warning in utils::tar(filepath, pkgname, compression = compression, compression_level = 9L,  :
  storing paths of more than 100 bytes is not portable:
  ‘neurosurf/inst/htmlwidgets/neurosurface/node_modules/ajv/dist/vocabularies/applicator/patternProperties.d.ts’
Warning in utils::tar(filepath, pkgname, compression = compression, compression_level = 9L,  :
  storing paths of more than 100 bytes is not portable:
  ‘neurosurf/inst/htmlwidgets/neurosurface/node_modules/ajv/dist/vocabularies/applicator/patternProperties.js’
Warning in utils::tar(filepath, pkgname, compression = compression, compression_level = 9L,  :
  storing paths of more than 100 bytes is not portable:
  ‘neurosurf/inst/htmlwidgets/neurosurface/node_modules/ajv/dist/vocabularies/applicator/patternProperties.js.map’
Warning in utils::tar(filepath, pkgname, compression = compression, compression_level = 9L,  :
  storing paths of more than 100 bytes is not portable:
  ‘neurosurf/inst/htmlwidgets/neurosurface/node_modules/ajv/dist/vocabularies/applicator/prefixItems.d.ts’
Warning in utils::tar(filepath, pkgname, compression = compression, compression_level = 9L,  :
  storing paths of more than 100 bytes is not portable:
  ‘neurosurf/inst/htmlwidgets/neurosurface/node_modules/ajv/dist/vocabularies/applicator/prefixItems.js.map’
Warning in utils::tar(filepath, pkgname, compression = compression, compression_level = 9L,  :
  storing paths of more than 100 bytes is not portable:
  ‘neurosurf/inst/htmlwidgets/neurosurface/node_modules/ajv/dist/vocabularies/applicator/properties.d.ts’
Warning in utils::tar(filepath, pkgname, compression = compression, compression_level = 9L,  :
  storing paths of more than 100 bytes is not portable:
  ‘neurosurf/inst/htmlwidgets/neurosurface/node_modules/ajv/dist/vocabularies/applicator/properties.js.map’
Warning in utils::tar(filepath, pkgname, compression = compression, compression_level = 9L,  :
  storing paths of more than 100 bytes is not portable:
  ‘neurosurf/inst/htmlwidgets/neurosurface/node_modules/ajv/dist/vocabularies/applicator/propertyNames.d.ts’
Warning in utils::tar(filepath, pkgname, compression = compression, compression_level = 9L,  :
  storing paths of more than 100 bytes is not portable:
  ‘neurosurf/inst/htmlwidgets/neurosurface/node_modules/ajv/dist/vocabularies/applicator/propertyNames.js’
Warning in utils::tar(filepath, pkgname, compression = compression, compression_level = 9L,  :
  storing paths of more than 100 bytes is not portable:
  ‘neurosurf/inst/htmlwidgets/neurosurface/node_modules/ajv/dist/vocabularies/applicator/propertyNames.js.map’
Warning in utils::tar(filepath, pkgname, compression = compression, compression_level = 9L,  :
  storing paths of more than 100 bytes is not portable:
  ‘neurosurf/inst/htmlwidgets/neurosurface/node_modules/ajv/dist/vocabularies/applicator/thenElse.js.map’
Warning in utils::tar(filepath, pkgname, compression = compression, compression_level = 9L,  :
  storing paths of more than 100 bytes is not portable:
  ‘neurosurf/inst/htmlwidgets/neurosurface/node_modules/ajv/dist/vocabularies/discriminator/index.js.map’
Warning in utils::tar(filepath, pkgname, compression = compression, compression_level = 9L,  :
  storing paths of more than 100 bytes is not portable:
  ‘neurosurf/inst/htmlwidgets/neurosurface/node_modules/ajv/dist/vocabularies/discriminator/types.js.map’
Warning in utils::tar(filepath, pkgname, compression = compression, compression_level = 9L,  :
  storing paths of more than 100 bytes is not portable:
  ‘neurosurf/inst/htmlwidgets/neurosurface/node_modules/ajv/dist/vocabularies/dynamic/dynamicAnchor.d.ts’
Warning in utils::tar(filepath, pkgname, compression = compression, compression_level = 9L,  :
  storing paths of more than 100 bytes is not portable:
  ‘neurosurf/inst/htmlwidgets/neurosurface/node_modules/ajv/dist/vocabularies/dynamic/dynamicAnchor.js.map’
Warning in utils::tar(filepath, pkgname, compression = compression, compression_level = 9L,  :
  storing paths of more than 100 bytes is not portable:
  ‘neurosurf/inst/htmlwidgets/neurosurface/node_modules/ajv/dist/vocabularies/dynamic/recursiveAnchor.d.ts’
Warning in utils::tar(filepath, pkgname, compression = compression, compression_level = 9L,  :
  storing paths of more than 100 bytes is not portable:
  ‘neurosurf/inst/htmlwidgets/neurosurface/node_modules/ajv/dist/vocabularies/dynamic/recursiveAnchor.js’
Warning in utils::tar(filepath, pkgname, compression = compression, compression_level = 9L,  :
  storing paths of more than 100 bytes is not portable:
  ‘neurosurf/inst/htmlwidgets/neurosurface/node_modules/ajv/dist/vocabularies/dynamic/recursiveAnchor.js.map’
Warning in utils::tar(filepath, pkgname, compression = compression, compression_level = 9L,  :
  storing paths of more than 100 bytes is not portable:
  ‘neurosurf/inst/htmlwidgets/neurosurface/node_modules/ajv/dist/vocabularies/dynamic/recursiveRef.js.map’
Warning in utils::tar(filepath, pkgname, compression = compression, compression_level = 9L,  :
  storing paths of more than 100 bytes is not portable:
  ‘neurosurf/inst/htmlwidgets/neurosurface/node_modules/ajv/dist/vocabularies/jtd/optionalProperties.d.ts’
Warning in utils::tar(filepath, pkgname, compression = compression, compression_level = 9L,  :
  storing paths of more than 100 bytes is not portable:
  ‘neurosurf/inst/htmlwidgets/neurosurface/node_modules/ajv/dist/vocabularies/jtd/optionalProperties.js.map’
Warning in utils::tar(filepath, pkgname, compression = compression, compression_level = 9L,  :
  storing paths of more than 100 bytes is not portable:
  ‘neurosurf/inst/htmlwidgets/neurosurface/node_modules/ajv/dist/vocabularies/unevaluated/unevaluatedItems.d.ts’
Warning in utils::tar(filepath, pkgname, compression = compression, compression_level = 9L,  :
  storing paths of more than 100 bytes is not portable:
  ‘neurosurf/inst/htmlwidgets/neurosurface/node_modules/ajv/dist/vocabularies/unevaluated/unevaluatedItems.js’
Warning in utils::tar(filepath, pkgname, compression = compression, compression_level = 9L,  :
  storing paths of more than 100 bytes is not portable:
  ‘neurosurf/inst/htmlwidgets/neurosurface/node_modules/ajv/dist/vocabularies/unevaluated/unevaluatedItems.js.map’
Warning in utils::tar(filepath, pkgname, compression = compression, compression_level = 9L,  :
  storing paths of more than 100 bytes is not portable:
  ‘neurosurf/inst/htmlwidgets/neurosurface/node_modules/ajv/dist/vocabularies/unevaluated/unevaluatedProperties.d.ts’
Warning in utils::tar(filepath, pkgname, compression = compression, compression_level = 9L,  :
  storing paths of more than 100 bytes is not portable:
  ‘neurosurf/inst/htmlwidgets/neurosurface/node_modules/ajv/dist/vocabularies/unevaluated/unevaluatedProperties.js’
Warning in utils::tar(filepath, pkgname, compression = compression, compression_level = 9L,  :
  storing paths of more than 100 bytes is not portable:
  ‘neurosurf/inst/htmlwidgets/neurosurface/node_modules/ajv/dist/vocabularies/unevaluated/unevaluatedProperties.js.map’
Warning in utils::tar(filepath, pkgname, compression = compression, compression_level = 9L,  :
  storing paths of more than 100 bytes is not portable:
  ‘neurosurf/inst/htmlwidgets/neurosurface/node_modules/ajv/dist/vocabularies/validation/dependentRequired.d.ts’
Warning in utils::tar(filepath, pkgname, compression = compression, compression_level = 9L,  :
  storing paths of more than 100 bytes is not portable:
  ‘neurosurf/inst/htmlwidgets/neurosurface/node_modules/ajv/dist/vocabularies/validation/dependentRequired.js’
Warning in utils::tar(filepath, pkgname, compression = compression, compression_level = 9L,  :
  storing paths of more than 100 bytes is not portable:
  ‘neurosurf/inst/htmlwidgets/neurosurface/node_modules/ajv/dist/vocabularies/validation/dependentRequired.js.map’
Warning in utils::tar(filepath, pkgname, compression = compression, compression_level = 9L,  :
  storing paths of more than 100 bytes is not portable:
  ‘neurosurf/inst/htmlwidgets/neurosurface/node_modules/ajv/dist/vocabularies/validation/limitContains.d.ts’
Warning in utils::tar(filepath, pkgname, compression = compression, compression_level = 9L,  :
  storing paths of more than 100 bytes is not portable:
  ‘neurosurf/inst/htmlwidgets/neurosurface/node_modules/ajv/dist/vocabularies/validation/limitContains.js’
Warning in utils::tar(filepath, pkgname, compression = compression, compression_level = 9L,  :
  storing paths of more than 100 bytes is not portable:
  ‘neurosurf/inst/htmlwidgets/neurosurface/node_modules/ajv/dist/vocabularies/validation/limitContains.js.map’
Warning in utils::tar(filepath, pkgname, compression = compression, compression_level = 9L,  :
  storing paths of more than 100 bytes is not portable:
  ‘neurosurf/inst/htmlwidgets/neurosurface/node_modules/ajv/dist/vocabularies/validation/limitItems.d.ts’
Warning in utils::tar(filepath, pkgname, compression = compression, compression_level = 9L,  :
  storing paths of more than 100 bytes is not portable:
  ‘neurosurf/inst/htmlwidgets/neurosurface/node_modules/ajv/dist/vocabularies/validation/limitItems.js.map’
Warning in utils::tar(filepath, pkgname, compression = compression, compression_level = 9L,  :
  storing paths of more than 100 bytes is not portable:
  ‘neurosurf/inst/htmlwidgets/neurosurface/node_modules/ajv/dist/vocabularies/validation/limitLength.d.ts’
Warning in utils::tar(filepath, pkgname, compression = compression, compression_level = 9L,  :
  storing paths of more than 100 bytes is not portable:
  ‘neurosurf/inst/htmlwidgets/neurosurface/node_modules/ajv/dist/vocabularies/validation/limitLength.js.map’
Warning in utils::tar(filepath, pkgname, compression = compression, compression_level = 9L,  :
  storing paths of more than 100 bytes is not portable:
  ‘neurosurf/inst/htmlwidgets/neurosurface/node_modules/ajv/dist/vocabularies/validation/limitNumber.d.ts’
Warning in utils::tar(filepath, pkgname, compression = compression, compression_level = 9L,  :
  storing paths of more than 100 bytes is not portable:
  ‘neurosurf/inst/htmlwidgets/neurosurface/node_modules/ajv/dist/vocabularies/validation/limitNumber.js.map’
Warning in utils::tar(filepath, pkgname, compression = compression, compression_level = 9L,  :
  storing paths of more than 100 bytes is not portable:
  ‘neurosurf/inst/htmlwidgets/neurosurface/node_modules/ajv/dist/vocabularies/validation/limitProperties.d.ts’
Warning in utils::tar(filepath, pkgname, compression = compression, compression_level = 9L,  :
  storing paths of more than 100 bytes is not portable:
  ‘neurosurf/inst/htmlwidgets/neurosurface/node_modules/ajv/dist/vocabularies/validation/limitProperties.js’
Warning in utils::tar(filepath, pkgname, compression = compression, compression_level = 9L,  :
  storing paths of more than 100 bytes is not portable:
  ‘neurosurf/inst/htmlwidgets/neurosurface/node_modules/ajv/dist/vocabularies/validation/limitProperties.js.map’
Warning in utils::tar(filepath, pkgname, compression = compression, compression_level = 9L,  :
  storing paths of more than 100 bytes is not portable:
  ‘neurosurf/inst/htmlwidgets/neurosurface/node_modules/ajv/dist/vocabularies/validation/multipleOf.d.ts’
Warning in utils::tar(filepath, pkgname, compression = compression, compression_level = 9L,  :
  storing paths of more than 100 bytes is not portable:
  ‘neurosurf/inst/htmlwidgets/neurosurface/node_modules/ajv/dist/vocabularies/validation/multipleOf.js.map’
Warning in utils::tar(filepath, pkgname, compression = compression, compression_level = 9L,  :
  storing paths of more than 100 bytes is not portable:
  ‘neurosurf/inst/htmlwidgets/neurosurface/node_modules/ajv/dist/vocabularies/validation/required.js.map’
Warning in utils::tar(filepath, pkgname, compression = compression, compression_level = 9L,  :
  storing paths of more than 100 bytes is not portable:
  ‘neurosurf/inst/htmlwidgets/neurosurface/node_modules/ajv/dist/vocabularies/validation/uniqueItems.d.ts’
Warning in utils::tar(filepath, pkgname, compression = compression, compression_level = 9L,  :
  storing paths of more than 100 bytes is not portable:
  ‘neurosurf/inst/htmlwidgets/neurosurface/node_modules/ajv/dist/vocabularies/validation/uniqueItems.js.map’
Warning in utils::tar(filepath, pkgname, compression = compression, compression_level = 9L,  :
  storing paths of more than 100 bytes is not portable:
  ‘neurosurf/inst/htmlwidgets/neurosurface/node_modules/ajv/lib/refs/json-schema-2019-09/meta/applicator.json’
Warning in utils::tar(filepath, pkgname, compression = compression, compression_level = 9L,  :
  storing paths of more than 100 bytes is not portable:
  ‘neurosurf/inst/htmlwidgets/neurosurface/node_modules/ajv/lib/refs/json-schema-2019-09/meta/content.json’
Warning in utils::tar(filepath, pkgname, compression = compression, compression_level = 9L,  :
  storing paths of more than 100 bytes is not portable:
  ‘neurosurf/inst/htmlwidgets/neurosurface/node_modules/ajv/lib/refs/json-schema-2019-09/meta/format.json’
Warning in utils::tar(filepath, pkgname, compression = compression, compression_level = 9L,  :
  storing paths of more than 100 bytes is not portable:
  ‘neurosurf/inst/htmlwidgets/neurosurface/node_modules/ajv/lib/refs/json-schema-2019-09/meta/meta-data.json’
Warning in utils::tar(filepath, pkgname, compression = compression, compression_level = 9L,  :
  storing paths of more than 100 bytes is not portable:
  ‘neurosurf/inst/htmlwidgets/neurosurface/node_modules/ajv/lib/refs/json-schema-2019-09/meta/validation.json’
Warning in utils::tar(filepath, pkgname, compression = compression, compression_level = 9L,  :
  storing paths of more than 100 bytes is not portable:
  ‘neurosurf/inst/htmlwidgets/neurosurface/node_modules/ajv/lib/refs/json-schema-2020-12/meta/applicator.json’
Warning in utils::tar(filepath, pkgname, compression = compression, compression_level = 9L,  :
  storing paths of more than 100 bytes is not portable:
  ‘neurosurf/inst/htmlwidgets/neurosurface/node_modules/ajv/lib/refs/json-schema-2020-12/meta/content.json’
Warning in utils::tar(filepath, pkgname, compression = compression, compression_level = 9L,  :
  storing paths of more than 100 bytes is not portable:
  ‘neurosurf/inst/htmlwidgets/neurosurface/node_modules/ajv/lib/refs/json-schema-2020-12/meta/format-annotation.json’
Warning in utils::tar(filepath, pkgname, compression = compression, compression_level = 9L,  :
  storing paths of more than 100 bytes is not portable:
  ‘neurosurf/inst/htmlwidgets/neurosurface/node_modules/ajv/lib/refs/json-schema-2020-12/meta/meta-data.json’
Warning in utils::tar(filepath, pkgname, compression = compression, compression_level = 9L,  :
  storing paths of more than 100 bytes is not portable:
  ‘neurosurf/inst/htmlwidgets/neurosurface/node_modules/ajv/lib/refs/json-schema-2020-12/meta/unevaluated.json’
Warning in utils::tar(filepath, pkgname, compression = compression, compression_level = 9L,  :
  storing paths of more than 100 bytes is not portable:
  ‘neurosurf/inst/htmlwidgets/neurosurface/node_modules/ajv/lib/refs/json-schema-2020-12/meta/validation.json’
Warning in utils::tar(filepath, pkgname, compression = compression, compression_level = 9L,  :
  storing paths of more than 100 bytes is not portable:
  ‘neurosurf/inst/htmlwidgets/neurosurface/node_modules/ajv/lib/vocabularies/applicator/additionalItems.ts’
Warning in utils::tar(filepath, pkgname, compression = compression, compression_level = 9L,  :
  storing paths of more than 100 bytes is not portable:
  ‘neurosurf/inst/htmlwidgets/neurosurface/node_modules/ajv/lib/vocabularies/applicator/additionalProperties.ts’
Warning in utils::tar(filepath, pkgname, compression = compression, compression_level = 9L,  :
  storing paths of more than 100 bytes is not portable:
  ‘neurosurf/inst/htmlwidgets/neurosurface/node_modules/ajv/lib/vocabularies/applicator/dependentSchemas.ts’
Warning in utils::tar(filepath, pkgname, compression = compression, compression_level = 9L,  :
  storing paths of more than 100 bytes is not portable:
  ‘neurosurf/inst/htmlwidgets/neurosurface/node_modules/ajv/lib/vocabularies/applicator/patternProperties.ts’
Warning in utils::tar(filepath, pkgname, compression = compression, compression_level = 9L,  :
  storing paths of more than 100 bytes is not portable:
  ‘neurosurf/inst/htmlwidgets/neurosurface/node_modules/ajv/lib/vocabularies/applicator/propertyNames.ts’
Warning in utils::tar(filepath, pkgname, compression = compression, compression_level = 9L,  :
  storing paths of more than 100 bytes is not portable:
  ‘neurosurf/inst/htmlwidgets/neurosurface/node_modules/ajv/lib/vocabularies/unevaluated/unevaluatedItems.ts’
Warning in utils::tar(filepath, pkgname, compression = compression, compression_level = 9L,  :
  storing paths of more than 100 bytes is not portable:
  ‘neurosurf/inst/htmlwidgets/neurosurface/node_modules/ajv/lib/vocabularies/unevaluated/unevaluatedProperties.ts’
Warning in utils::tar(filepath, pkgname, compression = compression, compression_level = 9L,  :
  storing paths of more than 100 bytes is not portable:
  ‘neurosurf/inst/htmlwidgets/neurosurface/node_modules/ajv/lib/vocabularies/validation/dependentRequired.ts’
Warning in utils::tar(filepath, pkgname, compression = compression, compression_level = 9L,  :
  storing paths of more than 100 bytes is not portable:
  ‘neurosurf/inst/htmlwidgets/neurosurface/node_modules/ajv/lib/vocabularies/validation/limitContains.ts’
Warning in utils::tar(filepath, pkgname, compression = compression, compression_level = 9L,  :
  storing paths of more than 100 bytes is not portable:
  ‘neurosurf/inst/htmlwidgets/neurosurface/node_modules/ajv/lib/vocabularies/validation/limitProperties.ts’
Warning in utils::tar(filepath, pkgname, compression = compression, compression_level = 9L,  :
  storing paths of more than 100 bytes is not portable:
  ‘neurosurf/inst/htmlwidgets/neurosurface/node_modules/anymatch/node_modules/braces/node_modules/extend-shallow/’
Warning in utils::tar(filepath, pkgname, compression = compression, compression_level = 9L,  :
  storing paths of more than 100 bytes is not portable:
  ‘neurosurf/inst/htmlwidgets/neurosurface/node_modules/anymatch/node_modules/braces/node_modules/extend-shallow/LICENSE’
Warning in utils::tar(filepath, pkgname, compression = compression, compression_level = 9L,  :
  storing paths of more than 100 bytes is not portable:
  ‘neurosurf/inst/htmlwidgets/neurosurface/node_modules/anymatch/node_modules/braces/node_modules/extend-shallow/README.md’
Warning in utils::tar(filepath, pkgname, compression = compression, compression_level = 9L,  :
  storing paths of more than 100 bytes is not portable:
  ‘neurosurf/inst/htmlwidgets/neurosurface/node_modules/anymatch/node_modules/braces/node_modules/extend-shallow/index.js’
Warning in utils::tar(filepath, pkgname, compression = compression, compression_level = 9L,  :
  storing paths of more than 100 bytes is not portable:
  ‘neurosurf/inst/htmlwidgets/neurosurface/node_modules/anymatch/node_modules/braces/node_modules/extend-shallow/package.json’
Warning in utils::tar(filepath, pkgname, compression = compression, compression_level = 9L,  :
  storing paths of more than 100 bytes is not portable:
  ‘neurosurf/inst/htmlwidgets/neurosurface/node_modules/anymatch/node_modules/fill-range/node_modules/extend-shallow/’
Warning in utils::tar(filepath, pkgname, compression = compression, compression_level = 9L,  :
  storing paths of more than 100 bytes is not portable:
  ‘neurosurf/inst/htmlwidgets/neurosurface/node_modules/anymatch/node_modules/fill-range/node_modules/extend-shallow/LICENSE’
Warning in utils::tar(filepath, pkgname, compression = compression, compression_level = 9L,  :
  storing paths of more than 100 bytes is not portable:
  ‘neurosurf/inst/htmlwidgets/neurosurface/node_modules/anymatch/node_modules/fill-range/node_modules/extend-shallow/README.md’
Warning in utils::tar(filepath, pkgname, compression = compression, compression_level = 9L,  :
  storing paths of more than 100 bytes is not portable:
  ‘neurosurf/inst/htmlwidgets/neurosurface/node_modules/anymatch/node_modules/fill-range/node_modules/extend-shallow/index.js’
Warning in utils::tar(filepath, pkgname, compression = compression, compression_level = 9L,  :
  storing paths of more than 100 bytes is not portable:
  ‘neurosurf/inst/htmlwidgets/neurosurface/node_modules/anymatch/node_modules/fill-range/node_modules/extend-shallow/package.json’
Warning in utils::tar(filepath, pkgname, compression = compression, compression_level = 9L,  :
  storing paths of more than 100 bytes is not portable:
  ‘neurosurf/inst/htmlwidgets/neurosurface/node_modules/anymatch/node_modules/is-extendable/package.json’
Warning in utils::tar(filepath, pkgname, compression = compression, compression_level = 9L,  :
  storing paths of more than 100 bytes is not portable:
  ‘neurosurf/inst/htmlwidgets/neurosurface/node_modules/anymatch/node_modules/is-number/node_modules/kind-of/’
Warning in utils::tar(filepath, pkgname, compression = compression, compression_level = 9L,  :
  storing paths of more than 100 bytes is not portable:
  ‘neurosurf/inst/htmlwidgets/neurosurface/node_modules/anymatch/node_modules/is-number/node_modules/kind-of/LICENSE’
Warning in utils::tar(filepath, pkgname, compression = compression, compression_level = 9L,  :
  storing paths of more than 100 bytes is not portable:
  ‘neurosurf/inst/htmlwidgets/neurosurface/node_modules/anymatch/node_modules/is-number/node_modules/kind-of/README.md’
Warning in utils::tar(filepath, pkgname, compression = compression, compression_level = 9L,  :
  storing paths of more than 100 bytes is not portable:
  ‘neurosurf/inst/htmlwidgets/neurosurface/node_modules/anymatch/node_modules/is-number/node_modules/kind-of/index.js’
Warning in utils::tar(filepath, pkgname, compression = compression, compression_level = 9L,  :
  storing paths of more than 100 bytes is not portable:
  ‘neurosurf/inst/htmlwidgets/neurosurface/node_modules/anymatch/node_modules/is-number/node_modules/kind-of/package.json’
Warning in utils::tar(filepath, pkgname, compression = compression, compression_level = 9L,  :
  storing paths of more than 100 bytes is not portable:
  ‘neurosurf/inst/htmlwidgets/neurosurface/node_modules/anymatch/node_modules/micromatch/lib/compilers.js’
Warning in utils::tar(filepath, pkgname, compression = compression, compression_level = 9L,  :
  storing paths of more than 100 bytes is not portable:
  ‘neurosurf/inst/htmlwidgets/neurosurface/node_modules/anymatch/node_modules/normalize-path/package.json’
Warning in utils::tar(filepath, pkgname, compression = compression, compression_level = 9L,  :
  storing paths of more than 100 bytes is not portable:
  ‘neurosurf/inst/htmlwidgets/neurosurface/node_modules/anymatch/node_modules/to-regex-range/package.json’
Warning in utils::tar(filepath, pkgname, compression = compression, compression_level = 9L,  :
  storing paths of more than 100 bytes is not portable:
  ‘neurosurf/inst/htmlwidgets/neurosurface/node_modules/array-initial/node_modules/is-number/package.json’
Warning in utils::tar(filepath, pkgname, compression = compression, compression_level = 9L,  :
  storing paths of more than 100 bytes is not portable:
  ‘neurosurf/inst/htmlwidgets/neurosurface/node_modules/caniuse-lite/data/features/alternate-stylesheet.js’
Warning in utils::tar(filepath, pkgname, compression = compression, compression_level = 9L,  :
  storing paths of more than 100 bytes is not portable:
  ‘neurosurf/inst/htmlwidgets/neurosurface/node_modules/caniuse-lite/data/features/background-attachment.js’
Warning in utils::tar(filepath, pkgname, compression = compression, compression_level = 9L,  :
  storing paths of more than 100 bytes is not portable:
  ‘neurosurf/inst/htmlwidgets/neurosurface/node_modules/caniuse-lite/data/features/background-clip-text.js’
Warning in utils::tar(filepath, pkgname, compression = compression, compression_level = 9L,  :
  storing paths of more than 100 bytes is not portable:
  ‘neurosurf/inst/htmlwidgets/neurosurface/node_modules/caniuse-lite/data/features/background-img-opts.js’
Warning in utils::tar(filepath, pkgname, compression = compression, compression_level = 9L,  :
  storing paths of more than 100 bytes is not portable:
  ‘neurosurf/inst/htmlwidgets/neurosurface/node_modules/caniuse-lite/data/features/background-position-x-y.js’
Warning in utils::tar(filepath, pkgname, compression = compression, compression_level = 9L,  :
  storing paths of more than 100 bytes is not portable:
  ‘neurosurf/inst/htmlwidgets/neurosurface/node_modules/caniuse-lite/data/features/background-repeat-round-space.js’
Warning in utils::tar(filepath, pkgname, compression = compression, compression_level = 9L,  :
  storing paths of more than 100 bytes is not portable:
  ‘neurosurf/inst/htmlwidgets/neurosurface/node_modules/caniuse-lite/data/features/client-hints-dpr-width-viewport.js’
Warning in utils::tar(filepath, pkgname, compression = compression, compression_level = 9L,  :
  storing paths of more than 100 bytes is not portable:
  ‘neurosurf/inst/htmlwidgets/neurosurface/node_modules/caniuse-lite/data/features/comparedocumentposition.js’
Warning in utils::tar(filepath, pkgname, compression = compression, compression_level = 9L,  :
  storing paths of more than 100 bytes is not portable:
  ‘neurosurf/inst/htmlwidgets/neurosurface/node_modules/caniuse-lite/data/features/constraint-validation.js’
Warning in utils::tar(filepath, pkgname, compression = compression, compression_level = 9L,  :
  storing paths of more than 100 bytes is not portable:
  ‘neurosurf/inst/htmlwidgets/neurosurface/node_modules/caniuse-lite/data/features/contentsecuritypolicy.js’
Warning in utils::tar(filepath, pkgname, compression = compression, compression_level = 9L,  :
  storing paths of more than 100 bytes is not portable:
  ‘neurosurf/inst/htmlwidgets/neurosurface/node_modules/caniuse-lite/data/features/contentsecuritypolicy2.js’
Warning in utils::tar(filepath, pkgname, compression = compression, compression_level = 9L,  :
  storing paths of more than 100 bytes is not portable:
  ‘neurosurf/inst/htmlwidgets/neurosurface/node_modules/caniuse-lite/data/features/credential-management.js’
Warning in utils::tar(filepath, pkgname, compression = compression, compression_level = 9L,  :
  storing paths of more than 100 bytes is not portable:
  ‘neurosurf/inst/htmlwidgets/neurosurface/node_modules/caniuse-lite/data/features/cross-document-view-transitions.js’
Warning in utils::tar(filepath, pkgname, compression = compression, compression_level = 9L,  :
  storing paths of more than 100 bytes is not portable:
  ‘neurosurf/inst/htmlwidgets/neurosurface/node_modules/caniuse-lite/data/features/css-anchor-positioning.js’
Warning in utils::tar(filepath, pkgname, compression = compression, compression_level = 9L,  :
  storing paths of more than 100 bytes is not portable:
  ‘neurosurf/inst/htmlwidgets/neurosurface/node_modules/caniuse-lite/data/features/css-at-counter-style.js’
Warning in utils::tar(filepath, pkgname, compression = compression, compression_level = 9L,  :
  storing paths of more than 100 bytes is not portable:
  ‘neurosurf/inst/htmlwidgets/neurosurface/node_modules/caniuse-lite/data/features/css-backdrop-filter.js’
Warning in utils::tar(filepath, pkgname, compression = compression, compression_level = 9L,  :
  storing paths of more than 100 bytes is not portable:
  ‘neurosurf/inst/htmlwidgets/neurosurface/node_modules/caniuse-lite/data/features/css-background-offsets.js’
Warning in utils::tar(filepath, pkgname, compression = compression, compression_level = 9L,  :
  storing paths of more than 100 bytes is not portable:
  ‘neurosurf/inst/htmlwidgets/neurosurface/node_modules/caniuse-lite/data/features/css-backgroundblendmode.js’
Warning in utils::tar(filepath, pkgname, compression = compression, compression_level = 9L,  :
  storing paths of more than 100 bytes is not portable:
  ‘neurosurf/inst/htmlwidgets/neurosurface/node_modules/caniuse-lite/data/features/css-boxdecorationbreak.js’
Warning in utils::tar(filepath, pkgname, compression = compression, compression_level = 9L,  :
  storing paths of more than 100 bytes is not portable:
  ‘neurosurf/inst/htmlwidgets/neurosurface/node_modules/caniuse-lite/data/features/css-cascade-layers.js’
Warning in utils::tar(filepath, pkgname, compression = compression, compression_level = 9L,  :
  storing paths of more than 100 bytes is not portable:
  ‘neurosurf/inst/htmlwidgets/neurosurface/node_modules/caniuse-lite/data/features/css-case-insensitive.js’
Warning in utils::tar(filepath, pkgname, compression = compression, compression_level = 9L,  :
  storing paths of more than 100 bytes is not portable:
  ‘neurosurf/inst/htmlwidgets/neurosurface/node_modules/caniuse-lite/data/features/css-color-function.js’
Warning in utils::tar(filepath, pkgname, compression = compression, compression_level = 9L,  :
  storing paths of more than 100 bytes is not portable:
  ‘neurosurf/inst/htmlwidgets/neurosurface/node_modules/caniuse-lite/data/features/css-conic-gradients.js’
Warning in utils::tar(filepath, pkgname, compression = compression, compression_level = 9L,  :
  storing paths of more than 100 bytes is not portable:
  ‘neurosurf/inst/htmlwidgets/neurosurface/node_modules/caniuse-lite/data/features/css-container-queries-style.js’
Warning in utils::tar(filepath, pkgname, compression = compression, compression_level = 9L,  :
  storing paths of more than 100 bytes is not portable:
  ‘neurosurf/inst/htmlwidgets/neurosurface/node_modules/caniuse-lite/data/features/css-container-queries.js’
Warning in utils::tar(filepath, pkgname, compression = compression, compression_level = 9L,  :
  storing paths of more than 100 bytes is not portable:
  ‘neurosurf/inst/htmlwidgets/neurosurface/node_modules/caniuse-lite/data/features/css-container-query-units.js’
Warning in utils::tar(filepath, pkgname, compression = compression, compression_level = 9L,  :
  storing paths of more than 100 bytes is not portable:
  ‘neurosurf/inst/htmlwidgets/neurosurface/node_modules/caniuse-lite/data/features/css-content-visibility.js’
Warning in utils::tar(filepath, pkgname, compression = compression, compression_level = 9L,  :
  storing paths of more than 100 bytes is not portable:
  ‘neurosurf/inst/htmlwidgets/neurosurface/node_modules/caniuse-lite/data/features/css-default-pseudo.js’
Warning in utils::tar(filepath, pkgname, compression = compression, compression_level = 9L,  :
  storing paths of more than 100 bytes is not portable:
  ‘neurosurf/inst/htmlwidgets/neurosurface/node_modules/caniuse-lite/data/features/css-descendant-gtgt.js’
Warning in utils::tar(filepath, pkgname, compression = compression, compression_level = 9L,  :
  storing paths of more than 100 bytes is not portable:
  ‘neurosurf/inst/htmlwidgets/neurosurface/node_modules/caniuse-lite/data/features/css-deviceadaptation.js’
Warning in utils::tar(filepath, pkgname, compression = compression, compression_level = 9L,  :
  storing paths of more than 100 bytes is not portable:
  ‘neurosurf/inst/htmlwidgets/neurosurface/node_modules/caniuse-lite/data/features/css-display-contents.js’
Warning in utils::tar(filepath, pkgname, compression = compression, compression_level = 9L,  :
  storing paths of more than 100 bytes is not portable:
  ‘neurosurf/inst/htmlwidgets/neurosurface/node_modules/caniuse-lite/data/features/css-element-function.js’
Warning in utils::tar(filepath, pkgname, compression = compression, compression_level = 9L,  :
  storing paths of more than 100 bytes is not portable:
  ‘neurosurf/inst/htmlwidgets/neurosurface/node_modules/caniuse-lite/data/features/css-featurequeries.js’
Warning in utils::tar(filepath, pkgname, compression = compression, compression_level = 9L,  :
  storing paths of more than 100 bytes is not portable:
  ‘neurosurf/inst/htmlwidgets/neurosurface/node_modules/caniuse-lite/data/features/css-file-selector-button.js’
Warning in utils::tar(filepath, pkgname, compression = compression, compression_level = 9L,  :
  storing paths of more than 100 bytes is not portable:
  ‘neurosurf/inst/htmlwidgets/neurosurface/node_modules/caniuse-lite/data/features/css-filter-function.js’
Warning in utils::tar(filepath, pkgname, compression = compression, compression_level = 9L,  :
  storing paths of more than 100 bytes is not portable:
  ‘neurosurf/inst/htmlwidgets/neurosurface/node_modules/caniuse-lite/data/features/css-font-rendering-controls.js’
Warning in utils::tar(filepath, pkgname, compression = compression, compression_level = 9L,  :
  storing paths of more than 100 bytes is not portable:
  ‘neurosurf/inst/htmlwidgets/neurosurface/node_modules/caniuse-lite/data/features/css-grid-animation.js’
Warning in utils::tar(filepath, pkgname, compression = compression, compression_level = 9L,  :
  storing paths of more than 100 bytes is not portable:
  ‘neurosurf/inst/htmlwidgets/neurosurface/node_modules/caniuse-lite/data/features/css-hanging-punctuation.js’
Warning in utils::tar(filepath, pkgname, compression = compression, compression_level = 9L,  :
  storing paths of more than 100 bytes is not portable:
  ‘neurosurf/inst/htmlwidgets/neurosurface/node_modules/caniuse-lite/data/features/css-image-orientation.js’
Warning in utils::tar(filepath, pkgname, compression = compression, compression_level = 9L,  :
  storing paths of more than 100 bytes is not portable:
  ‘neurosurf/inst/htmlwidgets/neurosurface/node_modules/caniuse-lite/data/features/css-in-out-of-range.js’
Warning in utils::tar(filepath, pkgname, compression = compression, compression_level = 9L,  :
  storing paths of more than 100 bytes is not portable:
  ‘neurosurf/inst/htmlwidgets/neurosurface/node_modules/caniuse-lite/data/features/css-indeterminate-pseudo.js’
Warning in utils::tar(filepath, pkgname, compression = compression, compression_level = 9L,  :
  storing paths of more than 100 bytes is not portable:
  ‘neurosurf/inst/htmlwidgets/neurosurface/node_modules/caniuse-lite/data/features/css-initial-letter.js’
Warning in utils::tar(filepath, pkgname, compression = compression, compression_level = 9L,  :
  storing paths of more than 100 bytes is not portable:
  ‘neurosurf/inst/htmlwidgets/neurosurface/node_modules/caniuse-lite/data/features/css-letter-spacing.js’
Warning in utils::tar(filepath, pkgname, compression = compression, compression_level = 9L,  :
  storing paths of more than 100 bytes is not portable:
  ‘neurosurf/inst/htmlwidgets/neurosurface/node_modules/caniuse-lite/data/features/css-matches-pseudo.js’
Warning in utils::tar(filepath, pkgname, compression = compression, compression_level = 9L,  :
  storing paths of more than 100 bytes is not portable:
  ‘neurosurf/inst/htmlwidgets/neurosurface/node_modules/caniuse-lite/data/features/css-math-functions.js’
Warning in utils::tar(filepath, pkgname, compression = compression, compression_level = 9L,  :
  storing paths of more than 100 bytes is not portable:
  ‘neurosurf/inst/htmlwidgets/neurosurface/node_modules/caniuse-lite/data/features/css-media-interaction.js’
Warning in utils::tar(filepath, pkgname, compression = compression, compression_level = 9L,  :
  storing paths of more than 100 bytes is not portable:
  ‘neurosurf/inst/htmlwidgets/neurosurface/node_modules/caniuse-lite/data/features/css-media-range-syntax.js’
Warning in utils::tar(filepath, pkgname, compression = compression, compression_level = 9L,  :
  storing paths of more than 100 bytes is not portable:
  ‘neurosurf/inst/htmlwidgets/neurosurface/node_modules/caniuse-lite/data/features/css-media-resolution.js’
Warning in utils::tar(filepath, pkgname, compression = compression, compression_level = 9L,  :
  storing paths of more than 100 bytes is not portable:
  ‘neurosurf/inst/htmlwidgets/neurosurface/node_modules/caniuse-lite/data/features/css-media-scripting.js’
Warning in utils::tar(filepath, pkgname, compression = compression, compression_level = 9L,  :
  storing paths of more than 100 bytes is not portable:
  ‘neurosurf/inst/htmlwidgets/neurosurface/node_modules/caniuse-lite/data/features/css-module-scripts.js’
Warning in utils::tar(filepath, pkgname, compression = compression, compression_level = 9L,  :
  storing paths of more than 100 bytes is not portable:
  ‘neurosurf/inst/htmlwidgets/neurosurface/node_modules/caniuse-lite/data/features/css-optional-pseudo.js’
Warning in utils::tar(filepath, pkgname, compression = compression, compression_level = 9L,  :
  storing paths of more than 100 bytes is not portable:
  ‘neurosurf/inst/htmlwidgets/neurosurface/node_modules/caniuse-lite/data/features/css-overflow-anchor.js’
Warning in utils::tar(filepath, pkgname, compression = compression, compression_level = 9L,  :
  storing paths of more than 100 bytes is not portable:
  ‘neurosurf/inst/htmlwidgets/neurosurface/node_modules/caniuse-lite/data/features/css-overflow-overlay.js’
Warning in utils::tar(filepath, pkgname, compression = compression, compression_level = 9L,  :
  storing paths of more than 100 bytes is not portable:
  ‘neurosurf/inst/htmlwidgets/neurosurface/node_modules/caniuse-lite/data/features/css-overscroll-behavior.js’
Warning in utils::tar(filepath, pkgname, compression = compression, compression_level = 9L,  :
  storing paths of more than 100 bytes is not portable:
  ‘neurosurf/inst/htmlwidgets/neurosurface/node_modules/caniuse-lite/data/features/css-placeholder-shown.js’
Warning in utils::tar(filepath, pkgname, compression = compression, compression_level = 9L,  :
  storing paths of more than 100 bytes is not portable:
  ‘neurosurf/inst/htmlwidgets/neurosurface/node_modules/caniuse-lite/data/features/css-print-color-adjust.js’
Warning in utils::tar(filepath, pkgname, compression = compression, compression_level = 9L,  :
  storing paths of more than 100 bytes is not portable:
  ‘neurosurf/inst/htmlwidgets/neurosurface/node_modules/caniuse-lite/data/features/css-read-only-write.js’
Warning in utils::tar(filepath, pkgname, compression = compression, compression_level = 9L,  :
  storing paths of more than 100 bytes is not portable:
  ‘neurosurf/inst/htmlwidgets/neurosurface/node_modules/caniuse-lite/data/features/css-relative-colors.js’
Warning in utils::tar(filepath, pkgname, compression = compression, compression_level = 9L,  :
  storing paths of more than 100 bytes is not portable:
  ‘neurosurf/inst/htmlwidgets/neurosurface/node_modules/caniuse-lite/data/features/css-repeating-gradients.js’
Warning in utils::tar(filepath, pkgname, compression = compression, compression_level = 9L,  :
  storing paths of more than 100 bytes is not portable:
  ‘neurosurf/inst/htmlwidgets/neurosurface/node_modules/caniuse-lite/data/features/css-scroll-behavior.js’
Warning in utils::tar(filepath, pkgname, compression = compression, compression_level = 9L,  :
  storing paths of more than 100 bytes is not portable:
  ‘neurosurf/inst/htmlwidgets/neurosurface/node_modules/caniuse-lite/data/features/css-text-align-last.js’
Warning in utils::tar(filepath, pkgname, compression = compression, compression_level = 9L,  :
  storing paths of more than 100 bytes is not portable:
  ‘neurosurf/inst/htmlwidgets/neurosurface/node_modules/caniuse-lite/data/features/css-text-orientation.js’
Warning in utils::tar(filepath, pkgname, compression = compression, compression_level = 9L,  :
  storing paths of more than 100 bytes is not portable:
  ‘neurosurf/inst/htmlwidgets/neurosurface/node_modules/caniuse-lite/data/features/css-text-wrap-balance.js’
Warning in utils::tar(filepath, pkgname, compression = compression, compression_level = 9L,  :
  storing paths of more than 100 bytes is not portable:
  ‘neurosurf/inst/htmlwidgets/neurosurface/node_modules/caniuse-lite/data/features/css-widows-orphans.js’
Warning in utils::tar(filepath, pkgname, compression = compression, compression_level = 9L,  :
  storing paths of more than 100 bytes is not portable:
  ‘neurosurf/inst/htmlwidgets/neurosurface/node_modules/caniuse-lite/data/features/css3-cursors-newer.js’
Warning in utils::tar(filepath, pkgname, compression = compression, compression_level = 9L,  :
  storing paths of more than 100 bytes is not portable:
  ‘neurosurf/inst/htmlwidgets/neurosurface/node_modules/caniuse-lite/data/features/date-tolocaledatestring.js’
Warning in utils::tar(filepath, pkgname, compression = compression, compression_level = 9L,  :
  storing paths of more than 100 bytes is not portable:
  ‘neurosurf/inst/htmlwidgets/neurosurface/node_modules/caniuse-lite/data/features/declarative-shadow-dom.js’
Warning in utils::tar(filepath, pkgname, compression = compression, compression_level = 9L,  :
  storing paths of more than 100 bytes is not portable:
  ‘neurosurf/inst/htmlwidgets/neurosurface/node_modules/caniuse-lite/data/features/document-currentscript.js’
Warning in utils::tar(filepath, pkgname, compression = compression, compression_level = 9L,  :
  storing paths of more than 100 bytes is not portable:
  ‘neurosurf/inst/htmlwidgets/neurosurface/node_modules/caniuse-lite/data/features/document-evaluate-xpath.js’
Warning in utils::tar(filepath, pkgname, compression = compression, compression_level = 9L,  :
  storing paths of more than 100 bytes is not portable:
  ‘neurosurf/inst/htmlwidgets/neurosurface/node_modules/caniuse-lite/data/features/document-execcommand.js’
Warning in utils::tar(filepath, pkgname, compression = compression, compression_level = 9L,  :
  storing paths of more than 100 bytes is not portable:
  ‘neurosurf/inst/htmlwidgets/neurosurface/node_modules/caniuse-lite/data/features/document-scrollingelement.js’
Warning in utils::tar(filepath, pkgname, compression = compression, compression_level = 9L,  :
  storing paths of more than 100 bytes is not portable:
  ‘neurosurf/inst/htmlwidgets/neurosurface/node_modules/caniuse-lite/data/features/dom-manip-convenience.js’
Warning in utils::tar(filepath, pkgname, compression = compression, compression_level = 9L,  :
  storing paths of more than 100 bytes is not portable:
  ‘neurosurf/inst/htmlwidgets/neurosurface/node_modules/caniuse-lite/data/features/element-from-point.js’
Warning in utils::tar(filepath, pkgname, compression = compression, compression_level = 9L,  :
  storing paths of more than 100 bytes is not portable:
  ‘neurosurf/inst/htmlwidgets/neurosurface/node_modules/caniuse-lite/data/features/element-scroll-methods.js’
Warning in utils::tar(filepath, pkgname, compression = compression, compression_level = 9L,  :
  storing paths of more than 100 bytes is not portable:
  ‘neurosurf/inst/htmlwidgets/neurosurface/node_modules/caniuse-lite/data/features/es6-module-dynamic-import.js’
Warning in utils::tar(filepath, pkgname, compression = compression, compression_level = 9L,  :
  storing paths of more than 100 bytes is not portable:
  ‘neurosurf/inst/htmlwidgets/neurosurface/node_modules/caniuse-lite/data/features/es6-string-includes.js’
Warning in utils::tar(filepath, pkgname, compression = compression, compression_level = 9L,  :
  storing paths of more than 100 bytes is not portable:
  ‘neurosurf/inst/htmlwidgets/neurosurface/node_modules/caniuse-lite/data/features/extended-system-fonts.js’
Warning in utils::tar(filepath, pkgname, compression = compression, compression_level = 9L,  :
  storing paths of more than 100 bytes is not portable:
  ‘neurosurf/inst/htmlwidgets/neurosurface/node_modules/caniuse-lite/data/features/focusin-focusout-events.js’
Warning in utils::tar(filepath, pkgname, compression = compression, compression_level = 9L,  :
  storing paths of more than 100 bytes is not portable:
  ‘neurosurf/inst/htmlwidgets/neurosurface/node_modules/caniuse-lite/data/features/font-family-system-ui.js’
Warning in utils::tar(filepath, pkgname, compression = compression, compression_level = 9L,  :
  storing paths of more than 100 bytes is not portable:
  ‘neurosurf/inst/htmlwidgets/neurosurface/node_modules/caniuse-lite/data/features/font-unicode-range.js’
Warning in utils::tar(filepath, pkgname, compression = compression, compression_level = 9L,  :
  storing paths of more than 100 bytes is not portable:
  ‘neurosurf/inst/htmlwidgets/neurosurface/node_modules/caniuse-lite/data/features/font-variant-alternates.js’
Warning in utils::tar(filepath, pkgname, compression = compression, compression_level = 9L,  :
  storing paths of more than 100 bytes is not portable:
  ‘neurosurf/inst/htmlwidgets/neurosurface/node_modules/caniuse-lite/data/features/font-variant-numeric.js’
Warning in utils::tar(filepath, pkgname, compression = compression, compression_level = 9L,  :
  storing paths of more than 100 bytes is not portable:
  ‘neurosurf/inst/htmlwidgets/neurosurface/node_modules/caniuse-lite/data/features/form-submit-attributes.js’
Warning in utils::tar(filepath, pkgname, compression = compression, compression_level = 9L,  :
  storing paths of more than 100 bytes is not portable:
  ‘neurosurf/inst/htmlwidgets/neurosurface/node_modules/caniuse-lite/data/features/getboundingclientrect.js’
Warning in utils::tar(filepath, pkgname, compression = compression, compression_level = 9L,  :
  storing paths of more than 100 bytes is not portable:
  ‘neurosurf/inst/htmlwidgets/neurosurface/node_modules/caniuse-lite/data/features/getelementsbyclassname.js’
Warning in utils::tar(filepath, pkgname, compression = compression, compression_level = 9L,  :
  storing paths of more than 100 bytes is not portable:
  ‘neurosurf/inst/htmlwidgets/neurosurface/node_modules/caniuse-lite/data/features/hardwareconcurrency.js’
Warning in utils::tar(filepath, pkgname, compression = compression, compression_level = 9L,  :
  storing paths of more than 100 bytes is not portable:
  ‘neurosurf/inst/htmlwidgets/neurosurface/node_modules/caniuse-lite/data/features/high-resolution-time.js’
Warning in utils::tar(filepath, pkgname, compression = compression, compression_level = 9L,  :
  storing paths of more than 100 bytes is not portable:
  ‘neurosurf/inst/htmlwidgets/neurosurface/node_modules/caniuse-lite/data/features/html-media-capture.js’
Warning in utils::tar(filepath, pkgname, compression = compression, compression_level = 9L,  :
  storing paths of more than 100 bytes is not portable:
  ‘neurosurf/inst/htmlwidgets/neurosurface/node_modules/caniuse-lite/data/features/http-live-streaming.js’
Warning in utils::tar(filepath, pkgname, compression = compression, compression_level = 9L,  :
  storing paths of more than 100 bytes is not portable:
  ‘neurosurf/inst/htmlwidgets/neurosurface/node_modules/caniuse-lite/data/features/img-naturalwidth-naturalheight.js’
Warning in utils::tar(filepath, pkgname, compression = compression, compression_level = 9L,  :
  storing paths of more than 100 bytes is not portable:
  ‘neurosurf/inst/htmlwidgets/neurosurface/node_modules/caniuse-lite/data/features/indeterminate-checkbox.js’
Warning in utils::tar(filepath, pkgname, compression = compression, compression_level = 9L,  :
  storing paths of more than 100 bytes is not portable:
  ‘neurosurf/inst/htmlwidgets/neurosurface/node_modules/caniuse-lite/data/features/input-autocomplete-onoff.js’
Warning in utils::tar(filepath, pkgname, compression = compression, compression_level = 9L,  :
  storing paths of more than 100 bytes is not portable:
  ‘neurosurf/inst/htmlwidgets/neurosurface/node_modules/caniuse-lite/data/features/input-email-tel-url.js’
Warning in utils::tar(filepath, pkgname, compression = compression, compression_level = 9L,  :
  storing paths of more than 100 bytes is not portable:
  ‘neurosurf/inst/htmlwidgets/neurosurface/node_modules/caniuse-lite/data/features/input-file-directory.js’
Warning in utils::tar(filepath, pkgname, compression = compression, compression_level = 9L,  :
  storing paths of more than 100 bytes is not portable:
  ‘neurosurf/inst/htmlwidgets/neurosurface/node_modules/caniuse-lite/data/features/input-file-multiple.js’
Warning in utils::tar(filepath, pkgname, compression = compression, compression_level = 9L,  :
  storing paths of more than 100 bytes is not portable:
  ‘neurosurf/inst/htmlwidgets/neurosurface/node_modules/caniuse-lite/data/features/insertadjacenthtml.js’
Warning in utils::tar(filepath, pkgname, compression = compression, compression_level = 9L,  :
  storing paths of more than 100 bytes is not portable:
  ‘neurosurf/inst/htmlwidgets/neurosurface/node_modules/caniuse-lite/data/features/internationalization.js’
Warning in utils::tar(filepath, pkgname, compression = compression, compression_level = 9L,  :
  storing paths of more than 100 bytes is not portable:
  ‘neurosurf/inst/htmlwidgets/neurosurface/node_modules/caniuse-lite/data/features/intersectionobserver-v2.js’
Warning in utils::tar(filepath, pkgname, compression = compression, compression_level = 9L,  :
  storing paths of more than 100 bytes is not portable:
  ‘neurosurf/inst/htmlwidgets/neurosurface/node_modules/caniuse-lite/data/features/intersectionobserver.js’
Warning in utils::tar(filepath, pkgname, compression = compression, compression_level = 9L,  :
  storing paths of more than 100 bytes is not portable:
  ‘neurosurf/inst/htmlwidgets/neurosurface/node_modules/caniuse-lite/data/features/js-regexp-lookbehind.js’
Warning in utils::tar(filepath, pkgname, compression = compression, compression_level = 9L,  :
  storing paths of more than 100 bytes is not portable:
  ‘neurosurf/inst/htmlwidgets/neurosurface/node_modules/caniuse-lite/data/features/justify-content-space-evenly.js’
Warning in utils::tar(filepath, pkgname, compression = compression, compression_level = 9L,  :
  storing paths of more than 100 bytes is not portable:
  ‘neurosurf/inst/htmlwidgets/neurosurface/node_modules/caniuse-lite/data/features/kerning-pairs-ligatures.js’
Warning in utils::tar(filepath, pkgname, compression = compression, compression_level = 9L,  :
  storing paths of more than 100 bytes is not portable:
  ‘neurosurf/inst/htmlwidgets/neurosurface/node_modules/caniuse-lite/data/features/keyboardevent-charcode.js’
Warning in utils::tar(filepath, pkgname, compression = compression, compression_level = 9L,  :
  storing paths of more than 100 bytes is not portable:
  ‘neurosurf/inst/htmlwidgets/neurosurface/node_modules/caniuse-lite/data/features/keyboardevent-code.js’
Warning in utils::tar(filepath, pkgname, compression = compression, compression_level = 9L,  :
  storing paths of more than 100 bytes is not portable:
  ‘neurosurf/inst/htmlwidgets/neurosurface/node_modules/caniuse-lite/data/features/keyboardevent-getmodifierstate.js’
Warning in utils::tar(filepath, pkgname, compression = compression, compression_level = 9L,  :
  storing paths of more than 100 bytes is not portable:
  ‘neurosurf/inst/htmlwidgets/neurosurface/node_modules/caniuse-lite/data/features/keyboardevent-location.js’
Warning in utils::tar(filepath, pkgname, compression = compression, compression_level = 9L,  :
  storing paths of more than 100 bytes is not portable:
  ‘neurosurf/inst/htmlwidgets/neurosurface/node_modules/caniuse-lite/data/features/keyboardevent-which.js’
Warning in utils::tar(filepath, pkgname, compression = compression, compression_level = 9L,  :
  storing paths of more than 100 bytes is not portable:
  ‘neurosurf/inst/htmlwidgets/neurosurface/node_modules/caniuse-lite/data/features/link-rel-dns-prefetch.js’
Warning in utils::tar(filepath, pkgname, compression = compression, compression_level = 9L,  :
  storing paths of more than 100 bytes is not portable:
  ‘neurosurf/inst/htmlwidgets/neurosurface/node_modules/caniuse-lite/data/features/link-rel-modulepreload.js’
Warning in utils::tar(filepath, pkgname, compression = compression, compression_level = 9L,  :
  storing paths of more than 100 bytes is not portable:
  ‘neurosurf/inst/htmlwidgets/neurosurface/node_modules/caniuse-lite/data/features/link-rel-preconnect.js’
Warning in utils::tar(filepath, pkgname, compression = compression, compression_level = 9L,  :
  storing paths of more than 100 bytes is not portable:
  ‘neurosurf/inst/htmlwidgets/neurosurface/node_modules/caniuse-lite/data/features/link-rel-prerender.js’
Warning in utils::tar(filepath, pkgname, compression = compression, compression_level = 9L,  :
  storing paths of more than 100 bytes is not portable:
  ‘neurosurf/inst/htmlwidgets/neurosurface/node_modules/caniuse-lite/data/features/mdn-css-backdrop-pseudo-element.js’
Warning in utils::tar(filepath, pkgname, compression = compression, compression_level = 9L,  :
  storing paths of more than 100 bytes is not portable:
  ‘neurosurf/inst/htmlwidgets/neurosurface/node_modules/caniuse-lite/data/features/mdn-css-unicode-bidi-isolate-override.js’
Warning in utils::tar(filepath, pkgname, compression = compression, compression_level = 9L,  :
  storing paths of more than 100 bytes is not portable:
  ‘neurosurf/inst/htmlwidgets/neurosurface/node_modules/caniuse-lite/data/features/mdn-css-unicode-bidi-isolate.js’
Warning in utils::tar(filepath, pkgname, compression = compression, compression_level = 9L,  :
  storing paths of more than 100 bytes is not portable:
  ‘neurosurf/inst/htmlwidgets/neurosurface/node_modules/caniuse-lite/data/features/mdn-css-unicode-bidi-plaintext.js’
Warning in utils::tar(filepath, pkgname, compression = compression, compression_level = 9L,  :
  storing paths of more than 100 bytes is not portable:
  ‘neurosurf/inst/htmlwidgets/neurosurface/node_modules/caniuse-lite/data/features/mdn-text-decoration-color.js’
Warning in utils::tar(filepath, pkgname, compression = compression, compression_level = 9L,  :
  storing paths of more than 100 bytes is not portable:
  ‘neurosurf/inst/htmlwidgets/neurosurface/node_modules/caniuse-lite/data/features/mdn-text-decoration-line.js’
Warning in utils::tar(filepath, pkgname, compression = compression, compression_level = 9L,  :
  storing paths of more than 100 bytes is not portable:
  ‘neurosurf/inst/htmlwidgets/neurosurface/node_modules/caniuse-lite/data/features/mdn-text-decoration-shorthand.js’
Warning in utils::tar(filepath, pkgname, compression = compression, compression_level = 9L,  :
  storing paths of more than 100 bytes is not portable:
  ‘neurosurf/inst/htmlwidgets/neurosurface/node_modules/caniuse-lite/data/features/mdn-text-decoration-style.js’
Warning in utils::tar(filepath, pkgname, compression = compression, compression_level = 9L,  :
  storing paths of more than 100 bytes is not portable:
  ‘neurosurf/inst/htmlwidgets/neurosurface/node_modules/caniuse-lite/data/features/mediacapture-fromelement.js’
Warning in utils::tar(filepath, pkgname, compression = compression, compression_level = 9L,  :
  storing paths of more than 100 bytes is not portable:
  ‘neurosurf/inst/htmlwidgets/neurosurface/node_modules/caniuse-lite/data/features/native-filesystem-api.js’
Warning in utils::tar(filepath, pkgname, compression = compression, compression_level = 9L,  :
  storing paths of more than 100 bytes is not portable:
  ‘neurosurf/inst/htmlwidgets/neurosurface/node_modules/caniuse-lite/data/features/once-event-listener.js’
Warning in utils::tar(filepath, pkgname, compression = compression, compression_level = 9L,  :
  storing paths of more than 100 bytes is not portable:
  ‘neurosurf/inst/htmlwidgets/neurosurface/node_modules/caniuse-lite/data/features/orientation-sensor.js’
Warning in utils::tar(filepath, pkgname, compression = compression, compression_level = 9L,  :
  storing paths of more than 100 bytes is not portable:
  ‘neurosurf/inst/htmlwidgets/neurosurface/node_modules/caniuse-lite/data/features/page-transition-events.js’
Warning in utils::tar(filepath, pkgname, compression = compression, compression_level = 9L,  :
  storing paths of more than 100 bytes is not portable:
  ‘neurosurf/inst/htmlwidgets/neurosurface/node_modules/caniuse-lite/data/features/passive-event-listener.js’
Warning in utils::tar(filepath, pkgname, compression = compression, compression_level = 9L,  :
  storing paths of more than 100 bytes is not portable:
  ‘neurosurf/inst/htmlwidgets/neurosurface/node_modules/caniuse-lite/data/features/permissions-policy.js’
Warning in utils::tar(filepath, pkgname, compression = compression, compression_level = 9L,  :
  storing paths of more than 100 bytes is not portable:
  ‘neurosurf/inst/htmlwidgets/neurosurface/node_modules/caniuse-lite/data/features/picture-in-picture.js’
Warning in utils::tar(filepath, pkgname, compression = compression, compression_level = 9L,  :
  storing paths of more than 100 bytes is not portable:
  ‘neurosurf/inst/htmlwidgets/neurosurface/node_modules/caniuse-lite/data/features/prefers-color-scheme.js’
Warning in utils::tar(filepath, pkgname, compression = compression, compression_level = 9L,  :
  storing paths of more than 100 bytes is not portable:
  ‘neurosurf/inst/htmlwidgets/neurosurface/node_modules/caniuse-lite/data/features/prefers-reduced-motion.js’
Warning in utils::tar(filepath, pkgname, compression = compression, compression_level = 9L,  :
  storing paths of more than 100 bytes is not portable:
  ‘neurosurf/inst/htmlwidgets/neurosurface/node_modules/caniuse-lite/data/features/registerprotocolhandler.js’
Warning in utils::tar(filepath, pkgname, compression = compression, compression_level = 9L,  :
  storing paths of more than 100 bytes is not portable:
  ‘neurosurf/inst/htmlwidgets/neurosurface/node_modules/caniuse-lite/data/features/requestanimationframe.js’
Warning in utils::tar(filepath, pkgname, compression = compression, compression_level = 9L,  :
  storing paths of more than 100 bytes is not portable:
  ‘neurosurf/inst/htmlwidgets/neurosurface/node_modules/caniuse-lite/data/features/requestidlecallback.js’
Warning in utils::tar(filepath, pkgname, compression = compression, compression_level = 9L,  :
  storing paths of more than 100 bytes is not portable:
  ‘neurosurf/inst/htmlwidgets/neurosurface/node_modules/caniuse-lite/data/features/same-site-cookie-attribute.js’
Warning in utils::tar(filepath, pkgname, compression = compression, compression_level = 9L,  :
  storing paths of more than 100 bytes is not portable:
  ‘neurosurf/inst/htmlwidgets/neurosurface/node_modules/caniuse-lite/data/features/screen-orientation.js’
Warning in utils::tar(filepath, pkgname, compression = compression, compression_level = 9L,  :
  storing paths of more than 100 bytes is not portable:
  ‘neurosurf/inst/htmlwidgets/neurosurface/node_modules/caniuse-lite/data/features/scrollintoviewifneeded.js’
Warning in utils::tar(filepath, pkgname, compression = compression, compression_level = 9L,  :
  storing paths of more than 100 bytes is not portable:
  ‘neurosurf/inst/htmlwidgets/neurosurface/node_modules/caniuse-lite/data/features/speech-recognition.js’
Warning in utils::tar(filepath, pkgname, compression = compression, compression_level = 9L,  :
  storing paths of more than 100 bytes is not portable:
  ‘neurosurf/inst/htmlwidgets/neurosurface/node_modules/caniuse-lite/data/features/spellcheck-attribute.js’
Warning in utils::tar(filepath, pkgname, compression = compression, compression_level = 9L,  :
  storing paths of more than 100 bytes is not portable:
  ‘neurosurf/inst/htmlwidgets/neurosurface/node_modules/caniuse-lite/data/features/stricttransportsecurity.js’
Warning in utils::tar(filepath, pkgname, compression = compression, compression_level = 9L,  :
  storing paths of more than 100 bytes is not portable:
  ‘neurosurf/inst/htmlwidgets/neurosurface/node_modules/caniuse-lite/data/features/subresource-bundling.js’
Warning in utils::tar(filepath, pkgname, compression = compression, compression_level = 9L,  :
  storing paths of more than 100 bytes is not portable:
  ‘neurosurf/inst/htmlwidgets/neurosurface/node_modules/caniuse-lite/data/features/subresource-integrity.js’
Warning in utils::tar(filepath, pkgname, compression = compression, compression_level = 9L,  :
  storing paths of more than 100 bytes is not portable:
  ‘neurosurf/inst/htmlwidgets/neurosurface/node_modules/caniuse-lite/data/features/unhandledrejection.js’
Warning in utils::tar(filepath, pkgname, compression = compression, compression_level = 9L,  :
  storing paths of more than 100 bytes is not portable:
  ‘neurosurf/inst/htmlwidgets/neurosurface/node_modules/caniuse-lite/data/features/upgradeinsecurerequests.js’
Warning in utils::tar(filepath, pkgname, compression = compression, compression_level = 9L,  :
  storing paths of more than 100 bytes is not portable:
  ‘neurosurf/inst/htmlwidgets/neurosurface/node_modules/caniuse-lite/data/features/url-scroll-to-text-fragment.js’
Warning in utils::tar(filepath, pkgname, compression = compression, compression_level = 9L,  :
  storing paths of more than 100 bytes is not portable:
  ‘neurosurf/inst/htmlwidgets/neurosurface/node_modules/caniuse-lite/data/features/viewport-unit-variants.js’
Warning in utils::tar(filepath, pkgname, compression = compression, compression_level = 9L,  :
  storing paths of more than 100 bytes is not portable:
  ‘neurosurf/inst/htmlwidgets/neurosurface/node_modules/caniuse-lite/data/features/wasm-extended-const.js’
Warning in utils::tar(filepath, pkgname, compression = compression, compression_level = 9L,  :
  storing paths of more than 100 bytes is not portable:
  ‘neurosurf/inst/htmlwidgets/neurosurface/node_modules/caniuse-lite/data/features/wasm-mutable-globals.js’
Warning in utils::tar(filepath, pkgname, compression = compression, compression_level = 9L,  :
  storing paths of more than 100 bytes is not portable:
  ‘neurosurf/inst/htmlwidgets/neurosurface/node_modules/caniuse-lite/data/features/wasm-nontrapping-fptoint.js’
Warning in utils::tar(filepath, pkgname, compression = compression, compression_level = 9L,  :
  storing paths of more than 100 bytes is not portable:
  ‘neurosurf/inst/htmlwidgets/neurosurface/node_modules/caniuse-lite/data/features/wasm-reference-types.js’
Warning in utils::tar(filepath, pkgname, compression = compression, compression_level = 9L,  :
  storing paths of more than 100 bytes is not portable:
  ‘neurosurf/inst/htmlwidgets/neurosurface/node_modules/chokidar/node_modules/extend-shallow/package.json’
Warning in utils::tar(filepath, pkgname, compression = compression, compression_level = 9L,  :
  storing paths of more than 100 bytes is not portable:
  ‘neurosurf/inst/htmlwidgets/neurosurface/node_modules/chokidar/node_modules/glob-parent/node_modules/is-glob/’
Warning in utils::tar(filepath, pkgname, compression = compression, compression_level = 9L,  :
  storing paths of more than 100 bytes is not portable:
  ‘neurosurf/inst/htmlwidgets/neurosurface/node_modules/chokidar/node_modules/glob-parent/node_modules/is-glob/LICENSE’
Warning in utils::tar(filepath, pkgname, compression = compression, compression_level = 9L,  :
  storing paths of more than 100 bytes is not portable:
  ‘neurosurf/inst/htmlwidgets/neurosurface/node_modules/chokidar/node_modules/glob-parent/node_modules/is-glob/README.md’
Warning in utils::tar(filepath, pkgname, compression = compression, compression_level = 9L,  :
  storing paths of more than 100 bytes is not portable:
  ‘neurosurf/inst/htmlwidgets/neurosurface/node_modules/chokidar/node_modules/glob-parent/node_modules/is-glob/index.js’
Warning in utils::tar(filepath, pkgname, compression = compression, compression_level = 9L,  :
  storing paths of more than 100 bytes is not portable:
  ‘neurosurf/inst/htmlwidgets/neurosurface/node_modules/chokidar/node_modules/glob-parent/node_modules/is-glob/package.json’
Warning in utils::tar(filepath, pkgname, compression = compression, compression_level = 9L,  :
  storing paths of more than 100 bytes is not portable:
  ‘neurosurf/inst/htmlwidgets/neurosurface/node_modules/chokidar/node_modules/is-extendable/package.json’
Warning in utils::tar(filepath, pkgname, compression = compression, compression_level = 9L,  :
  storing paths of more than 100 bytes is not portable:
  ‘neurosurf/inst/htmlwidgets/neurosurface/node_modules/chokidar/node_modules/to-regex-range/package.json’
Warning in utils::tar(filepath, pkgname, compression = compression, compression_level = 9L,  :
  storing paths of more than 100 bytes is not portable:
  ‘neurosurf/inst/htmlwidgets/neurosurface/node_modules/class-utils/node_modules/define-property/LICENSE’
Warning in utils::tar(filepath, pkgname, compression = compression, compression_level = 9L,  :
  storing paths of more than 100 bytes is not portable:
  ‘neurosurf/inst/htmlwidgets/neurosurface/node_modules/class-utils/node_modules/define-property/README.md’
Warning in utils::tar(filepath, pkgname, compression = compression, compression_level = 9L,  :
  storing paths of more than 100 bytes is not portable:
  ‘neurosurf/inst/htmlwidgets/neurosurface/node_modules/class-utils/node_modules/define-property/index.js’
Warning in utils::tar(filepath, pkgname, compression = compression, compression_level = 9L,  :
  storing paths of more than 100 bytes is not portable:
  ‘neurosurf/inst/htmlwidgets/neurosurface/node_modules/class-utils/node_modules/define-property/package.json’
Warning in utils::tar(filepath, pkgname, compression = compression, compression_level = 9L,  :
  storing paths of more than 100 bytes is not portable:
  ‘neurosurf/inst/htmlwidgets/neurosurface/node_modules/class-utils/node_modules/is-descriptor/.editorconfig’
Warning in utils::tar(filepath, pkgname, compression = compression, compression_level = 9L,  :
  storing paths of more than 100 bytes is not portable:
  ‘neurosurf/inst/htmlwidgets/neurosurface/node_modules/class-utils/node_modules/is-descriptor/.eslintrc’
Warning in utils::tar(filepath, pkgname, compression = compression, compression_level = 9L,  :
  storing paths of more than 100 bytes is not portable:
  ‘neurosurf/inst/htmlwidgets/neurosurface/node_modules/class-utils/node_modules/is-descriptor/.github/FUNDING.yml’
Warning in utils::tar(filepath, pkgname, compression = compression, compression_level = 9L,  :
  storing paths of more than 100 bytes is not portable:
  ‘neurosurf/inst/htmlwidgets/neurosurface/node_modules/class-utils/node_modules/is-descriptor/CHANGELOG.md’
Warning in utils::tar(filepath, pkgname, compression = compression, compression_level = 9L,  :
  storing paths of more than 100 bytes is not portable:
  ‘neurosurf/inst/htmlwidgets/neurosurface/node_modules/class-utils/node_modules/is-descriptor/README.md’
Warning in utils::tar(filepath, pkgname, compression = compression, compression_level = 9L,  :
  storing paths of more than 100 bytes is not portable:
  ‘neurosurf/inst/htmlwidgets/neurosurface/node_modules/class-utils/node_modules/is-descriptor/package.json’
Warning in utils::tar(filepath, pkgname, compression = compression, compression_level = 9L,  :
  storing paths of more than 100 bytes is not portable:
  ‘neurosurf/inst/htmlwidgets/neurosurface/node_modules/class-utils/node_modules/is-descriptor/test/index.js’
Warning in utils::tar(filepath, pkgname, compression = compression, compression_level = 9L,  :
  storing paths of more than 100 bytes is not portable:
  ‘neurosurf/inst/htmlwidgets/neurosurface/node_modules/copy-props/node_modules/is-plain-object/README.md’
Warning in utils::tar(filepath, pkgname, compression = compression, compression_level = 9L,  :
  storing paths of more than 100 bytes is not portable:
  ‘neurosurf/inst/htmlwidgets/neurosurface/node_modules/copy-props/node_modules/is-plain-object/dist/is-plain-object.js’
Warning in utils::tar(filepath, pkgname, compression = compression, compression_level = 9L,  :
  storing paths of more than 100 bytes is not portable:
  ‘neurosurf/inst/htmlwidgets/neurosurface/node_modules/copy-props/node_modules/is-plain-object/dist/is-plain-object.mjs’
Warning in utils::tar(filepath, pkgname, compression = compression, compression_level = 9L,  :
  storing paths of more than 100 bytes is not portable:
  ‘neurosurf/inst/htmlwidgets/neurosurface/node_modules/copy-props/node_modules/is-plain-object/is-plain-object.d.ts’
Warning in utils::tar(filepath, pkgname, compression = compression, compression_level = 9L,  :
  storing paths of more than 100 bytes is not portable:
  ‘neurosurf/inst/htmlwidgets/neurosurface/node_modules/copy-props/node_modules/is-plain-object/package.json’
Warning in utils::tar(filepath, pkgname, compression = compression, compression_level = 9L,  :
  storing paths of more than 100 bytes is not portable:
  ‘neurosurf/inst/htmlwidgets/neurosurface/node_modules/default-compare/node_modules/kind-of/package.json’
Warning in utils::tar(filepath, pkgname, compression = compression, compression_level = 9L,  :
  storing paths of more than 100 bytes is not portable:
  ‘neurosurf/inst/htmlwidgets/neurosurface/node_modules/electron-to-chromium/full-chromium-versions.json’
Warning in utils::tar(filepath, pkgname, compression = compression, compression_level = 9L,  :
  storing paths of more than 100 bytes is not portable:
  ‘neurosurf/inst/htmlwidgets/neurosurface/node_modules/enhanced-resolve/lib/ModulesInHierachicDirectoriesPlugin.js’
Warning in utils::tar(filepath, pkgname, compression = compression, compression_level = 9L,  :
  storing paths of more than 100 bytes is not portable:
  ‘neurosurf/inst/htmlwidgets/neurosurface/node_modules/enhanced-resolve/lib/ModulesInHierarchicalDirectoriesPlugin.js’
Warning in utils::tar(filepath, pkgname, compression = compression, compression_level = 9L,  :
  storing paths of more than 100 bytes is not portable:
  ‘neurosurf/inst/htmlwidgets/neurosurface/node_modules/enhanced-resolve/lib/SyncAsyncFileSystemDecorator.js’
Warning in utils::tar(filepath, pkgname, compression = compression, compression_level = 9L,  :
  storing paths of more than 100 bytes is not portable:
  ‘neurosurf/inst/htmlwidgets/neurosurface/node_modules/es5-ext/number/is-safe-integer/is-implemented.js’
Warning in utils::tar(filepath, pkgname, compression = compression, compression_level = 9L,  :
  storing paths of more than 100 bytes is not portable:
  ‘neurosurf/inst/htmlwidgets/neurosurface/node_modules/es5-ext/number/max-safe-integer/is-implemented.js’
Warning in utils::tar(filepath, pkgname, compression = compression, compression_level = 9L,  :
  storing paths of more than 100 bytes is not portable:
  ‘neurosurf/inst/htmlwidgets/neurosurface/node_modules/es5-ext/number/min-safe-integer/is-implemented.js’
Warning in utils::tar(filepath, pkgname, compression = compression, compression_level = 9L,  :
  storing paths of more than 100 bytes is not portable:
  ‘neurosurf/inst/htmlwidgets/neurosurface/node_modules/es5-ext/object/set-prototype-of/is-implemented.js’
Warning in utils::tar(filepath, pkgname, compression = compression, compression_level = 9L,  :
  storing paths of more than 100 bytes is not portable:
  ‘neurosurf/inst/htmlwidgets/neurosurface/node_modules/es5-ext/string/#/code-point-at/is-implemented.js’
Warning in utils::tar(filepath, pkgname, compression = compression, compression_level = 9L,  :
  storing paths of more than 100 bytes is not portable:
  ‘neurosurf/inst/htmlwidgets/neurosurface/node_modules/es5-ext/string/from-code-point/is-implemented.js’
Warning in utils::tar(filepath, pkgname, compression = compression, compression_level = 9L,  :
  storing paths of more than 100 bytes is not portable:
  ‘neurosurf/inst/htmlwidgets/neurosurface/node_modules/es6-symbol/lib/private/setup/standard-symbols.js’
Warning in utils::tar(filepath, pkgname, compression = compression, compression_level = 9L,  :
  storing paths of more than 100 bytes is not portable:
  ‘neurosurf/inst/htmlwidgets/neurosurface/node_modules/expand-brackets/node_modules/debug/.coveralls.yml’
Warning in utils::tar(filepath, pkgname, compression = compression, compression_level = 9L,  :
  storing paths of more than 100 bytes is not portable:
  ‘neurosurf/inst/htmlwidgets/neurosurface/node_modules/expand-brackets/node_modules/debug/component.json’
Warning in utils::tar(filepath, pkgname, compression = compression, compression_level = 9L,  :
  storing paths of more than 100 bytes is not portable:
  ‘neurosurf/inst/htmlwidgets/neurosurface/node_modules/expand-brackets/node_modules/debug/karma.conf.js’
Warning in utils::tar(filepath, pkgname, compression = compression, compression_level = 9L,  :
  storing paths of more than 100 bytes is not portable:
  ‘neurosurf/inst/htmlwidgets/neurosurface/node_modules/expand-brackets/node_modules/debug/src/browser.js’
Warning in utils::tar(filepath, pkgname, compression = compression, compression_level = 9L,  :
  storing paths of more than 100 bytes is not portable:
  ‘neurosurf/inst/htmlwidgets/neurosurface/node_modules/expand-brackets/node_modules/debug/src/inspector-log.js’
Warning in utils::tar(filepath, pkgname, compression = compression, compression_level = 9L,  :
  storing paths of more than 100 bytes is not portable:
  ‘neurosurf/inst/htmlwidgets/neurosurface/node_modules/expand-brackets/node_modules/define-property/LICENSE’
Warning in utils::tar(filepath, pkgname, compression = compression, compression_level = 9L,  :
  storing paths of more than 100 bytes is not portable:
  ‘neurosurf/inst/htmlwidgets/neurosurface/node_modules/expand-brackets/node_modules/define-property/README.md’
Warning in utils::tar(filepath, pkgname, compression = compression, compression_level = 9L,  :
  storing paths of more than 100 bytes is not portable:
  ‘neurosurf/inst/htmlwidgets/neurosurface/node_modules/expand-brackets/node_modules/define-property/index.js’
Warning in utils::tar(filepath, pkgname, compression = compression, compression_level = 9L,  :
  storing paths of more than 100 bytes is not portable:
  ‘neurosurf/inst/htmlwidgets/neurosurface/node_modules/expand-brackets/node_modules/define-property/package.json’
Warning in utils::tar(filepath, pkgname, compression = compression, compression_level = 9L,  :
  storing paths of more than 100 bytes is not portable:
  ‘neurosurf/inst/htmlwidgets/neurosurface/node_modules/expand-brackets/node_modules/extend-shallow/LICENSE’
Warning in utils::tar(filepath, pkgname, compression = compression, compression_level = 9L,  :
  storing paths of more than 100 bytes is not portable:
  ‘neurosurf/inst/htmlwidgets/neurosurface/node_modules/expand-brackets/node_modules/extend-shallow/README.md’
Warning in utils::tar(filepath, pkgname, compression = compression, compression_level = 9L,  :
  storing paths of more than 100 bytes is not portable:
  ‘neurosurf/inst/htmlwidgets/neurosurface/node_modules/expand-brackets/node_modules/extend-shallow/index.js’
Warning in utils::tar(filepath, pkgname, compression = compression, compression_level = 9L,  :
  storing paths of more than 100 bytes is not portable:
  ‘neurosurf/inst/htmlwidgets/neurosurface/node_modules/expand-brackets/node_modules/extend-shallow/package.json’
Warning in utils::tar(filepath, pkgname, compression = compression, compression_level = 9L,  :
  storing paths of more than 100 bytes is not portable:
  ‘neurosurf/inst/htmlwidgets/neurosurface/node_modules/expand-brackets/node_modules/is-descriptor/.editorconfig’
Warning in utils::tar(filepath, pkgname, compression = compression, compression_level = 9L,  :
  storing paths of more than 100 bytes is not portable:
  ‘neurosurf/inst/htmlwidgets/neurosurface/node_modules/expand-brackets/node_modules/is-descriptor/.eslintrc’
Warning in utils::tar(filepath, pkgname, compression = compression, compression_level = 9L,  :
  storing paths of more than 100 bytes is not portable:
  ‘neurosurf/inst/htmlwidgets/neurosurface/node_modules/expand-brackets/node_modules/is-descriptor/.github/’
Warning in utils::tar(filepath, pkgname, compression = compression, compression_level = 9L,  :
  storing paths of more than 100 bytes is not portable:
  ‘neurosurf/inst/htmlwidgets/neurosurface/node_modules/expand-brackets/node_modules/is-descriptor/.github/FUNDING.yml’
Warning in utils::tar(filepath, pkgname, compression = compression, compression_level = 9L,  :
  storing paths of more than 100 bytes is not portable:
  ‘neurosurf/inst/htmlwidgets/neurosurface/node_modules/expand-brackets/node_modules/is-descriptor/.nycrc’
Warning in utils::tar(filepath, pkgname, compression = compression, compression_level = 9L,  :
  storing paths of more than 100 bytes is not portable:
  ‘neurosurf/inst/htmlwidgets/neurosurface/node_modules/expand-brackets/node_modules/is-descriptor/CHANGELOG.md’
Warning in utils::tar(filepath, pkgname, compression = compression, compression_level = 9L,  :
  storing paths of more than 100 bytes is not portable:
  ‘neurosurf/inst/htmlwidgets/neurosurface/node_modules/expand-brackets/node_modules/is-descriptor/LICENSE’
Warning in utils::tar(filepath, pkgname, compression = compression, compression_level = 9L,  :
  storing paths of more than 100 bytes is not portable:
  ‘neurosurf/inst/htmlwidgets/neurosurface/node_modules/expand-brackets/node_modules/is-descriptor/README.md’
Warning in utils::tar(filepath, pkgname, compression = compression, compression_level = 9L,  :
  storing paths of more than 100 bytes is not portable:
  ‘neurosurf/inst/htmlwidgets/neurosurface/node_modules/expand-brackets/node_modules/is-descriptor/index.js’
Warning in utils::tar(filepath, pkgname, compression = compression, compression_level = 9L,  :
  storing paths of more than 100 bytes is not portable:
  ‘neurosurf/inst/htmlwidgets/neurosurface/node_modules/expand-brackets/node_modules/is-descriptor/package.json’
Warning in utils::tar(filepath, pkgname, compression = compression, compression_level = 9L,  :
  storing paths of more than 100 bytes is not portable:
  ‘neurosurf/inst/htmlwidgets/neurosurface/node_modules/expand-brackets/node_modules/is-descriptor/test/’
Warning in utils::tar(filepath, pkgname, compression = compression, compression_level = 9L,  :
  storing paths of more than 100 bytes is not portable:
  ‘neurosurf/inst/htmlwidgets/neurosurface/node_modules/expand-brackets/node_modules/is-descriptor/test/index.js’
Warning in utils::tar(filepath, pkgname, compression = compression, compression_level = 9L,  :
  storing paths of more than 100 bytes is not portable:
  ‘neurosurf/inst/htmlwidgets/neurosurface/node_modules/expand-brackets/node_modules/is-extendable/LICENSE’
Warning in utils::tar(filepath, pkgname, compression = compression, compression_level = 9L,  :
  storing paths of more than 100 bytes is not portable:
  ‘neurosurf/inst/htmlwidgets/neurosurface/node_modules/expand-brackets/node_modules/is-extendable/README.md’
Warning in utils::tar(filepath, pkgname, compression = compression, compression_level = 9L,  :
  storing paths of more than 100 bytes is not portable:
  ‘neurosurf/inst/htmlwidgets/neurosurface/node_modules/expand-brackets/node_modules/is-extendable/index.js’
Warning in utils::tar(filepath, pkgname, compression = compression, compression_level = 9L,  :
  storing paths of more than 100 bytes is not portable:
  ‘neurosurf/inst/htmlwidgets/neurosurface/node_modules/expand-brackets/node_modules/is-extendable/package.json’
Warning in utils::tar(filepath, pkgname, compression = compression, compression_level = 9L,  :
  storing paths of more than 100 bytes is not portable:
  ‘neurosurf/inst/htmlwidgets/neurosurface/node_modules/extglob/node_modules/define-property/package.json’
Warning in utils::tar(filepath, pkgname, compression = compression, compression_level = 9L,  :
  storing paths of more than 100 bytes is not portable:
  ‘neurosurf/inst/htmlwidgets/neurosurface/node_modules/extglob/node_modules/extend-shallow/package.json’
Warning in utils::tar(filepath, pkgname, compression = compression, compression_level = 9L,  :
  storing paths of more than 100 bytes is not portable:
  ‘neurosurf/inst/htmlwidgets/neurosurface/node_modules/fast-uri/.github/workflows/package-manager-ci.yml’
Warning in utils::tar(filepath, pkgname, compression = compression, compression_level = 9L,  :
  storing paths of more than 100 bytes is not portable:
  ‘neurosurf/inst/htmlwidgets/neurosurface/node_modules/findup-sync/node_modules/braces/lib/compilers.js’
Warning in utils::tar(filepath, pkgname, compression = compression, compression_level = 9L,  :
  storing paths of more than 100 bytes is not portable:
  ‘neurosurf/inst/htmlwidgets/neurosurface/node_modules/findup-sync/node_modules/braces/node_modules/extend-shallow/’
Warning in utils::tar(filepath, pkgname, compression = compression, compression_level = 9L,  :
  storing paths of more than 100 bytes is not portable:
  ‘neurosurf/inst/htmlwidgets/neurosurface/node_modules/findup-sync/node_modules/braces/node_modules/extend-shallow/LICENSE’
Warning in utils::tar(filepath, pkgname, compression = compression, compression_level = 9L,  :
  storing paths of more than 100 bytes is not portable:
  ‘neurosurf/inst/htmlwidgets/neurosurface/node_modules/findup-sync/node_modules/braces/node_modules/extend-shallow/README.md’
Warning in utils::tar(filepath, pkgname, compression = compression, compression_level = 9L,  :
  storing paths of more than 100 bytes is not portable:
  ‘neurosurf/inst/htmlwidgets/neurosurface/node_modules/findup-sync/node_modules/braces/node_modules/extend-shallow/index.js’
Warning in utils::tar(filepath, pkgname, compression = compression, compression_level = 9L,  :
  storing paths of more than 100 bytes is not portable:
  ‘neurosurf/inst/htmlwidgets/neurosurface/node_modules/findup-sync/node_modules/braces/node_modules/extend-shallow/package.json’
Warning in utils::tar(filepath, pkgname, compression = compression, compression_level = 9L,  :
  storing paths of more than 100 bytes is not portable:
  ‘neurosurf/inst/htmlwidgets/neurosurface/node_modules/findup-sync/node_modules/fill-range/node_modules/’
Warning in utils::tar(filepath, pkgname, compression = compression, compression_level = 9L,  :
  storing paths of more than 100 bytes is not portable:
  ‘neurosurf/inst/htmlwidgets/neurosurface/node_modules/findup-sync/node_modules/fill-range/node_modules/extend-shallow/’
Warning in utils::tar(filepath, pkgname, compression = compression, compression_level = 9L,  :
  storing paths of more than 100 bytes is not portable:
  ‘neurosurf/inst/htmlwidgets/neurosurface/node_modules/findup-sync/node_modules/fill-range/node_modules/extend-shallow/LICENSE’
Warning in utils::tar(filepath, pkgname, compression = compression, compression_level = 9L,  :
  storing paths of more than 100 bytes is not portable:
  ‘neurosurf/inst/htmlwidgets/neurosurface/node_modules/findup-sync/node_modules/fill-range/node_modules/extend-shallow/README.md’
Warning in utils::tar(filepath, pkgname, compression = compression, compression_level = 9L,  :
  storing paths of more than 100 bytes is not portable:
  ‘neurosurf/inst/htmlwidgets/neurosurface/node_modules/findup-sync/node_modules/fill-range/node_modules/extend-shallow/index.js’
Warning in utils::tar(filepath, pkgname, compression = compression, compression_level = 9L,  :
  storing paths of more than 100 bytes is not portable:
  ‘neurosurf/inst/htmlwidgets/neurosurface/node_modules/findup-sync/node_modules/fill-range/node_modules/extend-shallow/package.json’
Warning in utils::tar(filepath, pkgname, compression = compression, compression_level = 9L,  :
  storing paths of more than 100 bytes is not portable:
  ‘neurosurf/inst/htmlwidgets/neurosurface/node_modules/findup-sync/node_modules/fill-range/package.json’
Warning in utils::tar(filepath, pkgname, compression = compression, compression_level = 9L,  :
  storing paths of more than 100 bytes is not portable:
  ‘neurosurf/inst/htmlwidgets/neurosurface/node_modules/findup-sync/node_modules/is-extendable/README.md’
Warning in utils::tar(filepath, pkgname, compression = compression, compression_level = 9L,  :
  storing paths of more than 100 bytes is not portable:
  ‘neurosurf/inst/htmlwidgets/neurosurface/node_modules/findup-sync/node_modules/is-extendable/package.json’
Warning in utils::tar(filepath, pkgname, compression = compression, compression_level = 9L,  :
  storing paths of more than 100 bytes is not portable:
  ‘neurosurf/inst/htmlwidgets/neurosurface/node_modules/findup-sync/node_modules/is-number/node_modules/’
Warning in utils::tar(filepath, pkgname, compression = compression, compression_level = 9L,  :
  storing paths of more than 100 bytes is not portable:
  ‘neurosurf/inst/htmlwidgets/neurosurface/node_modules/findup-sync/node_modules/is-number/node_modules/kind-of/’
Warning in utils::tar(filepath, pkgname, compression = compression, compression_level = 9L,  :
  storing paths of more than 100 bytes is not portable:
  ‘neurosurf/inst/htmlwidgets/neurosurface/node_modules/findup-sync/node_modules/is-number/node_modules/kind-of/LICENSE’
Warning in utils::tar(filepath, pkgname, compression = compression, compression_level = 9L,  :
  storing paths of more than 100 bytes is not portable:
  ‘neurosurf/inst/htmlwidgets/neurosurface/node_modules/findup-sync/node_modules/is-number/node_modules/kind-of/README.md’
Warning in utils::tar(filepath, pkgname, compression = compression, compression_level = 9L,  :
  storing paths of more than 100 bytes is not portable:
  ‘neurosurf/inst/htmlwidgets/neurosurface/node_modules/findup-sync/node_modules/is-number/node_modules/kind-of/index.js’
Warning in utils::tar(filepath, pkgname, compression = compression, compression_level = 9L,  :
  storing paths of more than 100 bytes is not portable:
  ‘neurosurf/inst/htmlwidgets/neurosurface/node_modules/findup-sync/node_modules/is-number/node_modules/kind-of/package.json’
Warning in utils::tar(filepath, pkgname, compression = compression, compression_level = 9L,  :
  storing paths of more than 100 bytes is not portable:
  ‘neurosurf/inst/htmlwidgets/neurosurface/node_modules/findup-sync/node_modules/micromatch/CHANGELOG.md’
Warning in utils::tar(filepath, pkgname, compression = compression, compression_level = 9L,  :
  storing paths of more than 100 bytes is not portable:
  ‘neurosurf/inst/htmlwidgets/neurosurface/node_modules/findup-sync/node_modules/micromatch/lib/cache.js’
Warning in utils::tar(filepath, pkgname, compression = compression, compression_level = 9L,  :
  storing paths of more than 100 bytes is not portable:
  ‘neurosurf/inst/htmlwidgets/neurosurface/node_modules/findup-sync/node_modules/micromatch/lib/compilers.js’
Warning in utils::tar(filepath, pkgname, compression = compression, compression_level = 9L,  :
  storing paths of more than 100 bytes is not portable:
  ‘neurosurf/inst/htmlwidgets/neurosurface/node_modules/findup-sync/node_modules/micromatch/lib/parsers.js’
Warning in utils::tar(filepath, pkgname, compression = compression, compression_level = 9L,  :
  storing paths of more than 100 bytes is not portable:
  ‘neurosurf/inst/htmlwidgets/neurosurface/node_modules/findup-sync/node_modules/micromatch/lib/utils.js’
Warning in utils::tar(filepath, pkgname, compression = compression, compression_level = 9L,  :
  storing paths of more than 100 bytes is not portable:
  ‘neurosurf/inst/htmlwidgets/neurosurface/node_modules/findup-sync/node_modules/micromatch/package.json’
Warning in utils::tar(filepath, pkgname, compression = compression, compression_level = 9L,  :
  storing paths of more than 100 bytes is not portable:
  ‘neurosurf/inst/htmlwidgets/neurosurface/node_modules/findup-sync/node_modules/to-regex-range/README.md’
Warning in utils::tar(filepath, pkgname, compression = compression, compression_level = 9L,  :
  storing paths of more than 100 bytes is not portable:
  ‘neurosurf/inst/htmlwidgets/neurosurface/node_modules/findup-sync/node_modules/to-regex-range/index.js’
Warning in utils::tar(filepath, pkgname, compression = compression, compression_level = 9L,  :
  storing paths of more than 100 bytes is not portable:
  ‘neurosurf/inst/htmlwidgets/neurosurface/node_modules/findup-sync/node_modules/to-regex-range/package.json’
Warning in utils::tar(filepath, pkgname, compression = compression, compression_level = 9L,  :
  storing paths of more than 100 bytes is not portable:
  ‘neurosurf/inst/htmlwidgets/neurosurface/node_modules/fsevents/build/Release/.deps/Release/obj.target/’
Warning in utils::tar(filepath, pkgname, compression = compression, compression_level = 9L,  :
  storing paths of more than 100 bytes is not portable:
  ‘neurosurf/inst/htmlwidgets/neurosurface/node_modules/fsevents/build/Release/.deps/Release/obj.target/fse/’
Warning in utils::tar(filepath, pkgname, compression = compression, compression_level = 9L,  :
  storing paths of more than 100 bytes is not portable:
  ‘neurosurf/inst/htmlwidgets/neurosurface/node_modules/fsevents/build/Release/.deps/Release/obj.target/fse/fsevents.o.d’
Warning in utils::tar(filepath, pkgname, compression = compression, compression_level = 9L,  :
  storing paths of more than 100 bytes is not portable:
  ‘neurosurf/inst/htmlwidgets/neurosurface/node_modules/fsevents/build/Release/obj.target/fse/fsevents.o’
Warning in utils::tar(filepath, pkgname, compression = compression, compression_level = 9L,  :
  storing paths of more than 100 bytes is not portable:
  ‘neurosurf/inst/htmlwidgets/neurosurface/node_modules/glob-stream/node_modules/glob-parent/package.json’
Warning in utils::tar(filepath, pkgname, compression = compression, compression_level = 9L,  :
  storing paths of more than 100 bytes is not portable:
  ‘neurosurf/inst/htmlwidgets/neurosurface/node_modules/gulp-cli/lib/versioned/^3.7.0/log/tasks-simple.js’
Warning in utils::tar(filepath, pkgname, compression = compression, compression_level = 9L,  :
  storing paths of more than 100 bytes is not portable:
  ‘neurosurf/inst/htmlwidgets/neurosurface/node_modules/gulp-cli/lib/versioned/^4.0.0/log/tasks-simple.js’
Warning in utils::tar(filepath, pkgname, compression = compression, compression_level = 9L,  :
  storing paths of more than 100 bytes is not portable:
  ‘neurosurf/inst/htmlwidgets/neurosurface/node_modules/has-symbols/test/shams/get-own-property-symbols.js’
Warning in utils::tar(filepath, pkgname, compression = compression, compression_level = 9L,  :
  storing paths of more than 100 bytes is not portable:
  ‘neurosurf/inst/htmlwidgets/neurosurface/node_modules/has-values/node_modules/is-number/node_modules/kind-of/’
Warning in utils::tar(filepath, pkgname, compression = compression, compression_level = 9L,  :
  storing paths of more than 100 bytes is not portable:
  ‘neurosurf/inst/htmlwidgets/neurosurface/node_modules/has-values/node_modules/is-number/node_modules/kind-of/LICENSE’
Warning in utils::tar(filepath, pkgname, compression = compression, compression_level = 9L,  :
  storing paths of more than 100 bytes is not portable:
  ‘neurosurf/inst/htmlwidgets/neurosurface/node_modules/has-values/node_modules/is-number/node_modules/kind-of/README.md’
Warning in utils::tar(filepath, pkgname, compression = compression, compression_level = 9L,  :
  storing paths of more than 100 bytes is not portable:
  ‘neurosurf/inst/htmlwidgets/neurosurface/node_modules/has-values/node_modules/is-number/node_modules/kind-of/index.js’
Warning in utils::tar(filepath, pkgname, compression = compression, compression_level = 9L,  :
  storing paths of more than 100 bytes is not portable:
  ‘neurosurf/inst/htmlwidgets/neurosurface/node_modules/has-values/node_modules/is-number/node_modules/kind-of/package.json’
Warning in utils::tar(filepath, pkgname, compression = compression, compression_level = 9L,  :
  storing paths of more than 100 bytes is not portable:
  ‘neurosurf/inst/htmlwidgets/neurosurface/node_modules/jest-worker/build/workers/ChildProcessWorker.d.ts’
Warning in utils::tar(filepath, pkgname, compression = compression, compression_level = 9L,  :
  storing paths of more than 100 bytes is not portable:
  ‘neurosurf/inst/htmlwidgets/neurosurface/node_modules/jest-worker/build/workers/NodeThreadsWorker.d.ts’
Warning in utils::tar(filepath, pkgname, compression = compression, compression_level = 9L,  :
  storing paths of more than 100 bytes is not portable:
  ‘neurosurf/inst/htmlwidgets/neurosurface/node_modules/jest-worker/node_modules/supports-color/browser.js’
Warning in utils::tar(filepath, pkgname, compression = compression, compression_level = 9L,  :
  storing paths of more than 100 bytes is not portable:
  ‘neurosurf/inst/htmlwidgets/neurosurface/node_modules/jest-worker/node_modules/supports-color/index.js’
Warning in utils::tar(filepath, pkgname, compression = compression, compression_level = 9L,  :
  storing paths of more than 100 bytes is not portable:
  ‘neurosurf/inst/htmlwidgets/neurosurface/node_modules/jest-worker/node_modules/supports-color/package.json’
Warning in utils::tar(filepath, pkgname, compression = compression, compression_level = 9L,  :
  storing paths of more than 100 bytes is not portable:
  ‘neurosurf/inst/htmlwidgets/neurosurface/node_modules/jest-worker/node_modules/supports-color/readme.md’
Warning in utils::tar(filepath, pkgname, compression = compression, compression_level = 9L,  :
  storing paths of more than 100 bytes is not portable:
  ‘neurosurf/inst/htmlwidgets/neurosurface/node_modules/json-schema-traverse/.github/workflows/build.yml’
Warning in utils::tar(filepath, pkgname, compression = compression, compression_level = 9L,  :
  storing paths of more than 100 bytes is not portable:
  ‘neurosurf/inst/htmlwidgets/neurosurface/node_modules/json-schema-traverse/.github/workflows/publish.yml’
Warning in utils::tar(filepath, pkgname, compression = compression, compression_level = 9L,  :
  storing paths of more than 100 bytes is not portable:
  ‘neurosurf/inst/htmlwidgets/neurosurface/node_modules/json-stable-stringify-without-jsonify/.npmignore’
Warning in utils::tar(filepath, pkgname, compression = compression, compression_level = 9L,  :
  storing paths of more than 100 bytes is not portable:
  ‘neurosurf/inst/htmlwidgets/neurosurface/node_modules/json-stable-stringify-without-jsonify/.travis.yml’
Warning in utils::tar(filepath, pkgname, compression = compression, compression_level = 9L,  :
  storing paths of more than 100 bytes is not portable:
  ‘neurosurf/inst/htmlwidgets/neurosurface/node_modules/json-stable-stringify-without-jsonify/example/key_cmp.js’
Warning in utils::tar(filepath, pkgname, compression = compression, compression_level = 9L,  :
  storing paths of more than 100 bytes is not portable:
  ‘neurosurf/inst/htmlwidgets/neurosurface/node_modules/json-stable-stringify-without-jsonify/example/nested.js’
Warning in utils::tar(filepath, pkgname, compression = compression, compression_level = 9L,  :
  storing paths of more than 100 bytes is not portable:
  ‘neurosurf/inst/htmlwidgets/neurosurface/node_modules/json-stable-stringify-without-jsonify/example/str.js’
Warning in utils::tar(filepath, pkgname, compression = compression, compression_level = 9L,  :
  storing paths of more than 100 bytes is not portable:
  ‘neurosurf/inst/htmlwidgets/neurosurface/node_modules/json-stable-stringify-without-jsonify/example/value_cmp.js’
Warning in utils::tar(filepath, pkgname, compression = compression, compression_level = 9L,  :
  storing paths of more than 100 bytes is not portable:
  ‘neurosurf/inst/htmlwidgets/neurosurface/node_modules/json-stable-stringify-without-jsonify/package.json’
Warning in utils::tar(filepath, pkgname, compression = compression, compression_level = 9L,  :
  storing paths of more than 100 bytes is not portable:
  ‘neurosurf/inst/htmlwidgets/neurosurface/node_modules/json-stable-stringify-without-jsonify/readme.markdown’
Warning in utils::tar(filepath, pkgname, compression = compression, compression_level = 9L,  :
  storing paths of more than 100 bytes is not portable:
  ‘neurosurf/inst/htmlwidgets/neurosurface/node_modules/json-stable-stringify-without-jsonify/test/cmp.js’
Warning in utils::tar(filepath, pkgname, compression = compression, compression_level = 9L,  :
  storing paths of more than 100 bytes is not portable:
  ‘neurosurf/inst/htmlwidgets/neurosurface/node_modules/json-stable-stringify-without-jsonify/test/nested.js’
Warning in utils::tar(filepath, pkgname, compression = compression, compression_level = 9L,  :
  storing paths of more than 100 bytes is not portable:
  ‘neurosurf/inst/htmlwidgets/neurosurface/node_modules/json-stable-stringify-without-jsonify/test/replacer.js’
Warning in utils::tar(filepath, pkgname, compression = compression, compression_level = 9L,  :
  storing paths of more than 100 bytes is not portable:
  ‘neurosurf/inst/htmlwidgets/neurosurface/node_modules/json-stable-stringify-without-jsonify/test/space.js’
Warning in utils::tar(filepath, pkgname, compression = compression, compression_level = 9L,  :
  storing paths of more than 100 bytes is not portable:
  ‘neurosurf/inst/htmlwidgets/neurosurface/node_modules/json-stable-stringify-without-jsonify/test/str.js’
Warning in utils::tar(filepath, pkgname, compression = compression, compression_level = 9L,  :
  storing paths of more than 100 bytes is not portable:
  ‘neurosurf/inst/htmlwidgets/neurosurface/node_modules/json-stable-stringify-without-jsonify/test/to-json.js’
Warning in utils::tar(filepath, pkgname, compression = compression, compression_level = 9L,  :
  storing paths of more than 100 bytes is not portable:
  ‘neurosurf/inst/htmlwidgets/neurosurface/node_modules/matchdep/node_modules/braces/node_modules/extend-shallow/’
Warning in utils::tar(filepath, pkgname, compression = compression, compression_level = 9L,  :
  storing paths of more than 100 bytes is not portable:
  ‘neurosurf/inst/htmlwidgets/neurosurface/node_modules/matchdep/node_modules/braces/node_modules/extend-shallow/LICENSE’
Warning in utils::tar(filepath, pkgname, compression = compression, compression_level = 9L,  :
  storing paths of more than 100 bytes is not portable:
  ‘neurosurf/inst/htmlwidgets/neurosurface/node_modules/matchdep/node_modules/braces/node_modules/extend-shallow/README.md’
Warning in utils::tar(filepath, pkgname, compression = compression, compression_level = 9L,  :
  storing paths of more than 100 bytes is not portable:
  ‘neurosurf/inst/htmlwidgets/neurosurface/node_modules/matchdep/node_modules/braces/node_modules/extend-shallow/index.js’
Warning in utils::tar(filepath, pkgname, compression = compression, compression_level = 9L,  :
  storing paths of more than 100 bytes is not portable:
  ‘neurosurf/inst/htmlwidgets/neurosurface/node_modules/matchdep/node_modules/braces/node_modules/extend-shallow/package.json’
Warning in utils::tar(filepath, pkgname, compression = compression, compression_level = 9L,  :
  storing paths of more than 100 bytes is not portable:
  ‘neurosurf/inst/htmlwidgets/neurosurface/node_modules/matchdep/node_modules/fill-range/node_modules/extend-shallow/’
Warning in utils::tar(filepath, pkgname, compression = compression, compression_level = 9L,  :
  storing paths of more than 100 bytes is not portable:
  ‘neurosurf/inst/htmlwidgets/neurosurface/node_modules/matchdep/node_modules/fill-range/node_modules/extend-shallow/LICENSE’
Warning in utils::tar(filepath, pkgname, compression = compression, compression_level = 9L,  :
  storing paths of more than 100 bytes is not portable:
  ‘neurosurf/inst/htmlwidgets/neurosurface/node_modules/matchdep/node_modules/fill-range/node_modules/extend-shallow/README.md’
Warning in utils::tar(filepath, pkgname, compression = compression, compression_level = 9L,  :
  storing paths of more than 100 bytes is not portable:
  ‘neurosurf/inst/htmlwidgets/neurosurface/node_modules/matchdep/node_modules/fill-range/node_modules/extend-shallow/index.js’
Warning in utils::tar(filepath, pkgname, compression = compression, compression_level = 9L,  :
  storing paths of more than 100 bytes is not portable:
  ‘neurosurf/inst/htmlwidgets/neurosurface/node_modules/matchdep/node_modules/fill-range/node_modules/extend-shallow/package.json’
Warning in utils::tar(filepath, pkgname, compression = compression, compression_level = 9L,  :
  storing paths of more than 100 bytes is not portable:
  ‘neurosurf/inst/htmlwidgets/neurosurface/node_modules/matchdep/node_modules/is-extendable/package.json’
Warning in utils::tar(filepath, pkgname, compression = compression, compression_level = 9L,  :
  storing paths of more than 100 bytes is not portable:
  ‘neurosurf/inst/htmlwidgets/neurosurface/node_modules/matchdep/node_modules/is-number/node_modules/kind-of/’
Warning in utils::tar(filepath, pkgname, compression = compression, compression_level = 9L,  :
  storing paths of more than 100 bytes is not portable:
  ‘neurosurf/inst/htmlwidgets/neurosurface/node_modules/matchdep/node_modules/is-number/node_modules/kind-of/LICENSE’
Warning in utils::tar(filepath, pkgname, compression = compression, compression_level = 9L,  :
  storing paths of more than 100 bytes is not portable:
  ‘neurosurf/inst/htmlwidgets/neurosurface/node_modules/matchdep/node_modules/is-number/node_modules/kind-of/README.md’
Warning in utils::tar(filepath, pkgname, compression = compression, compression_level = 9L,  :
  storing paths of more than 100 bytes is not portable:
  ‘neurosurf/inst/htmlwidgets/neurosurface/node_modules/matchdep/node_modules/is-number/node_modules/kind-of/index.js’
Warning in utils::tar(filepath, pkgname, compression = compression, compression_level = 9L,  :
  storing paths of more than 100 bytes is not portable:
  ‘neurosurf/inst/htmlwidgets/neurosurface/node_modules/matchdep/node_modules/is-number/node_modules/kind-of/package.json’
Warning in utils::tar(filepath, pkgname, compression = compression, compression_level = 9L,  :
  storing paths of more than 100 bytes is not portable:
  ‘neurosurf/inst/htmlwidgets/neurosurface/node_modules/matchdep/node_modules/micromatch/lib/compilers.js’
Warning in utils::tar(filepath, pkgname, compression = compression, compression_level = 9L,  :
  storing paths of more than 100 bytes is not portable:
  ‘neurosurf/inst/htmlwidgets/neurosurface/node_modules/matchdep/node_modules/to-regex-range/package.json’
Warning in utils::tar(filepath, pkgname, compression = compression, compression_level = 9L,  :
  storing paths of more than 100 bytes is not portable:
  ‘neurosurf/inst/htmlwidgets/neurosurface/node_modules/node-releases/data/release-schedule/release-schedule.json’
Warning in utils::tar(filepath, pkgname, compression = compression, compression_level = 9L,  :
  storing paths of more than 100 bytes is not portable:
  ‘neurosurf/inst/htmlwidgets/neurosurface/node_modules/normalize-package-data/lib/extract_description.js’
Warning in utils::tar(filepath, pkgname, compression = compression, compression_level = 9L,  :
  storing paths of more than 100 bytes is not portable:
  ‘neurosurf/inst/htmlwidgets/neurosurface/node_modules/normalize-package-data/lib/warning_messages.json’
Warning in utils::tar(filepath, pkgname, compression = compression, compression_level = 9L,  :
  storing paths of more than 100 bytes is not portable:
  ‘neurosurf/inst/htmlwidgets/neurosurface/node_modules/normalize-package-data/node_modules/semver/LICENSE’
Warning in utils::tar(filepath, pkgname, compression = compression, compression_level = 9L,  :
  storing paths of more than 100 bytes is not portable:
  ‘neurosurf/inst/htmlwidgets/neurosurface/node_modules/normalize-package-data/node_modules/semver/README.md’
Warning in utils::tar(filepath, pkgname, compression = compression, compression_level = 9L,  :
  storing paths of more than 100 bytes is not portable:
  ‘neurosurf/inst/htmlwidgets/neurosurface/node_modules/normalize-package-data/node_modules/semver/bin/semver’
Warning in utils::tar(filepath, pkgname, compression = compression, compression_level = 9L,  :
  storing paths of more than 100 bytes is not portable:
  ‘neurosurf/inst/htmlwidgets/neurosurface/node_modules/normalize-package-data/node_modules/semver/package.json’
Warning in utils::tar(filepath, pkgname, compression = compression, compression_level = 9L,  :
  storing paths of more than 100 bytes is not portable:
  ‘neurosurf/inst/htmlwidgets/neurosurface/node_modules/normalize-package-data/node_modules/semver/range.bnf’
Warning in utils::tar(filepath, pkgname, compression = compression, compression_level = 9L,  :
  storing paths of more than 100 bytes is not portable:
  ‘neurosurf/inst/htmlwidgets/neurosurface/node_modules/normalize-package-data/node_modules/semver/semver.js’
Warning in utils::tar(filepath, pkgname, compression = compression, compression_level = 9L,  :
  storing paths of more than 100 bytes is not portable:
  ‘neurosurf/inst/htmlwidgets/neurosurface/node_modules/object-copy/node_modules/define-property/LICENSE’
Warning in utils::tar(filepath, pkgname, compression = compression, compression_level = 9L,  :
  storing paths of more than 100 bytes is not portable:
  ‘neurosurf/inst/htmlwidgets/neurosurface/node_modules/object-copy/node_modules/define-property/README.md’
Warning in utils::tar(filepath, pkgname, compression = compression, compression_level = 9L,  :
  storing paths of more than 100 bytes is not portable:
  ‘neurosurf/inst/htmlwidgets/neurosurface/node_modules/object-copy/node_modules/define-property/index.js’
Warning in utils::tar(filepath, pkgname, compression = compression, compression_level = 9L,  :
  storing paths of more than 100 bytes is not portable:
  ‘neurosurf/inst/htmlwidgets/neurosurface/node_modules/object-copy/node_modules/define-property/package.json’
Warning in utils::tar(filepath, pkgname, compression = compression, compression_level = 9L,  :
  storing paths of more than 100 bytes is not portable:
  ‘neurosurf/inst/htmlwidgets/neurosurface/node_modules/object-copy/node_modules/is-descriptor/.editorconfig’
Warning in utils::tar(filepath, pkgname, compression = compression, compression_level = 9L,  :
  storing paths of more than 100 bytes is not portable:
  ‘neurosurf/inst/htmlwidgets/neurosurface/node_modules/object-copy/node_modules/is-descriptor/.eslintrc’
Warning in utils::tar(filepath, pkgname, compression = compression, compression_level = 9L,  :
  storing paths of more than 100 bytes is not portable:
  ‘neurosurf/inst/htmlwidgets/neurosurface/node_modules/object-copy/node_modules/is-descriptor/.github/FUNDING.yml’
Warning in utils::tar(filepath, pkgname, compression = compression, compression_level = 9L,  :
  storing paths of more than 100 bytes is not portable:
  ‘neurosurf/inst/htmlwidgets/neurosurface/node_modules/object-copy/node_modules/is-descriptor/CHANGELOG.md’
Warning in utils::tar(filepath, pkgname, compression = compression, compression_level = 9L,  :
  storing paths of more than 100 bytes is not portable:
  ‘neurosurf/inst/htmlwidgets/neurosurface/node_modules/object-copy/node_modules/is-descriptor/README.md’
Warning in utils::tar(filepath, pkgname, compression = compression, compression_level = 9L,  :
  storing paths of more than 100 bytes is not portable:
  ‘neurosurf/inst/htmlwidgets/neurosurface/node_modules/object-copy/node_modules/is-descriptor/package.json’
Warning in utils::tar(filepath, pkgname, compression = compression, compression_level = 9L,  :
  storing paths of more than 100 bytes is not portable:
  ‘neurosurf/inst/htmlwidgets/neurosurface/node_modules/object-copy/node_modules/is-descriptor/test/index.js’
Warning in utils::tar(filepath, pkgname, compression = compression, compression_level = 9L,  :
  storing paths of more than 100 bytes is not portable:
  ‘neurosurf/inst/htmlwidgets/neurosurface/node_modules/read-pkg-up/node_modules/path-exists/package.json’
Warning in utils::tar(filepath, pkgname, compression = compression, compression_level = 9L,  :
  storing paths of more than 100 bytes is not portable:
  ‘neurosurf/inst/htmlwidgets/neurosurface/node_modules/readable-stream/lib/internal/streams/BufferList.js’
Warning in utils::tar(filepath, pkgname, compression = compression, compression_level = 9L,  :
  storing paths of more than 100 bytes is not portable:
  ‘neurosurf/inst/htmlwidgets/neurosurface/node_modules/readable-stream/lib/internal/streams/stream-browser.js’
Warning in utils::tar(filepath, pkgname, compression = compression, compression_level = 9L,  :
  storing paths of more than 100 bytes is not portable:
  ‘neurosurf/inst/htmlwidgets/neurosurface/node_modules/readable-stream/node_modules/safe-buffer/LICENSE’
Warning in utils::tar(filepath, pkgname, compression = compression, compression_level = 9L,  :
  storing paths of more than 100 bytes is not portable:
  ‘neurosurf/inst/htmlwidgets/neurosurface/node_modules/readable-stream/node_modules/safe-buffer/README.md’
Warning in utils::tar(filepath, pkgname, compression = compression, compression_level = 9L,  :
  storing paths of more than 100 bytes is not portable:
  ‘neurosurf/inst/htmlwidgets/neurosurface/node_modules/readable-stream/node_modules/safe-buffer/index.d.ts’
Warning in utils::tar(filepath, pkgname, compression = compression, compression_level = 9L,  :
  storing paths of more than 100 bytes is not portable:
  ‘neurosurf/inst/htmlwidgets/neurosurface/node_modules/readable-stream/node_modules/safe-buffer/index.js’
Warning in utils::tar(filepath, pkgname, compression = compression, compression_level = 9L,  :
  storing paths of more than 100 bytes is not portable:
  ‘neurosurf/inst/htmlwidgets/neurosurface/node_modules/readable-stream/node_modules/safe-buffer/package.json’
Warning in utils::tar(filepath, pkgname, compression = compression, compression_level = 9L,  :
  storing paths of more than 100 bytes is not portable:
  ‘neurosurf/inst/htmlwidgets/neurosurface/node_modules/readdirp/node_modules/braces/node_modules/extend-shallow/’
Warning in utils::tar(filepath, pkgname, compression = compression, compression_level = 9L,  :
  storing paths of more than 100 bytes is not portable:
  ‘neurosurf/inst/htmlwidgets/neurosurface/node_modules/readdirp/node_modules/braces/node_modules/extend-shallow/LICENSE’
Warning in utils::tar(filepath, pkgname, compression = compression, compression_level = 9L,  :
  storing paths of more than 100 bytes is not portable:
  ‘neurosurf/inst/htmlwidgets/neurosurface/node_modules/readdirp/node_modules/braces/node_modules/extend-shallow/README.md’
Warning in utils::tar(filepath, pkgname, compression = compression, compression_level = 9L,  :
  storing paths of more than 100 bytes is not portable:
  ‘neurosurf/inst/htmlwidgets/neurosurface/node_modules/readdirp/node_modules/braces/node_modules/extend-shallow/index.js’
Warning in utils::tar(filepath, pkgname, compression = compression, compression_level = 9L,  :
  storing paths of more than 100 bytes is not portable:
  ‘neurosurf/inst/htmlwidgets/neurosurface/node_modules/readdirp/node_modules/braces/node_modules/extend-shallow/package.json’
Warning in utils::tar(filepath, pkgname, compression = compression, compression_level = 9L,  :
  storing paths of more than 100 bytes is not portable:
  ‘neurosurf/inst/htmlwidgets/neurosurface/node_modules/readdirp/node_modules/fill-range/node_modules/extend-shallow/’
Warning in utils::tar(filepath, pkgname, compression = compression, compression_level = 9L,  :
  storing paths of more than 100 bytes is not portable:
  ‘neurosurf/inst/htmlwidgets/neurosurface/node_modules/readdirp/node_modules/fill-range/node_modules/extend-shallow/LICENSE’
Warning in utils::tar(filepath, pkgname, compression = compression, compression_level = 9L,  :
  storing paths of more than 100 bytes is not portable:
  ‘neurosurf/inst/htmlwidgets/neurosurface/node_modules/readdirp/node_modules/fill-range/node_modules/extend-shallow/README.md’
Warning in utils::tar(filepath, pkgname, compression = compression, compression_level = 9L,  :
  storing paths of more than 100 bytes is not portable:
  ‘neurosurf/inst/htmlwidgets/neurosurface/node_modules/readdirp/node_modules/fill-range/node_modules/extend-shallow/index.js’
Warning in utils::tar(filepath, pkgname, compression = compression, compression_level = 9L,  :
  storing paths of more than 100 bytes is not portable:
  ‘neurosurf/inst/htmlwidgets/neurosurface/node_modules/readdirp/node_modules/fill-range/node_modules/extend-shallow/package.json’
Warning in utils::tar(filepath, pkgname, compression = compression, compression_level = 9L,  :
  storing paths of more than 100 bytes is not portable:
  ‘neurosurf/inst/htmlwidgets/neurosurface/node_modules/readdirp/node_modules/is-extendable/package.json’
Warning in utils::tar(filepath, pkgname, compression = compression, compression_level = 9L,  :
  storing paths of more than 100 bytes is not portable:
  ‘neurosurf/inst/htmlwidgets/neurosurface/node_modules/readdirp/node_modules/is-number/node_modules/kind-of/’
Warning in utils::tar(filepath, pkgname, compression = compression, compression_level = 9L,  :
  storing paths of more than 100 bytes is not portable:
  ‘neurosurf/inst/htmlwidgets/neurosurface/node_modules/readdirp/node_modules/is-number/node_modules/kind-of/LICENSE’
Warning in utils::tar(filepath, pkgname, compression = compression, compression_level = 9L,  :
  storing paths of more than 100 bytes is not portable:
  ‘neurosurf/inst/htmlwidgets/neurosurface/node_modules/readdirp/node_modules/is-number/node_modules/kind-of/README.md’
Warning in utils::tar(filepath, pkgname, compression = compression, compression_level = 9L,  :
  storing paths of more than 100 bytes is not portable:
  ‘neurosurf/inst/htmlwidgets/neurosurface/node_modules/readdirp/node_modules/is-number/node_modules/kind-of/index.js’
Warning in utils::tar(filepath, pkgname, compression = compression, compression_level = 9L,  :
  storing paths of more than 100 bytes is not portable:
  ‘neurosurf/inst/htmlwidgets/neurosurface/node_modules/readdirp/node_modules/is-number/node_modules/kind-of/package.json’
Warning in utils::tar(filepath, pkgname, compression = compression, compression_level = 9L,  :
  storing paths of more than 100 bytes is not portable:
  ‘neurosurf/inst/htmlwidgets/neurosurface/node_modules/readdirp/node_modules/micromatch/lib/compilers.js’
Warning in utils::tar(filepath, pkgname, compression = compression, compression_level = 9L,  :
  storing paths of more than 100 bytes is not portable:
  ‘neurosurf/inst/htmlwidgets/neurosurface/node_modules/readdirp/node_modules/to-regex-range/package.json’
Warning in utils::tar(filepath, pkgname, compression = compression, compression_level = 9L,  :
  storing paths of more than 100 bytes is not portable:
  ‘neurosurf/inst/htmlwidgets/neurosurface/node_modules/resolve/test/module_dir/zmodules/bbb/package.json’
Warning in utils::tar(filepath, pkgname, compression = compression, compression_level = 9L,  :
  storing paths of more than 100 bytes is not portable:
  ‘neurosurf/inst/htmlwidgets/neurosurface/node_modules/resolve/test/resolver/browser_field/package.json’
Warning in utils::tar(filepath, pkgname, compression = compression, compression_level = 9L,  :
  storing paths of more than 100 bytes is not portable:
  ‘neurosurf/inst/htmlwidgets/neurosurface/node_modules/resolve/test/resolver/dot_slash_main/package.json’
Warning in utils::tar(filepath, pkgname, compression = compression, compression_level = 9L,  :
  storing paths of more than 100 bytes is not portable:
  ‘neurosurf/inst/htmlwidgets/neurosurface/node_modules/resolve/test/resolver/incorrect_main/package.json’
Warning in utils::tar(filepath, pkgname, compression = compression, compression_level = 9L,  :
  storing paths of more than 100 bytes is not portable:
  ‘neurosurf/inst/htmlwidgets/neurosurface/node_modules/resolve/test/resolver/multirepo/packages/package-a/’
Warning in utils::tar(filepath, pkgname, compression = compression, compression_level = 9L,  :
  storing paths of more than 100 bytes is not portable:
  ‘neurosurf/inst/htmlwidgets/neurosurface/node_modules/resolve/test/resolver/multirepo/packages/package-a/index.js’
Warning in utils::tar(filepath, pkgname, compression = compression, compression_level = 9L,  :
  storing paths of more than 100 bytes is not portable:
  ‘neurosurf/inst/htmlwidgets/neurosurface/node_modules/resolve/test/resolver/multirepo/packages/package-a/package.json’
Warning in utils::tar(filepath, pkgname, compression = compression, compression_level = 9L,  :
  storing paths of more than 100 bytes is not portable:
  ‘neurosurf/inst/htmlwidgets/neurosurface/node_modules/resolve/test/resolver/multirepo/packages/package-b/’
Warning in utils::tar(filepath, pkgname, compression = compression, compression_level = 9L,  :
  storing paths of more than 100 bytes is not portable:
  ‘neurosurf/inst/htmlwidgets/neurosurface/node_modules/resolve/test/resolver/multirepo/packages/package-b/index.js’
Warning in utils::tar(filepath, pkgname, compression = compression, compression_level = 9L,  :
  storing paths of more than 100 bytes is not portable:
  ‘neurosurf/inst/htmlwidgets/neurosurface/node_modules/resolve/test/resolver/multirepo/packages/package-b/package.json’
Warning in utils::tar(filepath, pkgname, compression = compression, compression_level = 9L,  :
  storing paths of more than 100 bytes is not portable:
  ‘neurosurf/inst/htmlwidgets/neurosurface/node_modules/resolve/test/resolver/nested_symlinks/mylib/async.js’
Warning in utils::tar(filepath, pkgname, compression = compression, compression_level = 9L,  :
  storing paths of more than 100 bytes is not portable:
  ‘neurosurf/inst/htmlwidgets/neurosurface/node_modules/resolve/test/resolver/nested_symlinks/mylib/package.json’
Warning in utils::tar(filepath, pkgname, compression = compression, compression_level = 9L,  :
  storing paths of more than 100 bytes is not portable:
  ‘neurosurf/inst/htmlwidgets/neurosurface/node_modules/resolve/test/resolver/nested_symlinks/mylib/sync.js’
Warning in utils::tar(filepath, pkgname, compression = compression, compression_level = 9L,  :
  storing paths of more than 100 bytes is not portable:
  ‘neurosurf/inst/htmlwidgets/neurosurface/node_modules/resolve/test/resolver/other_path/lib/other-lib.js’
Warning in utils::tar(filepath, pkgname, compression = compression, compression_level = 9L,  :
  storing paths of more than 100 bytes is not portable:
  ‘neurosurf/inst/htmlwidgets/neurosurface/node_modules/resolve/test/resolver/symlinked/_/node_modules/foo.js’
Warning in utils::tar(filepath, pkgname, compression = compression, compression_level = 9L,  :
  storing paths of more than 100 bytes is not portable:
  ‘neurosurf/inst/htmlwidgets/neurosurface/node_modules/resolve/test/resolver/symlinked/_/symlink_target/’
Warning in utils::tar(filepath, pkgname, compression = compression, compression_level = 9L,  :
  storing paths of more than 100 bytes is not portable:
  ‘neurosurf/inst/htmlwidgets/neurosurface/node_modules/resolve/test/resolver/symlinked/_/symlink_target/.gitkeep’
Warning in utils::tar(filepath, pkgname, compression = compression, compression_level = 9L,  :
  storing paths of more than 100 bytes is not portable:
  ‘neurosurf/inst/htmlwidgets/neurosurface/node_modules/resolve/test/resolver/symlinked/package/package.json’
Warning in utils::tar(filepath, pkgname, compression = compression, compression_level = 9L,  :
  storing paths of more than 100 bytes is not portable:
  ‘neurosurf/inst/htmlwidgets/neurosurface/node_modules/resolve/test/shadowed_core/node_modules/util/index.js’
Warning in utils::tar(filepath, pkgname, compression = compression, compression_level = 9L,  :
  storing paths of more than 100 bytes is not portable:
  ‘neurosurf/inst/htmlwidgets/neurosurface/node_modules/schema-utils/declarations/keywords/absolutePath.d.ts’
Warning in utils::tar(filepath, pkgname, compression = compression, compression_level = 9L,  :
  storing paths of more than 100 bytes is not portable:
  ‘neurosurf/inst/htmlwidgets/neurosurface/node_modules/schema-utils/declarations/keywords/undefinedAsNull.d.ts’
Warning in utils::tar(filepath, pkgname, compression = compression, compression_level = 9L,  :
  storing paths of more than 100 bytes is not portable:
  ‘neurosurf/inst/htmlwidgets/neurosurface/node_modules/set-value/node_modules/extend-shallow/package.json’
Warning in utils::tar(filepath, pkgname, compression = compression, compression_level = 9L,  :
  storing paths of more than 100 bytes is not portable:
  ‘neurosurf/inst/htmlwidgets/neurosurface/node_modules/set-value/node_modules/is-extendable/package.json’
Warning in utils::tar(filepath, pkgname, compression = compression, compression_level = 9L,  :
  storing paths of more than 100 bytes is not portable:
  ‘neurosurf/inst/htmlwidgets/neurosurface/node_modules/snapdragon-node/node_modules/define-property/LICENSE’
Warning in utils::tar(filepath, pkgname, compression = compression, compression_level = 9L,  :
  storing paths of more than 100 bytes is not portable:
  ‘neurosurf/inst/htmlwidgets/neurosurface/node_modules/snapdragon-node/node_modules/define-property/README.md’
Warning in utils::tar(filepath, pkgname, compression = compression, compression_level = 9L,  :
  storing paths of more than 100 bytes is not portable:
  ‘neurosurf/inst/htmlwidgets/neurosurface/node_modules/snapdragon-node/node_modules/define-property/index.js’
Warning in utils::tar(filepath, pkgname, compression = compression, compression_level = 9L,  :
  storing paths of more than 100 bytes is not portable:
  ‘neurosurf/inst/htmlwidgets/neurosurface/node_modules/snapdragon-node/node_modules/define-property/package.json’
Warning in utils::tar(filepath, pkgname, compression = compression, compression_level = 9L,  :
  storing paths of more than 100 bytes is not portable:
  ‘neurosurf/inst/htmlwidgets/neurosurface/node_modules/snapdragon-util/node_modules/kind-of/package.json’
Warning in utils::tar(filepath, pkgname, compression = compression, compression_level = 9L,  :
  storing paths of more than 100 bytes is not portable:
  ‘neurosurf/inst/htmlwidgets/neurosurface/node_modules/snapdragon/node_modules/debug/src/inspector-log.js’
Warning in utils::tar(filepath, pkgname, compression = compression, compression_level = 9L,  :
  storing paths of more than 100 bytes is not portable:
  ‘neurosurf/inst/htmlwidgets/neurosurface/node_modules/snapdragon/node_modules/define-property/README.md’
Warning in utils::tar(filepath, pkgname, compression = compression, compression_level = 9L,  :
  storing paths of more than 100 bytes is not portable:
  ‘neurosurf/inst/htmlwidgets/neurosurface/node_modules/snapdragon/node_modules/define-property/index.js’
Warning in utils::tar(filepath, pkgname, compression = compression, compression_level = 9L,  :
  storing paths of more than 100 bytes is not portable:
  ‘neurosurf/inst/htmlwidgets/neurosurface/node_modules/snapdragon/node_modules/define-property/package.json’
Warning in utils::tar(filepath, pkgname, compression = compression, compression_level = 9L,  :
  storing paths of more than 100 bytes is not portable:
  ‘neurosurf/inst/htmlwidgets/neurosurface/node_modules/snapdragon/node_modules/extend-shallow/README.md’
Warning in utils::tar(filepath, pkgname, compression = compression, compression_level = 9L,  :
  storing paths of more than 100 bytes is not portable:
  ‘neurosurf/inst/htmlwidgets/neurosurface/node_modules/snapdragon/node_modules/extend-shallow/package.json’
Warning in utils::tar(filepath, pkgname, compression = compression, compression_level = 9L,  :
  storing paths of more than 100 bytes is not portable:
  ‘neurosurf/inst/htmlwidgets/neurosurface/node_modules/snapdragon/node_modules/is-descriptor/.editorconfig’
Warning in utils::tar(filepath, pkgname, compression = compression, compression_level = 9L,  :
  storing paths of more than 100 bytes is not portable:
  ‘neurosurf/inst/htmlwidgets/neurosurface/node_modules/snapdragon/node_modules/is-descriptor/.github/FUNDING.yml’
Warning in utils::tar(filepath, pkgname, compression = compression, compression_level = 9L,  :
  storing paths of more than 100 bytes is not portable:
  ‘neurosurf/inst/htmlwidgets/neurosurface/node_modules/snapdragon/node_modules/is-descriptor/CHANGELOG.md’
Warning in utils::tar(filepath, pkgname, compression = compression, compression_level = 9L,  :
  storing paths of more than 100 bytes is not portable:
  ‘neurosurf/inst/htmlwidgets/neurosurface/node_modules/snapdragon/node_modules/is-descriptor/package.json’
Warning in utils::tar(filepath, pkgname, compression = compression, compression_level = 9L,  :
  storing paths of more than 100 bytes is not portable:
  ‘neurosurf/inst/htmlwidgets/neurosurface/node_modules/snapdragon/node_modules/is-descriptor/test/index.js’
Warning in utils::tar(filepath, pkgname, compression = compression, compression_level = 9L,  :
  storing paths of more than 100 bytes is not portable:
  ‘neurosurf/inst/htmlwidgets/neurosurface/node_modules/snapdragon/node_modules/is-extendable/package.json’
Warning in utils::tar(filepath, pkgname, compression = compression, compression_level = 9L,  :
  storing paths of more than 100 bytes is not portable:
  ‘neurosurf/inst/htmlwidgets/neurosurface/node_modules/snapdragon/node_modules/source-map/dist/source-map.debug.js’
Warning in utils::tar(filepath, pkgname, compression = compression, compression_level = 9L,  :
  storing paths of more than 100 bytes is not portable:
  ‘neurosurf/inst/htmlwidgets/neurosurface/node_modules/snapdragon/node_modules/source-map/dist/source-map.js’
Warning in utils::tar(filepath, pkgname, compression = compression, compression_level = 9L,  :
  storing paths of more than 100 bytes is not portable:
  ‘neurosurf/inst/htmlwidgets/neurosurface/node_modules/snapdragon/node_modules/source-map/dist/source-map.min.js’
Warning in utils::tar(filepath, pkgname, compression = compression, compression_level = 9L,  :
  storing paths of more than 100 bytes is not portable:
  ‘neurosurf/inst/htmlwidgets/neurosurface/node_modules/snapdragon/node_modules/source-map/dist/source-map.min.js.map’
Warning in utils::tar(filepath, pkgname, compression = compression, compression_level = 9L,  :
  storing paths of more than 100 bytes is not portable:
  ‘neurosurf/inst/htmlwidgets/neurosurface/node_modules/snapdragon/node_modules/source-map/lib/array-set.js’
Warning in utils::tar(filepath, pkgname, compression = compression, compression_level = 9L,  :
  storing paths of more than 100 bytes is not portable:
  ‘neurosurf/inst/htmlwidgets/neurosurface/node_modules/snapdragon/node_modules/source-map/lib/base64-vlq.js’
Warning in utils::tar(filepath, pkgname, compression = compression, compression_level = 9L,  :
  storing paths of more than 100 bytes is not portable:
  ‘neurosurf/inst/htmlwidgets/neurosurface/node_modules/snapdragon/node_modules/source-map/lib/base64.js’
Warning in utils::tar(filepath, pkgname, compression = compression, compression_level = 9L,  :
  storing paths of more than 100 bytes is not portable:
  ‘neurosurf/inst/htmlwidgets/neurosurface/node_modules/snapdragon/node_modules/source-map/lib/binary-search.js’
Warning in utils::tar(filepath, pkgname, compression = compression, compression_level = 9L,  :
  storing paths of more than 100 bytes is not portable:
  ‘neurosurf/inst/htmlwidgets/neurosurface/node_modules/snapdragon/node_modules/source-map/lib/mapping-list.js’
Warning in utils::tar(filepath, pkgname, compression = compression, compression_level = 9L,  :
  storing paths of more than 100 bytes is not portable:
  ‘neurosurf/inst/htmlwidgets/neurosurface/node_modules/snapdragon/node_modules/source-map/lib/quick-sort.js’
Warning in utils::tar(filepath, pkgname, compression = compression, compression_level = 9L,  :
  storing paths of more than 100 bytes is not portable:
  ‘neurosurf/inst/htmlwidgets/neurosurface/node_modules/snapdragon/node_modules/source-map/lib/source-map-consumer.js’
Warning in utils::tar(filepath, pkgname, compression = compression, compression_level = 9L,  :
  storing paths of more than 100 bytes is not portable:
  ‘neurosurf/inst/htmlwidgets/neurosurface/node_modules/snapdragon/node_modules/source-map/lib/source-map-generator.js’
Warning in utils::tar(filepath, pkgname, compression = compression, compression_level = 9L,  :
  storing paths of more than 100 bytes is not portable:
  ‘neurosurf/inst/htmlwidgets/neurosurface/node_modules/snapdragon/node_modules/source-map/lib/source-node.js’
Warning in utils::tar(filepath, pkgname, compression = compression, compression_level = 9L,  :
  storing paths of more than 100 bytes is not portable:
  ‘neurosurf/inst/htmlwidgets/neurosurface/node_modules/snapdragon/node_modules/source-map/source-map.js’
Warning in utils::tar(filepath, pkgname, compression = compression, compression_level = 9L,  :
  storing paths of more than 100 bytes is not portable:
  ‘neurosurf/inst/htmlwidgets/neurosurface/node_modules/source-map-resolve/lib/source-map-resolve-node.js’
Warning in utils::tar(filepath, pkgname, compression = compression, compression_level = 9L,  :
  storing paths of more than 100 bytes is not portable:
  ‘neurosurf/inst/htmlwidgets/neurosurface/node_modules/source-map-support/browser-source-map-support.js’
Warning in utils::tar(filepath, pkgname, compression = compression, compression_level = 9L,  :
  storing paths of more than 100 bytes is not portable:
  ‘neurosurf/inst/htmlwidgets/neurosurface/node_modules/static-extend/node_modules/define-property/LICENSE’
Warning in utils::tar(filepath, pkgname, compression = compression, compression_level = 9L,  :
  storing paths of more than 100 bytes is not portable:
  ‘neurosurf/inst/htmlwidgets/neurosurface/node_modules/static-extend/node_modules/define-property/README.md’
Warning in utils::tar(filepath, pkgname, compression = compression, compression_level = 9L,  :
  storing paths of more than 100 bytes is not portable:
  ‘neurosurf/inst/htmlwidgets/neurosurface/node_modules/static-extend/node_modules/define-property/index.js’
Warning in utils::tar(filepath, pkgname, compression = compression, compression_level = 9L,  :
  storing paths of more than 100 bytes is not portable:
  ‘neurosurf/inst/htmlwidgets/neurosurface/node_modules/static-extend/node_modules/define-property/package.json’
Warning in utils::tar(filepath, pkgname, compression = compression, compression_level = 9L,  :
  storing paths of more than 100 bytes is not portable:
  ‘neurosurf/inst/htmlwidgets/neurosurface/node_modules/static-extend/node_modules/is-descriptor/.editorconfig’
Warning in utils::tar(filepath, pkgname, compression = compression, compression_level = 9L,  :
  storing paths of more than 100 bytes is not portable:
  ‘neurosurf/inst/htmlwidgets/neurosurface/node_modules/static-extend/node_modules/is-descriptor/.eslintrc’
Warning in utils::tar(filepath, pkgname, compression = compression, compression_level = 9L,  :
  storing paths of more than 100 bytes is not portable:
  ‘neurosurf/inst/htmlwidgets/neurosurface/node_modules/static-extend/node_modules/is-descriptor/.github/’
Warning in utils::tar(filepath, pkgname, compression = compression, compression_level = 9L,  :
  storing paths of more than 100 bytes is not portable:
  ‘neurosurf/inst/htmlwidgets/neurosurface/node_modules/static-extend/node_modules/is-descriptor/.github/FUNDING.yml’
Warning in utils::tar(filepath, pkgname, compression = compression, compression_level = 9L,  :
  storing paths of more than 100 bytes is not portable:
  ‘neurosurf/inst/htmlwidgets/neurosurface/node_modules/static-extend/node_modules/is-descriptor/CHANGELOG.md’
Warning in utils::tar(filepath, pkgname, compression = compression, compression_level = 9L,  :
  storing paths of more than 100 bytes is not portable:
  ‘neurosurf/inst/htmlwidgets/neurosurface/node_modules/static-extend/node_modules/is-descriptor/LICENSE’
Warning in utils::tar(filepath, pkgname, compression = compression, compression_level = 9L,  :
  storing paths of more than 100 bytes is not portable:
  ‘neurosurf/inst/htmlwidgets/neurosurface/node_modules/static-extend/node_modules/is-descriptor/README.md’
Warning in utils::tar(filepath, pkgname, compression = compression, compression_level = 9L,  :
  storing paths of more than 100 bytes is not portable:
  ‘neurosurf/inst/htmlwidgets/neurosurface/node_modules/static-extend/node_modules/is-descriptor/index.js’
Warning in utils::tar(filepath, pkgname, compression = compression, compression_level = 9L,  :
  storing paths of more than 100 bytes is not portable:
  ‘neurosurf/inst/htmlwidgets/neurosurface/node_modules/static-extend/node_modules/is-descriptor/package.json’
Warning in utils::tar(filepath, pkgname, compression = compression, compression_level = 9L,  :
  storing paths of more than 100 bytes is not portable:
  ‘neurosurf/inst/htmlwidgets/neurosurface/node_modules/static-extend/node_modules/is-descriptor/test/index.js’
Warning in utils::tar(filepath, pkgname, compression = compression, compression_level = 9L,  :
  storing paths of more than 100 bytes is not portable:
  ‘neurosurf/inst/htmlwidgets/neurosurface/node_modules/string_decoder/node_modules/safe-buffer/README.md’
Warning in utils::tar(filepath, pkgname, compression = compression, compression_level = 9L,  :
  storing paths of more than 100 bytes is not portable:
  ‘neurosurf/inst/htmlwidgets/neurosurface/node_modules/string_decoder/node_modules/safe-buffer/index.d.ts’
Warning in utils::tar(filepath, pkgname, compression = compression, compression_level = 9L,  :
  storing paths of more than 100 bytes is not portable:
  ‘neurosurf/inst/htmlwidgets/neurosurface/node_modules/string_decoder/node_modules/safe-buffer/index.js’
Warning in utils::tar(filepath, pkgname, compression = compression, compression_level = 9L,  :
  storing paths of more than 100 bytes is not portable:
  ‘neurosurf/inst/htmlwidgets/neurosurface/node_modules/string_decoder/node_modules/safe-buffer/package.json’
Warning in utils::tar(filepath, pkgname, compression = compression, compression_level = 9L,  :
  storing paths of more than 100 bytes is not portable:
  ‘neurosurf/inst/htmlwidgets/neurosurface/node_modules/supports-preserve-symlinks-flag/.github/FUNDING.yml’
Warning in utils::tar(filepath, pkgname, compression = compression, compression_level = 9L,  :
  storing paths of more than 100 bytes is not portable:
  ‘neurosurf/inst/htmlwidgets/neurosurface/node_modules/terser-webpack-plugin/node_modules/has-flag/index.d.ts’
Warning in utils::tar(filepath, pkgname, compression = compression, compression_level = 9L,  :
  storing paths of more than 100 bytes is not portable:
  ‘neurosurf/inst/htmlwidgets/neurosurface/node_modules/terser-webpack-plugin/node_modules/has-flag/index.js’
Warning in utils::tar(filepath, pkgname, compression = compression, compression_level = 9L,  :
  storing paths of more than 100 bytes is not portable:
  ‘neurosurf/inst/htmlwidgets/neurosurface/node_modules/terser-webpack-plugin/node_modules/has-flag/license’
Warning in utils::tar(filepath, pkgname, compression = compression, compression_level = 9L,  :
  storing paths of more than 100 bytes is not portable:
  ‘neurosurf/inst/htmlwidgets/neurosurface/node_modules/terser-webpack-plugin/node_modules/has-flag/package.json’
Warning in utils::tar(filepath, pkgname, compression = compression, compression_level = 9L,  :
  storing paths of more than 100 bytes is not portable:
  ‘neurosurf/inst/htmlwidgets/neurosurface/node_modules/terser-webpack-plugin/node_modules/has-flag/readme.md’
Warning in utils::tar(filepath, pkgname, compression = compression, compression_level = 9L,  :
  storing paths of more than 100 bytes is not portable:
  ‘neurosurf/inst/htmlwidgets/neurosurface/node_modules/terser-webpack-plugin/node_modules/jest-worker/LICENSE’
Warning in utils::tar(filepath, pkgname, compression = compression, compression_level = 9L,  :
  storing paths of more than 100 bytes is not portable:
  ‘neurosurf/inst/htmlwidgets/neurosurface/node_modules/terser-webpack-plugin/node_modules/jest-worker/README.md’
Warning in utils::tar(filepath, pkgname, compression = compression, compression_level = 9L,  :
  storing paths of more than 100 bytes is not portable:
  ‘neurosurf/inst/htmlwidgets/neurosurface/node_modules/terser-webpack-plugin/node_modules/jest-worker/build/’
Warning in utils::tar(filepath, pkgname, compression = compression, compression_level = 9L,  :
  storing paths of more than 100 bytes is not portable:
  ‘neurosurf/inst/htmlwidgets/neurosurface/node_modules/terser-webpack-plugin/node_modules/jest-worker/build/Farm.d.ts’
Warning in utils::tar(filepath, pkgname, compression = compression, compression_level = 9L,  :
  storing paths of more than 100 bytes is not portable:
  ‘neurosurf/inst/htmlwidgets/neurosurface/node_modules/terser-webpack-plugin/node_modules/jest-worker/build/Farm.js’
Warning in utils::tar(filepath, pkgname, compression = compression, compression_level = 9L,  :
  storing paths of more than 100 bytes is not portable:
  ‘neurosurf/inst/htmlwidgets/neurosurface/node_modules/terser-webpack-plugin/node_modules/jest-worker/build/FifoQueue.d.ts’
Warning in utils::tar(filepath, pkgname, compression = compression, compression_level = 9L,  :
  storing paths of more than 100 bytes is not portable:
  ‘neurosurf/inst/htmlwidgets/neurosurface/node_modules/terser-webpack-plugin/node_modules/jest-worker/build/FifoQueue.js’
Warning in utils::tar(filepath, pkgname, compression = compression, compression_level = 9L,  :
  storing paths of more than 100 bytes is not portable:
  ‘neurosurf/inst/htmlwidgets/neurosurface/node_modules/terser-webpack-plugin/node_modules/jest-worker/build/PriorityQueue.d.ts’
Warning in utils::tar(filepath, pkgname, compression = compression, compression_level = 9L,  :
  storing paths of more than 100 bytes is not portable:
  ‘neurosurf/inst/htmlwidgets/neurosurface/node_modules/terser-webpack-plugin/node_modules/jest-worker/build/PriorityQueue.js’
Warning in utils::tar(filepath, pkgname, compression = compression, compression_level = 9L,  :
  storing paths of more than 100 bytes is not portable:
  ‘neurosurf/inst/htmlwidgets/neurosurface/node_modules/terser-webpack-plugin/node_modules/jest-worker/build/WorkerPool.d.ts’
Warning in utils::tar(filepath, pkgname, compression = compression, compression_level = 9L,  :
  storing paths of more than 100 bytes is not portable:
  ‘neurosurf/inst/htmlwidgets/neurosurface/node_modules/terser-webpack-plugin/node_modules/jest-worker/build/WorkerPool.js’
Warning in utils::tar(filepath, pkgname, compression = compression, compression_level = 9L,  :
  storing paths of more than 100 bytes is not portable:
  ‘neurosurf/inst/htmlwidgets/neurosurface/node_modules/terser-webpack-plugin/node_modules/jest-worker/build/base/’
Warning in utils::tar(filepath, pkgname, compression = compression, compression_level = 9L,  :
  storing paths of more than 100 bytes is not portable:
  ‘neurosurf/inst/htmlwidgets/neurosurface/node_modules/terser-webpack-plugin/node_modules/jest-worker/build/base/BaseWorkerPool.d.ts’
Warning in utils::tar(filepath, pkgname, compression = compression, compression_level = 9L,  :
  storing paths of more than 100 bytes is not portable:
  ‘neurosurf/inst/htmlwidgets/neurosurface/node_modules/terser-webpack-plugin/node_modules/jest-worker/build/base/BaseWorkerPool.js’
Warning in utils::tar(filepath, pkgname, compression = compression, compression_level = 9L,  :
  storing paths of more than 100 bytes is not portable:
  ‘neurosurf/inst/htmlwidgets/neurosurface/node_modules/terser-webpack-plugin/node_modules/jest-worker/build/index.d.ts’
Warning in utils::tar(filepath, pkgname, compression = compression, compression_level = 9L,  :
  storing paths of more than 100 bytes is not portable:
  ‘neurosurf/inst/htmlwidgets/neurosurface/node_modules/terser-webpack-plugin/node_modules/jest-worker/build/index.js’
Warning in utils::tar(filepath, pkgname, compression = compression, compression_level = 9L,  :
  storing paths of more than 100 bytes is not portable:
  ‘neurosurf/inst/htmlwidgets/neurosurface/node_modules/terser-webpack-plugin/node_modules/jest-worker/build/types.d.ts’
Warning in utils::tar(filepath, pkgname, compression = compression, compression_level = 9L,  :
  storing paths of more than 100 bytes is not portable:
  ‘neurosurf/inst/htmlwidgets/neurosurface/node_modules/terser-webpack-plugin/node_modules/jest-worker/build/types.js’
Warning in utils::tar(filepath, pkgname, compression = compression, compression_level = 9L,  :
  storing paths of more than 100 bytes is not portable:
  ‘neurosurf/inst/htmlwidgets/neurosurface/node_modules/terser-webpack-plugin/node_modules/jest-worker/build/workers/’
Warning in utils::tar(filepath, pkgname, compression = compression, compression_level = 9L,  :
  storing paths of more than 100 bytes is not portable:
  ‘neurosurf/inst/htmlwidgets/neurosurface/node_modules/terser-webpack-plugin/node_modules/jest-worker/build/workers/ChildProcessWorker.d.ts’
Warning in utils::tar(filepath, pkgname, compression = compression, compression_level = 9L,  :
  storing paths of more than 100 bytes is not portable:
  ‘neurosurf/inst/htmlwidgets/neurosurface/node_modules/terser-webpack-plugin/node_modules/jest-worker/build/workers/ChildProcessWorker.js’
Warning in utils::tar(filepath, pkgname, compression = compression, compression_level = 9L,  :
  storing paths of more than 100 bytes is not portable:
  ‘neurosurf/inst/htmlwidgets/neurosurface/node_modules/terser-webpack-plugin/node_modules/jest-worker/build/workers/NodeThreadsWorker.d.ts’
Warning in utils::tar(filepath, pkgname, compression = compression, compression_level = 9L,  :
  storing paths of more than 100 bytes is not portable:
  ‘neurosurf/inst/htmlwidgets/neurosurface/node_modules/terser-webpack-plugin/node_modules/jest-worker/build/workers/NodeThreadsWorker.js’
Warning in utils::tar(filepath, pkgname, compression = compression, compression_level = 9L,  :
  storing paths of more than 100 bytes is not portable:
  ‘neurosurf/inst/htmlwidgets/neurosurface/node_modules/terser-webpack-plugin/node_modules/jest-worker/build/workers/messageParent.d.ts’
Warning in utils::tar(filepath, pkgname, compression = compression, compression_level = 9L,  :
  storing paths of more than 100 bytes is not portable:
  ‘neurosurf/inst/htmlwidgets/neurosurface/node_modules/terser-webpack-plugin/node_modules/jest-worker/build/workers/messageParent.js’
Warning in utils::tar(filepath, pkgname, compression = compression, compression_level = 9L,  :
  storing paths of more than 100 bytes is not portable:
  ‘neurosurf/inst/htmlwidgets/neurosurface/node_modules/terser-webpack-plugin/node_modules/jest-worker/build/workers/processChild.d.ts’
Warning in utils::tar(filepath, pkgname, compression = compression, compression_level = 9L,  :
  storing paths of more than 100 bytes is not portable:
  ‘neurosurf/inst/htmlwidgets/neurosurface/node_modules/terser-webpack-plugin/node_modules/jest-worker/build/workers/processChild.js’
Warning in utils::tar(filepath, pkgname, compression = compression, compression_level = 9L,  :
  storing paths of more than 100 bytes is not portable:
  ‘neurosurf/inst/htmlwidgets/neurosurface/node_modules/terser-webpack-plugin/node_modules/jest-worker/build/workers/threadChild.d.ts’
Warning in utils::tar(filepath, pkgname, compression = compression, compression_level = 9L,  :
  storing paths of more than 100 bytes is not portable:
  ‘neurosurf/inst/htmlwidgets/neurosurface/node_modules/terser-webpack-plugin/node_modules/jest-worker/build/workers/threadChild.js’
Warning in utils::tar(filepath, pkgname, compression = compression, compression_level = 9L,  :
  storing paths of more than 100 bytes is not portable:
  ‘neurosurf/inst/htmlwidgets/neurosurface/node_modules/terser-webpack-plugin/node_modules/jest-worker/package.json’
Warning in utils::tar(filepath, pkgname, compression = compression, compression_level = 9L,  :
  storing paths of more than 100 bytes is not portable:
  ‘neurosurf/inst/htmlwidgets/neurosurface/node_modules/terser-webpack-plugin/node_modules/serialize-javascript/’
Warning in utils::tar(filepath, pkgname, compression = compression, compression_level = 9L,  :
  storing paths of more than 100 bytes is not portable:
  ‘neurosurf/inst/htmlwidgets/neurosurface/node_modules/terser-webpack-plugin/node_modules/serialize-javascript/LICENSE’
Warning in utils::tar(filepath, pkgname, compression = compression, compression_level = 9L,  :
  storing paths of more than 100 bytes is not portable:
  ‘neurosurf/inst/htmlwidgets/neurosurface/node_modules/terser-webpack-plugin/node_modules/serialize-javascript/README.md’
Warning in utils::tar(filepath, pkgname, compression = compression, compression_level = 9L,  :
  storing paths of more than 100 bytes is not portable:
  ‘neurosurf/inst/htmlwidgets/neurosurface/node_modules/terser-webpack-plugin/node_modules/serialize-javascript/index.js’
Warning in utils::tar(filepath, pkgname, compression = compression, compression_level = 9L,  :
  storing paths of more than 100 bytes is not portable:
  ‘neurosurf/inst/htmlwidgets/neurosurface/node_modules/terser-webpack-plugin/node_modules/serialize-javascript/package.json’
Warning in utils::tar(filepath, pkgname, compression = compression, compression_level = 9L,  :
  storing paths of more than 100 bytes is not portable:
  ‘neurosurf/inst/htmlwidgets/neurosurface/node_modules/terser-webpack-plugin/node_modules/supports-color/’
Warning in utils::tar(filepath, pkgname, compression = compression, compression_level = 9L,  :
  storing paths of more than 100 bytes is not portable:
  ‘neurosurf/inst/htmlwidgets/neurosurface/node_modules/terser-webpack-plugin/node_modules/supports-color/browser.js’
Warning in utils::tar(filepath, pkgname, compression = compression, compression_level = 9L,  :
  storing paths of more than 100 bytes is not portable:
  ‘neurosurf/inst/htmlwidgets/neurosurface/node_modules/terser-webpack-plugin/node_modules/supports-color/index.js’
Warning in utils::tar(filepath, pkgname, compression = compression, compression_level = 9L,  :
  storing paths of more than 100 bytes is not portable:
  ‘neurosurf/inst/htmlwidgets/neurosurface/node_modules/terser-webpack-plugin/node_modules/supports-color/license’
Warning in utils::tar(filepath, pkgname, compression = compression, compression_level = 9L,  :
  storing paths of more than 100 bytes is not portable:
  ‘neurosurf/inst/htmlwidgets/neurosurface/node_modules/terser-webpack-plugin/node_modules/supports-color/package.json’
Warning in utils::tar(filepath, pkgname, compression = compression, compression_level = 9L,  :
  storing paths of more than 100 bytes is not portable:
  ‘neurosurf/inst/htmlwidgets/neurosurface/node_modules/terser-webpack-plugin/node_modules/supports-color/readme.md’
Warning in utils::tar(filepath, pkgname, compression = compression, compression_level = 9L,  :
  storing paths of more than 100 bytes is not portable:
  ‘neurosurf/inst/htmlwidgets/neurosurface/node_modules/three/examples/fonts/droid/droid_sans_bold.typeface.json’
Warning in utils::tar(filepath, pkgname, compression = compression, compression_level = 9L,  :
  storing paths of more than 100 bytes is not portable:
  ‘neurosurf/inst/htmlwidgets/neurosurface/node_modules/three/examples/fonts/droid/droid_sans_mono_regular.typeface.json’
Warning in utils::tar(filepath, pkgname, compression = compression, compression_level = 9L,  :
  storing paths of more than 100 bytes is not portable:
  ‘neurosurf/inst/htmlwidgets/neurosurface/node_modules/three/examples/fonts/droid/droid_sans_regular.typeface.json’
Warning in utils::tar(filepath, pkgname, compression = compression, compression_level = 9L,  :
  storing paths of more than 100 bytes is not portable:
  ‘neurosurf/inst/htmlwidgets/neurosurface/node_modules/three/examples/fonts/droid/droid_serif_bold.typeface.json’
Warning in utils::tar(filepath, pkgname, compression = compression, compression_level = 9L,  :
  storing paths of more than 100 bytes is not portable:
  ‘neurosurf/inst/htmlwidgets/neurosurface/node_modules/three/examples/fonts/droid/droid_serif_regular.typeface.json’
Warning in utils::tar(filepath, pkgname, compression = compression, compression_level = 9L,  :
  storing paths of more than 100 bytes is not portable:
  ‘neurosurf/inst/htmlwidgets/neurosurface/node_modules/three/examples/fonts/gentilis_bold.typeface.json’
Warning in utils::tar(filepath, pkgname, compression = compression, compression_level = 9L,  :
  storing paths of more than 100 bytes is not portable:
  ‘neurosurf/inst/htmlwidgets/neurosurface/node_modules/three/examples/fonts/gentilis_regular.typeface.json’
Warning in utils::tar(filepath, pkgname, compression = compression, compression_level = 9L,  :
  storing paths of more than 100 bytes is not portable:
  ‘neurosurf/inst/htmlwidgets/neurosurface/node_modules/three/examples/fonts/helvetiker_bold.typeface.json’
Warning in utils::tar(filepath, pkgname, compression = compression, compression_level = 9L,  :
  storing paths of more than 100 bytes is not portable:
  ‘neurosurf/inst/htmlwidgets/neurosurface/node_modules/three/examples/fonts/helvetiker_regular.typeface.json’
Warning in utils::tar(filepath, pkgname, compression = compression, compression_level = 9L,  :
  storing paths of more than 100 bytes is not portable:
  ‘neurosurf/inst/htmlwidgets/neurosurface/node_modules/three/examples/fonts/optimer_regular.typeface.json’
Warning in utils::tar(filepath, pkgname, compression = compression, compression_level = 9L,  :
  storing paths of more than 100 bytes is not portable:
  ‘neurosurf/inst/htmlwidgets/neurosurface/node_modules/three/examples/js/animation/AnimationClipCreator.js’
Warning in utils::tar(filepath, pkgname, compression = compression, compression_level = 9L,  :
  storing paths of more than 100 bytes is not portable:
  ‘neurosurf/inst/htmlwidgets/neurosurface/node_modules/three/examples/js/animation/MMDAnimationHelper.js’
Warning in utils::tar(filepath, pkgname, compression = compression, compression_level = 9L,  :
  storing paths of more than 100 bytes is not portable:
  ‘neurosurf/inst/htmlwidgets/neurosurface/node_modules/three/examples/js/controls/DeviceOrientationControls.js’
Warning in utils::tar(filepath, pkgname, compression = compression, compression_level = 9L,  :
  storing paths of more than 100 bytes is not portable:
  ‘neurosurf/inst/htmlwidgets/neurosurface/node_modules/three/examples/js/controls/FirstPersonControls.js’
Warning in utils::tar(filepath, pkgname, compression = compression, compression_level = 9L,  :
  storing paths of more than 100 bytes is not portable:
  ‘neurosurf/inst/htmlwidgets/neurosurface/node_modules/three/examples/js/controls/PointerLockControls.js’
Warning in utils::tar(filepath, pkgname, compression = compression, compression_level = 9L,  :
  storing paths of more than 100 bytes is not portable:
  ‘neurosurf/inst/htmlwidgets/neurosurface/node_modules/three/examples/js/controls/experimental/CameraControls.js’
Warning in utils::tar(filepath, pkgname, compression = compression, compression_level = 9L,  :
  storing paths of more than 100 bytes is not portable:
  ‘neurosurf/inst/htmlwidgets/neurosurface/node_modules/three/examples/js/effects/ParallaxBarrierEffect.js’
Warning in utils::tar(filepath, pkgname, compression = compression, compression_level = 9L,  :
  storing paths of more than 100 bytes is not portable:
  ‘neurosurf/inst/htmlwidgets/neurosurface/node_modules/three/examples/js/environments/DebugEnvironment.js’
Warning in utils::tar(filepath, pkgname, compression = compression, compression_level = 9L,  :
  storing paths of more than 100 bytes is not portable:
  ‘neurosurf/inst/htmlwidgets/neurosurface/node_modules/three/examples/js/environments/RoomEnvironment.js’
Warning in utils::tar(filepath, pkgname, compression = compression, compression_level = 9L,  :
  storing paths of more than 100 bytes is not portable:
  ‘neurosurf/inst/htmlwidgets/neurosurface/node_modules/three/examples/js/geometries/ParametricGeometries.js’
Warning in utils::tar(filepath, pkgname, compression = compression, compression_level = 9L,  :
  storing paths of more than 100 bytes is not portable:
  ‘neurosurf/inst/htmlwidgets/neurosurface/node_modules/three/examples/js/geometries/RoundedBoxGeometry.js’
Warning in utils::tar(filepath, pkgname, compression = compression, compression_level = 9L,  :
  storing paths of more than 100 bytes is not portable:
  ‘neurosurf/inst/htmlwidgets/neurosurface/node_modules/three/examples/js/helpers/PositionalAudioHelper.js’
Warning in utils::tar(filepath, pkgname, compression = compression, compression_level = 9L,  :
  storing paths of more than 100 bytes is not portable:
  ‘neurosurf/inst/htmlwidgets/neurosurface/node_modules/three/examples/js/helpers/RectAreaLightHelper.js’
Warning in utils::tar(filepath, pkgname, compression = compression, compression_level = 9L,  :
  storing paths of more than 100 bytes is not portable:
  ‘neurosurf/inst/htmlwidgets/neurosurface/node_modules/three/examples/js/helpers/VertexNormalsHelper.js’
Warning in utils::tar(filepath, pkgname, compression = compression, compression_level = 9L,  :
  storing paths of more than 100 bytes is not portable:
  ‘neurosurf/inst/htmlwidgets/neurosurface/node_modules/three/examples/js/helpers/VertexTangentsHelper.js’
Warning in utils::tar(filepath, pkgname, compression = compression, compression_level = 9L,  :
  storing paths of more than 100 bytes is not portable:
  ‘neurosurf/inst/htmlwidgets/neurosurface/node_modules/three/examples/js/interactive/InteractiveGroup.js’
Warning in utils::tar(filepath, pkgname, compression = compression, compression_level = 9L,  :
  storing paths of more than 100 bytes is not portable:
  ‘neurosurf/inst/htmlwidgets/neurosurface/node_modules/three/examples/js/interactive/SelectionHelper.js’
Warning in utils::tar(filepath, pkgname, compression = compression, compression_level = 9L,  :
  storing paths of more than 100 bytes is not portable:
  ‘neurosurf/inst/htmlwidgets/neurosurface/node_modules/three/examples/js/libs/basis/basis_transcoder.js’
Warning in utils::tar(filepath, pkgname, compression = compression, compression_level = 9L,  :
  storing paths of more than 100 bytes is not portable:
  ‘neurosurf/inst/htmlwidgets/neurosurface/node_modules/three/examples/js/libs/basis/basis_transcoder.wasm’
Warning in utils::tar(filepath, pkgname, compression = compression, compression_level = 9L,  :
  storing paths of more than 100 bytes is not portable:
  ‘neurosurf/inst/htmlwidgets/neurosurface/node_modules/three/examples/js/libs/draco/draco_wasm_wrapper.js’
Warning in utils::tar(filepath, pkgname, compression = compression, compression_level = 9L,  :
  storing paths of more than 100 bytes is not portable:
  ‘neurosurf/inst/htmlwidgets/neurosurface/node_modules/three/examples/js/libs/draco/gltf/draco_decoder.js’
Warning in utils::tar(filepath, pkgname, compression = compression, compression_level = 9L,  :
  storing paths of more than 100 bytes is not portable:
  ‘neurosurf/inst/htmlwidgets/neurosurface/node_modules/three/examples/js/libs/draco/gltf/draco_decoder.wasm’
Warning in utils::tar(filepath, pkgname, compression = compression, compression_level = 9L,  :
  storing paths of more than 100 bytes is not portable:
  ‘neurosurf/inst/htmlwidgets/neurosurface/node_modules/three/examples/js/libs/draco/gltf/draco_encoder.js’
Warning in utils::tar(filepath, pkgname, compression = compression, compression_level = 9L,  :
  storing paths of more than 100 bytes is not portable:
  ‘neurosurf/inst/htmlwidgets/neurosurface/node_modules/three/examples/js/libs/draco/gltf/draco_wasm_wrapper.js’
Warning in utils::tar(filepath, pkgname, compression = compression, compression_level = 9L,  :
  storing paths of more than 100 bytes is not portable:
  ‘neurosurf/inst/htmlwidgets/neurosurface/node_modules/three/examples/js/lights/RectAreaLightUniformsLib.js’
Warning in utils::tar(filepath, pkgname, compression = compression, compression_level = 9L,  :
  storing paths of more than 100 bytes is not portable:
  ‘neurosurf/inst/htmlwidgets/neurosurface/node_modules/three/examples/js/loaders/HDRCubeTextureLoader.js’
Warning in utils::tar(filepath, pkgname, compression = compression, compression_level = 9L,  :
  storing paths of more than 100 bytes is not portable:
  ‘neurosurf/inst/htmlwidgets/neurosurface/node_modules/three/examples/js/misc/GPUComputationRenderer.js’
Warning in utils::tar(filepath, pkgname, compression = compression, compression_level = 9L,  :
  storing paths of more than 100 bytes is not portable:
  ‘neurosurf/inst/htmlwidgets/neurosurface/node_modules/three/examples/js/modifiers/EdgeSplitModifier.js’
Warning in utils::tar(filepath, pkgname, compression = compression, compression_level = 9L,  :
  storing paths of more than 100 bytes is not portable:
  ‘neurosurf/inst/htmlwidgets/neurosurface/node_modules/three/examples/js/modifiers/TessellateModifier.js’
Warning in utils::tar(filepath, pkgname, compression = compression, compression_level = 9L,  :
  storing paths of more than 100 bytes is not portable:
  ‘neurosurf/inst/htmlwidgets/neurosurface/node_modules/three/examples/js/objects/ReflectorForSSRPass.js’
Warning in utils::tar(filepath, pkgname, compression = compression, compression_level = 9L,  :
  storing paths of more than 100 bytes is not portable:
  ‘neurosurf/inst/htmlwidgets/neurosurface/node_modules/three/examples/js/postprocessing/AdaptiveToneMappingPass.js’
Warning in utils::tar(filepath, pkgname, compression = compression, compression_level = 9L,  :
  storing paths of more than 100 bytes is not portable:
  ‘neurosurf/inst/htmlwidgets/neurosurface/node_modules/three/examples/js/postprocessing/AfterimagePass.js’
Warning in utils::tar(filepath, pkgname, compression = compression, compression_level = 9L,  :
  storing paths of more than 100 bytes is not portable:
  ‘neurosurf/inst/htmlwidgets/neurosurface/node_modules/three/examples/js/postprocessing/CubeTexturePass.js’
Warning in utils::tar(filepath, pkgname, compression = compression, compression_level = 9L,  :
  storing paths of more than 100 bytes is not portable:
  ‘neurosurf/inst/htmlwidgets/neurosurface/node_modules/three/examples/js/postprocessing/DotScreenPass.js’
Warning in utils::tar(filepath, pkgname, compression = compression, compression_level = 9L,  :
  storing paths of more than 100 bytes is not portable:
  ‘neurosurf/inst/htmlwidgets/neurosurface/node_modules/three/examples/js/postprocessing/EffectComposer.js’
Warning in utils::tar(filepath, pkgname, compression = compression, compression_level = 9L,  :
  storing paths of more than 100 bytes is not portable:
  ‘neurosurf/inst/htmlwidgets/neurosurface/node_modules/three/examples/js/postprocessing/HalftonePass.js’
Warning in utils::tar(filepath, pkgname, compression = compression, compression_level = 9L,  :
  storing paths of more than 100 bytes is not portable:
  ‘neurosurf/inst/htmlwidgets/neurosurface/node_modules/three/examples/js/postprocessing/SSAARenderPass.js’
Warning in utils::tar(filepath, pkgname, compression = compression, compression_level = 9L,  :
  storing paths of more than 100 bytes is not portable:
  ‘neurosurf/inst/htmlwidgets/neurosurface/node_modules/three/examples/js/postprocessing/TAARenderPass.js’
Warning in utils::tar(filepath, pkgname, compression = compression, compression_level = 9L,  :
  storing paths of more than 100 bytes is not portable:
  ‘neurosurf/inst/htmlwidgets/neurosurface/node_modules/three/examples/js/postprocessing/UnrealBloomPass.js’
Warning in utils::tar(filepath, pkgname, compression = compression, compression_level = 9L,  :
  storing paths of more than 100 bytes is not portable:
  ‘neurosurf/inst/htmlwidgets/neurosurface/node_modules/three/examples/js/shaders/ACESFilmicToneMappingShader.js’
Warning in utils::tar(filepath, pkgname, compression = compression, compression_level = 9L,  :
  storing paths of more than 100 bytes is not portable:
  ‘neurosurf/inst/htmlwidgets/neurosurface/node_modules/three/examples/js/shaders/BrightnessContrastShader.js’
Warning in utils::tar(filepath, pkgname, compression = compression, compression_level = 9L,  :
  storing paths of more than 100 bytes is not portable:
  ‘neurosurf/inst/htmlwidgets/neurosurface/node_modules/three/examples/js/shaders/ColorCorrectionShader.js’
Warning in utils::tar(filepath, pkgname, compression = compression, compression_level = 9L,  :
  storing paths of more than 100 bytes is not portable:
  ‘neurosurf/inst/htmlwidgets/neurosurface/node_modules/three/examples/js/shaders/DepthLimitedBlurShader.js’
Warning in utils::tar(filepath, pkgname, compression = compression, compression_level = 9L,  :
  storing paths of more than 100 bytes is not portable:
  ‘neurosurf/inst/htmlwidgets/neurosurface/node_modules/three/examples/js/shaders/GammaCorrectionShader.js’
Warning in utils::tar(filepath, pkgname, compression = compression, compression_level = 9L,  :
  storing paths of more than 100 bytes is not portable:
  ‘neurosurf/inst/htmlwidgets/neurosurface/node_modules/three/examples/js/shaders/HorizontalBlurShader.js’
Warning in utils::tar(filepath, pkgname, compression = compression, compression_level = 9L,  :
  storing paths of more than 100 bytes is not portable:
  ‘neurosurf/inst/htmlwidgets/neurosurface/node_modules/three/examples/js/shaders/HorizontalTiltShiftShader.js’
Warning in utils::tar(filepath, pkgname, compression = compression, compression_level = 9L,  :
  storing paths of more than 100 bytes is not portable:
  ‘neurosurf/inst/htmlwidgets/neurosurface/node_modules/three/examples/js/shaders/HueSaturationShader.js’
Warning in utils::tar(filepath, pkgname, compression = compression, compression_level = 9L,  :
  storing paths of more than 100 bytes is not portable:
  ‘neurosurf/inst/htmlwidgets/neurosurface/node_modules/three/examples/js/shaders/LuminosityHighPassShader.js’
Warning in utils::tar(filepath, pkgname, compression = compression, compression_level = 9L,  :
  storing paths of more than 100 bytes is not portable:
  ‘neurosurf/inst/htmlwidgets/neurosurface/node_modules/three/examples/js/shaders/SobelOperatorShader.js’
Warning in utils::tar(filepath, pkgname, compression = compression, compression_level = 9L,  :
  storing paths of more than 100 bytes is not portable:
  ‘neurosurf/inst/htmlwidgets/neurosurface/node_modules/three/examples/js/shaders/SubsurfaceScatteringShader.js’
Warning in utils::tar(filepath, pkgname, compression = compression, compression_level = 9L,  :
  storing paths of more than 100 bytes is not portable:
  ‘neurosurf/inst/htmlwidgets/neurosurface/node_modules/three/examples/js/shaders/UnpackDepthRGBAShader.js’
Warning in utils::tar(filepath, pkgname, compression = compression, compression_level = 9L,  :
  storing paths of more than 100 bytes is not portable:
  ‘neurosurf/inst/htmlwidgets/neurosurface/node_modules/three/examples/js/shaders/VerticalTiltShiftShader.js’
Warning in utils::tar(filepath, pkgname, compression = compression, compression_level = 9L,  :
  storing paths of more than 100 bytes is not portable:
  ‘neurosurf/inst/htmlwidgets/neurosurface/node_modules/three/examples/js/shaders/WaterRefractionShader.js’
Warning in utils::tar(filepath, pkgname, compression = compression, compression_level = 9L,  :
  storing paths of more than 100 bytes is not portable:
  ‘neurosurf/inst/htmlwidgets/neurosurface/node_modules/three/examples/js/utils/GeometryCompressionUtils.js’
Warning in utils::tar(filepath, pkgname, compression = compression, compression_level = 9L,  :
  storing paths of more than 100 bytes is not portable:
  ‘neurosurf/inst/htmlwidgets/neurosurface/node_modules/three/examples/jsm/animation/AnimationClipCreator.js’
Warning in utils::tar(filepath, pkgname, compression = compression, compression_level = 9L,  :
  storing paths of more than 100 bytes is not portable:
  ‘neurosurf/inst/htmlwidgets/neurosurface/node_modules/three/examples/jsm/animation/MMDAnimationHelper.js’
Warning in utils::tar(filepath, pkgname, compression = compression, compression_level = 9L,  :
  storing paths of more than 100 bytes is not portable:
  ‘neurosurf/inst/htmlwidgets/neurosurface/node_modules/three/examples/jsm/controls/DeviceOrientationControls.js’
Warning in utils::tar(filepath, pkgname, compression = compression, compression_level = 9L,  :
  storing paths of more than 100 bytes is not portable:
  ‘neurosurf/inst/htmlwidgets/neurosurface/node_modules/three/examples/jsm/controls/FirstPersonControls.js’
Warning in utils::tar(filepath, pkgname, compression = compression, compression_level = 9L,  :
  storing paths of more than 100 bytes is not portable:
  ‘neurosurf/inst/htmlwidgets/neurosurface/node_modules/three/examples/jsm/controls/PointerLockControls.js’
Warning in utils::tar(filepath, pkgname, compression = compression, compression_level = 9L,  :
  storing paths of more than 100 bytes is not portable:
  ‘neurosurf/inst/htmlwidgets/neurosurface/node_modules/three/examples/jsm/controls/TrackballControls.js’
Warning in utils::tar(filepath, pkgname, compression = compression, compression_level = 9L,  :
  storing paths of more than 100 bytes is not portable:
  ‘neurosurf/inst/htmlwidgets/neurosurface/node_modules/three/examples/jsm/controls/TransformControls.js’
Warning in utils::tar(filepath, pkgname, compression = compression, compression_level = 9L,  :
  storing paths of more than 100 bytes is not portable:
  ‘neurosurf/inst/htmlwidgets/neurosurface/node_modules/three/examples/jsm/controls/experimental/CameraControls.js’
Warning in utils::tar(filepath, pkgname, compression = compression, compression_level = 9L,  :
  storing paths of more than 100 bytes is not portable:
  ‘neurosurf/inst/htmlwidgets/neurosurface/node_modules/three/examples/jsm/effects/ParallaxBarrierEffect.js’
Warning in utils::tar(filepath, pkgname, compression = compression, compression_level = 9L,  :
  storing paths of more than 100 bytes is not portable:
  ‘neurosurf/inst/htmlwidgets/neurosurface/node_modules/three/examples/jsm/effects/PeppersGhostEffect.js’
Warning in utils::tar(filepath, pkgname, compression = compression, compression_level = 9L,  :
  storing paths of more than 100 bytes is not portable:
  ‘neurosurf/inst/htmlwidgets/neurosurface/node_modules/three/examples/jsm/environments/DebugEnvironment.js’
Warning in utils::tar(filepath, pkgname, compression = compression, compression_level = 9L,  :
  storing paths of more than 100 bytes is not portable:
  ‘neurosurf/inst/htmlwidgets/neurosurface/node_modules/three/examples/jsm/environments/RoomEnvironment.js’
Warning in utils::tar(filepath, pkgname, compression = compression, compression_level = 9L,  :
  storing paths of more than 100 bytes is not portable:
  ‘neurosurf/inst/htmlwidgets/neurosurface/node_modules/three/examples/jsm/geometries/BoxLineGeometry.js’
Warning in utils::tar(filepath, pkgname, compression = compression, compression_level = 9L,  :
  storing paths of more than 100 bytes is not portable:
  ‘neurosurf/inst/htmlwidgets/neurosurface/node_modules/three/examples/jsm/geometries/LightningStrike.js’
Warning in utils::tar(filepath, pkgname, compression = compression, compression_level = 9L,  :
  storing paths of more than 100 bytes is not portable:
  ‘neurosurf/inst/htmlwidgets/neurosurface/node_modules/three/examples/jsm/geometries/ParametricGeometries.js’
Warning in utils::tar(filepath, pkgname, compression = compression, compression_level = 9L,  :
  storing paths of more than 100 bytes is not portable:
  ‘neurosurf/inst/htmlwidgets/neurosurface/node_modules/three/examples/jsm/geometries/RoundedBoxGeometry.js’
Warning in utils::tar(filepath, pkgname, compression = compression, compression_level = 9L,  :
  storing paths of more than 100 bytes is not portable:
  ‘neurosurf/inst/htmlwidgets/neurosurface/node_modules/three/examples/jsm/helpers/PositionalAudioHelper.js’
Warning in utils::tar(filepath, pkgname, compression = compression, compression_level = 9L,  :
  storing paths of more than 100 bytes is not portable:
  ‘neurosurf/inst/htmlwidgets/neurosurface/node_modules/three/examples/jsm/helpers/RectAreaLightHelper.js’
Warning in utils::tar(filepath, pkgname, compression = compression, compression_level = 9L,  :
  storing paths of more than 100 bytes is not portable:
  ‘neurosurf/inst/htmlwidgets/neurosurface/node_modules/three/examples/jsm/helpers/VertexNormalsHelper.js’
Warning in utils::tar(filepath, pkgname, compression = compression, compression_level = 9L,  :
  storing paths of more than 100 bytes is not portable:
  ‘neurosurf/inst/htmlwidgets/neurosurface/node_modules/three/examples/jsm/helpers/VertexTangentsHelper.js’
Warning in utils::tar(filepath, pkgname, compression = compression, compression_level = 9L,  :
  storing paths of more than 100 bytes is not portable:
  ‘neurosurf/inst/htmlwidgets/neurosurface/node_modules/three/examples/jsm/interactive/InteractiveGroup.js’
Warning in utils::tar(filepath, pkgname, compression = compression, compression_level = 9L,  :
  storing paths of more than 100 bytes is not portable:
  ‘neurosurf/inst/htmlwidgets/neurosurface/node_modules/three/examples/jsm/interactive/SelectionHelper.js’
Warning in utils::tar(filepath, pkgname, compression = compression, compression_level = 9L,  :
  storing paths of more than 100 bytes is not portable:
  ‘neurosurf/inst/htmlwidgets/neurosurface/node_modules/three/examples/jsm/libs/OimoPhysics/OimoPhysics.js’
Warning in utils::tar(filepath, pkgname, compression = compression, compression_level = 9L,  :
  storing paths of more than 100 bytes is not portable:
  ‘neurosurf/inst/htmlwidgets/neurosurface/node_modules/three/examples/jsm/libs/chevrotain.module.min.js’
Warning in utils::tar(filepath, pkgname, compression = compression, compression_level = 9L,  :
  storing paths of more than 100 bytes is not portable:
  ‘neurosurf/inst/htmlwidgets/neurosurface/node_modules/three/examples/jsm/libs/meshopt_decoder.module.js’
Warning in utils::tar(filepath, pkgname, compression = compression, compression_level = 9L,  :
  storing paths of more than 100 bytes is not portable:
  ‘neurosurf/inst/htmlwidgets/neurosurface/node_modules/three/examples/jsm/libs/motion-controllers.module.js’
Warning in utils::tar(filepath, pkgname, compression = compression, compression_level = 9L,  :
  storing paths of more than 100 bytes is not portable:
  ‘neurosurf/inst/htmlwidgets/neurosurface/node_modules/three/examples/jsm/libs/rhino3dm/rhino3dm.module.js’
Warning in utils::tar(filepath, pkgname, compression = compression, compression_level = 9L,  :
  storing paths of more than 100 bytes is not portable:
  ‘neurosurf/inst/htmlwidgets/neurosurface/node_modules/three/examples/jsm/lights/LightProbeGenerator.js’
Warning in utils::tar(filepath, pkgname, compression = compression, compression_level = 9L,  :
  storing paths of more than 100 bytes is not portable:
  ‘neurosurf/inst/htmlwidgets/neurosurface/node_modules/three/examples/jsm/lights/RectAreaLightUniformsLib.js’
Warning in utils::tar(filepath, pkgname, compression = compression, compression_level = 9L,  :
  storing paths of more than 100 bytes is not portable:
  ‘neurosurf/inst/htmlwidgets/neurosurface/node_modules/three/examples/jsm/lines/LineSegmentsGeometry.js’
Warning in utils::tar(filepath, pkgname, compression = compression, compression_level = 9L,  :
  storing paths of more than 100 bytes is not portable:
  ‘neurosurf/inst/htmlwidgets/neurosurface/node_modules/three/examples/jsm/loaders/BasisTextureLoader.js’
Warning in utils::tar(filepath, pkgname, compression = compression, compression_level = 9L,  :
  storing paths of more than 100 bytes is not portable:
  ‘neurosurf/inst/htmlwidgets/neurosurface/node_modules/three/examples/jsm/loaders/HDRCubeTextureLoader.js’
Warning in utils::tar(filepath, pkgname, compression = compression, compression_level = 9L,  :
  storing paths of more than 100 bytes is not portable:
  ‘neurosurf/inst/htmlwidgets/neurosurface/node_modules/three/examples/jsm/loaders/NodeMaterialLoader.js’
Warning in utils::tar(filepath, pkgname, compression = compression, compression_level = 9L,  :
  storing paths of more than 100 bytes is not portable:
  ‘neurosurf/inst/htmlwidgets/neurosurface/node_modules/three/examples/jsm/misc/GPUComputationRenderer.js’
Warning in utils::tar(filepath, pkgname, compression = compression, compression_level = 9L,  :
  storing paths of more than 100 bytes is not portable:
  ‘neurosurf/inst/htmlwidgets/neurosurface/node_modules/three/examples/jsm/modifiers/EdgeSplitModifier.js’
Warning in utils::tar(filepath, pkgname, compression = compression, compression_level = 9L,  :
  storing paths of more than 100 bytes is not portable:
  ‘neurosurf/inst/htmlwidgets/neurosurface/node_modules/three/examples/jsm/modifiers/SimplifyModifier.js’
Warning in utils::tar(filepath, pkgname, compression = compression, compression_level = 9L,  :
  storing paths of more than 100 bytes is not portable:
  ‘neurosurf/inst/htmlwidgets/neurosurface/node_modules/three/examples/jsm/modifiers/TessellateModifier.js’
Warning in utils::tar(filepath, pkgname, compression = compression, compression_level = 9L,  :
  storing paths of more than 100 bytes is not portable:
  ‘neurosurf/inst/htmlwidgets/neurosurface/node_modules/three/examples/jsm/nodes/accessors/CameraNode.js’
Warning in utils::tar(filepath, pkgname, compression = compression, compression_level = 9L,  :
  storing paths of more than 100 bytes is not portable:
  ‘neurosurf/inst/htmlwidgets/neurosurface/node_modules/three/examples/jsm/nodes/accessors/ColorsNode.js’
Warning in utils::tar(filepath, pkgname, compression = compression, compression_level = 9L,  :
  storing paths of more than 100 bytes is not portable:
  ‘neurosurf/inst/htmlwidgets/neurosurface/node_modules/three/examples/jsm/nodes/accessors/NormalNode.js’
Warning in utils::tar(filepath, pkgname, compression = compression, compression_level = 9L,  :
  storing paths of more than 100 bytes is not portable:
  ‘neurosurf/inst/htmlwidgets/neurosurface/node_modules/three/examples/jsm/nodes/accessors/PositionNode.js’
Warning in utils::tar(filepath, pkgname, compression = compression, compression_level = 9L,  :
  storing paths of more than 100 bytes is not portable:
  ‘neurosurf/inst/htmlwidgets/neurosurface/node_modules/three/examples/jsm/nodes/accessors/ReflectNode.js’
Warning in utils::tar(filepath, pkgname, compression = compression, compression_level = 9L,  :
  storing paths of more than 100 bytes is not portable:
  ‘neurosurf/inst/htmlwidgets/neurosurface/node_modules/three/examples/jsm/nodes/accessors/ResolutionNode.js’
Warning in utils::tar(filepath, pkgname, compression = compression, compression_level = 9L,  :
  storing paths of more than 100 bytes is not portable:
  ‘neurosurf/inst/htmlwidgets/neurosurface/node_modules/three/examples/jsm/nodes/accessors/ScreenUVNode.js’
Warning in utils::tar(filepath, pkgname, compression = compression, compression_level = 9L,  :
  storing paths of more than 100 bytes is not portable:
  ‘neurosurf/inst/htmlwidgets/neurosurface/node_modules/three/examples/jsm/nodes/core/FunctionCallNode.js’
Warning in utils::tar(filepath, pkgname, compression = compression, compression_level = 9L,  :
  storing paths of more than 100 bytes is not portable:
  ‘neurosurf/inst/htmlwidgets/neurosurface/node_modules/three/examples/jsm/nodes/effects/ColorAdjustmentNode.js’
Warning in utils::tar(filepath, pkgname, compression = compression, compression_level = 9L,  :
  storing paths of more than 100 bytes is not portable:
  ‘neurosurf/inst/htmlwidgets/neurosurface/node_modules/three/examples/jsm/nodes/effects/LuminanceNode.js’
Warning in utils::tar(filepath, pkgname, compression = compression, compression_level = 9L,  :
  storing paths of more than 100 bytes is not portable:
  ‘neurosurf/inst/htmlwidgets/neurosurface/node_modules/three/examples/jsm/nodes/inputs/CubeTextureNode.js’
Warning in utils::tar(filepath, pkgname, compression = compression, compression_level = 9L,  :
  storing paths of more than 100 bytes is not portable:
  ‘neurosurf/inst/htmlwidgets/neurosurface/node_modules/three/examples/jsm/nodes/inputs/ReflectorNode.js’
Warning in utils::tar(filepath, pkgname, compression = compression, compression_level = 9L,  :
  storing paths of more than 100 bytes is not portable:
  ‘neurosurf/inst/htmlwidgets/neurosurface/node_modules/three/examples/jsm/nodes/materials/BasicNodeMaterial.js’
Warning in utils::tar(filepath, pkgname, compression = compression, compression_level = 9L,  :
  storing paths of more than 100 bytes is not portable:
  ‘neurosurf/inst/htmlwidgets/neurosurface/node_modules/three/examples/jsm/nodes/materials/MeshStandardNodeMaterial.js’
Warning in utils::tar(filepath, pkgname, compression = compression, compression_level = 9L,  :
  storing paths of more than 100 bytes is not portable:
  ‘neurosurf/inst/htmlwidgets/neurosurface/node_modules/three/examples/jsm/nodes/materials/NodeMaterial.js’
Warning in utils::tar(filepath, pkgname, compression = compression, compression_level = 9L,  :
  storing paths of more than 100 bytes is not portable:
  ‘neurosurf/inst/htmlwidgets/neurosurface/node_modules/three/examples/jsm/nodes/materials/PhongNodeMaterial.js’
Warning in utils::tar(filepath, pkgname, compression = compression, compression_level = 9L,  :
  storing paths of more than 100 bytes is not portable:
  ‘neurosurf/inst/htmlwidgets/neurosurface/node_modules/three/examples/jsm/nodes/materials/SpriteNodeMaterial.js’
Warning in utils::tar(filepath, pkgname, compression = compression, compression_level = 9L,  :
  storing paths of more than 100 bytes is not portable:
  ‘neurosurf/inst/htmlwidgets/neurosurface/node_modules/three/examples/jsm/nodes/materials/StandardNodeMaterial.js’
Warning in utils::tar(filepath, pkgname, compression = compression, compression_level = 9L,  :
  storing paths of more than 100 bytes is not portable:
  ‘neurosurf/inst/htmlwidgets/neurosurface/node_modules/three/examples/jsm/nodes/materials/nodes/BasicNode.js’
Warning in utils::tar(filepath, pkgname, compression = compression, compression_level = 9L,  :
  storing paths of more than 100 bytes is not portable:
  ‘neurosurf/inst/htmlwidgets/neurosurface/node_modules/three/examples/jsm/nodes/materials/nodes/MeshStandardNode.js’
Warning in utils::tar(filepath, pkgname, compression = compression, compression_level = 9L,  :
  storing paths of more than 100 bytes is not portable:
  ‘neurosurf/inst/htmlwidgets/neurosurface/node_modules/three/examples/jsm/nodes/materials/nodes/PhongNode.js’
Warning in utils::tar(filepath, pkgname, compression = compression, compression_level = 9L,  :
  storing paths of more than 100 bytes is not portable:
  ‘neurosurf/inst/htmlwidgets/neurosurface/node_modules/three/examples/jsm/nodes/materials/nodes/RawNode.js’
Warning in utils::tar(filepath, pkgname, compression = compression, compression_level = 9L,  :
  storing paths of more than 100 bytes is not portable:
  ‘neurosurf/inst/htmlwidgets/neurosurface/node_modules/three/examples/jsm/nodes/materials/nodes/SpriteNode.js’
Warning in utils::tar(filepath, pkgname, compression = compression, compression_level = 9L,  :
  storing paths of more than 100 bytes is not portable:
  ‘neurosurf/inst/htmlwidgets/neurosurface/node_modules/three/examples/jsm/nodes/materials/nodes/StandardNode.js’
Warning in utils::tar(filepath, pkgname, compression = compression, compression_level = 9L,  :
  storing paths of more than 100 bytes is not portable:
  ‘neurosurf/inst/htmlwidgets/neurosurface/node_modules/three/examples/jsm/nodes/misc/TextureCubeNode.js’
Warning in utils::tar(filepath, pkgname, compression = compression, compression_level = 9L,  :
  storing paths of more than 100 bytes is not portable:
  ‘neurosurf/inst/htmlwidgets/neurosurface/node_modules/three/examples/jsm/nodes/misc/TextureCubeUVNode.js’
Warning in utils::tar(filepath, pkgname, compression = compression, compression_level = 9L,  :
  storing paths of more than 100 bytes is not portable:
  ‘neurosurf/inst/htmlwidgets/neurosurface/node_modules/three/examples/jsm/nodes/postprocessing/NodePass.js’
Warning in utils::tar(filepath, pkgname, compression = compression, compression_level = 9L,  :
  storing paths of more than 100 bytes is not portable:
  ‘neurosurf/inst/htmlwidgets/neurosurface/node_modules/three/examples/jsm/nodes/postprocessing/NodePostProcessing.js’
Warning in utils::tar(filepath, pkgname, compression = compression, compression_level = 9L,  :
  storing paths of more than 100 bytes is not portable:
  ‘neurosurf/inst/htmlwidgets/neurosurface/node_modules/three/examples/jsm/nodes/procedural/CheckerNode.js’
Warning in utils::tar(filepath, pkgname, compression = compression, compression_level = 9L,  :
  storing paths of more than 100 bytes is not portable:
  ‘neurosurf/inst/htmlwidgets/neurosurface/node_modules/three/examples/jsm/nodes/procedural/Fractal3DNode.js’
Warning in utils::tar(filepath, pkgname, compression = compression, compression_level = 9L,  :
  storing paths of more than 100 bytes is not portable:
  ‘neurosurf/inst/htmlwidgets/neurosurface/node_modules/three/examples/jsm/nodes/procedural/Noise2DNode.js’
Warning in utils::tar(filepath, pkgname, compression = compression, compression_level = 9L,  :
  storing paths of more than 100 bytes is not portable:
  ‘neurosurf/inst/htmlwidgets/neurosurface/node_modules/three/examples/jsm/nodes/procedural/Noise3DNode.js’
Warning in utils::tar(filepath, pkgname, compression = compression, compression_level = 9L,  :
  storing paths of more than 100 bytes is not portable:
  ‘neurosurf/inst/htmlwidgets/neurosurface/node_modules/three/examples/jsm/nodes/utils/ColorSpaceNode.js’
Warning in utils::tar(filepath, pkgname, compression = compression, compression_level = 9L,  :
  storing paths of more than 100 bytes is not portable:
  ‘neurosurf/inst/htmlwidgets/neurosurface/node_modules/three/examples/jsm/nodes/utils/MaxMIPLevelNode.js’
Warning in utils::tar(filepath, pkgname, compression = compression, compression_level = 9L,  :
  storing paths of more than 100 bytes is not portable:
  ‘neurosurf/inst/htmlwidgets/neurosurface/node_modules/three/examples/jsm/nodes/utils/SpecularMIPLevelNode.js’
Warning in utils::tar(filepath, pkgname, compression = compression, compression_level = 9L,  :
  storing paths of more than 100 bytes is not portable:
  ‘neurosurf/inst/htmlwidgets/neurosurface/node_modules/three/examples/jsm/nodes/utils/UVTransformNode.js’
Warning in utils::tar(filepath, pkgname, compression = compression, compression_level = 9L,  :
  storing paths of more than 100 bytes is not portable:
  ‘neurosurf/inst/htmlwidgets/neurosurface/node_modules/three/examples/jsm/objects/ReflectorForSSRPass.js’
Warning in utils::tar(filepath, pkgname, compression = compression, compression_level = 9L,  :
  storing paths of more than 100 bytes is not portable:
  ‘neurosurf/inst/htmlwidgets/neurosurface/node_modules/three/examples/jsm/postprocessing/AdaptiveToneMappingPass.js’
Warning in utils::tar(filepath, pkgname, compression = compression, compression_level = 9L,  :
  storing paths of more than 100 bytes is not portable:
  ‘neurosurf/inst/htmlwidgets/neurosurface/node_modules/three/examples/jsm/postprocessing/AfterimagePass.js’
Warning in utils::tar(filepath, pkgname, compression = compression, compression_level = 9L,  :
  storing paths of more than 100 bytes is not portable:
  ‘neurosurf/inst/htmlwidgets/neurosurface/node_modules/three/examples/jsm/postprocessing/CubeTexturePass.js’
Warning in utils::tar(filepath, pkgname, compression = compression, compression_level = 9L,  :
  storing paths of more than 100 bytes is not portable:
  ‘neurosurf/inst/htmlwidgets/neurosurface/node_modules/three/examples/jsm/postprocessing/DotScreenPass.js’
Warning in utils::tar(filepath, pkgname, compression = compression, compression_level = 9L,  :
  storing paths of more than 100 bytes is not portable:
  ‘neurosurf/inst/htmlwidgets/neurosurface/node_modules/three/examples/jsm/postprocessing/EffectComposer.js’
Warning in utils::tar(filepath, pkgname, compression = compression, compression_level = 9L,  :
  storing paths of more than 100 bytes is not portable:
  ‘neurosurf/inst/htmlwidgets/neurosurface/node_modules/three/examples/jsm/postprocessing/HalftonePass.js’
Warning in utils::tar(filepath, pkgname, compression = compression, compression_level = 9L,  :
  storing paths of more than 100 bytes is not portable:
  ‘neurosurf/inst/htmlwidgets/neurosurface/node_modules/three/examples/jsm/postprocessing/OutlinePass.js’
Warning in utils::tar(filepath, pkgname, compression = compression, compression_level = 9L,  :
  storing paths of more than 100 bytes is not portable:
  ‘neurosurf/inst/htmlwidgets/neurosurface/node_modules/three/examples/jsm/postprocessing/SSAARenderPass.js’
Warning in utils::tar(filepath, pkgname, compression = compression, compression_level = 9L,  :
  storing paths of more than 100 bytes is not portable:
  ‘neurosurf/inst/htmlwidgets/neurosurface/node_modules/three/examples/jsm/postprocessing/TAARenderPass.js’
Warning in utils::tar(filepath, pkgname, compression = compression, compression_level = 9L,  :
  storing paths of more than 100 bytes is not portable:
  ‘neurosurf/inst/htmlwidgets/neurosurface/node_modules/three/examples/jsm/postprocessing/TexturePass.js’
Warning in utils::tar(filepath, pkgname, compression = compression, compression_level = 9L,  :
  storing paths of more than 100 bytes is not portable:
  ‘neurosurf/inst/htmlwidgets/neurosurface/node_modules/three/examples/jsm/postprocessing/UnrealBloomPass.js’
Warning in utils::tar(filepath, pkgname, compression = compression, compression_level = 9L,  :
  storing paths of more than 100 bytes is not portable:
  ‘neurosurf/inst/htmlwidgets/neurosurface/node_modules/three/examples/jsm/renderers/nodes/accessors/CameraNode.js’
Warning in utils::tar(filepath, pkgname, compression = compression, compression_level = 9L,  :
  storing paths of more than 100 bytes is not portable:
  ‘neurosurf/inst/htmlwidgets/neurosurface/node_modules/three/examples/jsm/renderers/nodes/accessors/MaterialNode.js’
Warning in utils::tar(filepath, pkgname, compression = compression, compression_level = 9L,  :
  storing paths of more than 100 bytes is not portable:
  ‘neurosurf/inst/htmlwidgets/neurosurface/node_modules/three/examples/jsm/renderers/nodes/accessors/MaterialReferenceNode.js’
Warning in utils::tar(filepath, pkgname, compression = compression, compression_level = 9L,  :
  storing paths of more than 100 bytes is not portable:
  ‘neurosurf/inst/htmlwidgets/neurosurface/node_modules/three/examples/jsm/renderers/nodes/accessors/ModelNode.js’
Warning in utils::tar(filepath, pkgname, compression = compression, compression_level = 9L,  :
  storing paths of more than 100 bytes is not portable:
  ‘neurosurf/inst/htmlwidgets/neurosurface/node_modules/three/examples/jsm/renderers/nodes/accessors/ModelViewProjectionNode.js’
Warning in utils::tar(filepath, pkgname, compression = compression, compression_level = 9L,  :
  storing paths of more than 100 bytes is not portable:
  ‘neurosurf/inst/htmlwidgets/neurosurface/node_modules/three/examples/jsm/renderers/nodes/accessors/NormalNode.js’
Warning in utils::tar(filepath, pkgname, compression = compression, compression_level = 9L,  :
  storing paths of more than 100 bytes is not portable:
  ‘neurosurf/inst/htmlwidgets/neurosurface/node_modules/three/examples/jsm/renderers/nodes/accessors/Object3DNode.js’
Warning in utils::tar(filepath, pkgname, compression = compression, compression_level = 9L,  :
  storing paths of more than 100 bytes is not portable:
  ‘neurosurf/inst/htmlwidgets/neurosurface/node_modules/three/examples/jsm/renderers/nodes/accessors/PositionNode.js’
Warning in utils::tar(filepath, pkgname, compression = compression, compression_level = 9L,  :
  storing paths of more than 100 bytes is not portable:
  ‘neurosurf/inst/htmlwidgets/neurosurface/node_modules/three/examples/jsm/renderers/nodes/accessors/ReferenceNode.js’
Warning in utils::tar(filepath, pkgname, compression = compression, compression_level = 9L,  :
  storing paths of more than 100 bytes is not portable:
  ‘neurosurf/inst/htmlwidgets/neurosurface/node_modules/three/examples/jsm/renderers/nodes/accessors/UVNode.js’
Warning in utils::tar(filepath, pkgname, compression = compression, compression_level = 9L,  :
  storing paths of more than 100 bytes is not portable:
  ‘neurosurf/inst/htmlwidgets/neurosurface/node_modules/three/examples/jsm/renderers/nodes/consts/MathConsts.js’
Warning in utils::tar(filepath, pkgname, compression = compression, compression_level = 9L,  :
  storing paths of more than 100 bytes is not portable:
  ‘neurosurf/inst/htmlwidgets/neurosurface/node_modules/three/examples/jsm/renderers/nodes/core/AttributeNode.js’
Warning in utils::tar(filepath, pkgname, compression = compression, compression_level = 9L,  :
  storing paths of more than 100 bytes is not portable:
  ‘neurosurf/inst/htmlwidgets/neurosurface/node_modules/three/examples/jsm/renderers/nodes/core/CodeNode.js’
Warning in utils::tar(filepath, pkgname, compression = compression, compression_level = 9L,  :
  storing paths of more than 100 bytes is not portable:
  ‘neurosurf/inst/htmlwidgets/neurosurface/node_modules/three/examples/jsm/renderers/nodes/core/ConstNode.js’
Warning in utils::tar(filepath, pkgname, compression = compression, compression_level = 9L,  :
  storing paths of more than 100 bytes is not portable:
  ‘neurosurf/inst/htmlwidgets/neurosurface/node_modules/three/examples/jsm/renderers/nodes/core/ContextNode.js’
Warning in utils::tar(filepath, pkgname, compression = compression, compression_level = 9L,  :
  storing paths of more than 100 bytes is not portable:
  ‘neurosurf/inst/htmlwidgets/neurosurface/node_modules/three/examples/jsm/renderers/nodes/core/ExpressionNode.js’
Warning in utils::tar(filepath, pkgname, compression = compression, compression_level = 9L,  :
  storing paths of more than 100 bytes is not portable:
  ‘neurosurf/inst/htmlwidgets/neurosurface/node_modules/three/examples/jsm/renderers/nodes/core/FunctionCallNode.js’
Warning in utils::tar(filepath, pkgname, compression = compression, compression_level = 9L,  :
  storing paths of more than 100 bytes is not portable:
  ‘neurosurf/inst/htmlwidgets/neurosurface/node_modules/three/examples/jsm/renderers/nodes/core/FunctionNode.js’
Warning in utils::tar(filepath, pkgname, compression = compression, compression_level = 9L,  :
  storing paths of more than 100 bytes is not portable:
  ‘neurosurf/inst/htmlwidgets/neurosurface/node_modules/three/examples/jsm/renderers/nodes/core/InputNode.js’
Warning in utils::tar(filepath, pkgname, compression = compression, compression_level = 9L,  :
  storing paths of more than 100 bytes is not portable:
  ‘neurosurf/inst/htmlwidgets/neurosurface/node_modules/three/examples/jsm/renderers/nodes/core/NodeAttribute.js’
Warning in utils::tar(filepath, pkgname, compression = compression, compression_level = 9L,  :
  storing paths of more than 100 bytes is not portable:
  ‘neurosurf/inst/htmlwidgets/neurosurface/node_modules/three/examples/jsm/renderers/nodes/core/NodeBuilder.js’
Warning in utils::tar(filepath, pkgname, compression = compression, compression_level = 9L,  :
  storing paths of more than 100 bytes is not portable:
  ‘neurosurf/inst/htmlwidgets/neurosurface/node_modules/three/examples/jsm/renderers/nodes/core/NodeCode.js’
Warning in utils::tar(filepath, pkgname, compression = compression, compression_level = 9L,  :
  storing paths of more than 100 bytes is not portable:
  ‘neurosurf/inst/htmlwidgets/neurosurface/node_modules/three/examples/jsm/renderers/nodes/core/NodeFrame.js’
Warning in utils::tar(filepath, pkgname, compression = compression, compression_level = 9L,  :
  storing paths of more than 100 bytes is not portable:
  ‘neurosurf/inst/htmlwidgets/neurosurface/node_modules/three/examples/jsm/renderers/nodes/core/NodeFunctionInput.js’
Warning in utils::tar(filepath, pkgname, compression = compression, compression_level = 9L,  :
  storing paths of more than 100 bytes is not portable:
  ‘neurosurf/inst/htmlwidgets/neurosurface/node_modules/three/examples/jsm/renderers/nodes/core/NodeKeywords.js’
Warning in utils::tar(filepath, pkgname, compression = compression, compression_level = 9L,  :
  storing paths of more than 100 bytes is not portable:
  ‘neurosurf/inst/htmlwidgets/neurosurface/node_modules/three/examples/jsm/renderers/nodes/core/NodeSlot.js’
Warning in utils::tar(filepath, pkgname, compression = compression, compression_level = 9L,  :
  storing paths of more than 100 bytes is not portable:
  ‘neurosurf/inst/htmlwidgets/neurosurface/node_modules/three/examples/jsm/renderers/nodes/core/NodeUniform.js’
Warning in utils::tar(filepath, pkgname, compression = compression, compression_level = 9L,  :
  storing paths of more than 100 bytes is not portable:
  ‘neurosurf/inst/htmlwidgets/neurosurface/node_modules/three/examples/jsm/renderers/nodes/core/NodeVar.js’
Warning in utils::tar(filepath, pkgname, compression = compression, compression_level = 9L,  :
  storing paths of more than 100 bytes is not portable:
  ‘neurosurf/inst/htmlwidgets/neurosurface/node_modules/three/examples/jsm/renderers/nodes/core/NodeVary.js’
Warning in utils::tar(filepath, pkgname, compression = compression, compression_level = 9L,  :
  storing paths of more than 100 bytes is not portable:
  ‘neurosurf/inst/htmlwidgets/neurosurface/node_modules/three/examples/jsm/renderers/nodes/core/PropertyNode.js’
Warning in utils::tar(filepath, pkgname, compression = compression, compression_level = 9L,  :
  storing paths of more than 100 bytes is not portable:
  ‘neurosurf/inst/htmlwidgets/neurosurface/node_modules/three/examples/jsm/renderers/nodes/core/StructNode.js’
Warning in utils::tar(filepath, pkgname, compression = compression, compression_level = 9L,  :
  storing paths of more than 100 bytes is not portable:
  ‘neurosurf/inst/htmlwidgets/neurosurface/node_modules/three/examples/jsm/renderers/nodes/core/StructVarNode.js’
Warning in utils::tar(filepath, pkgname, compression = compression, compression_level = 9L,  :
  storing paths of more than 100 bytes is not portable:
  ‘neurosurf/inst/htmlwidgets/neurosurface/node_modules/three/examples/jsm/renderers/nodes/core/TempNode.js’
Warning in utils::tar(filepath, pkgname, compression = compression, compression_level = 9L,  :
  storing paths of more than 100 bytes is not portable:
  ‘neurosurf/inst/htmlwidgets/neurosurface/node_modules/three/examples/jsm/renderers/nodes/core/VarNode.js’
Warning in utils::tar(filepath, pkgname, compression = compression, compression_level = 9L,  :
  storing paths of more than 100 bytes is not portable:
  ‘neurosurf/inst/htmlwidgets/neurosurface/node_modules/three/examples/jsm/renderers/nodes/core/VaryNode.js’
Warning in utils::tar(filepath, pkgname, compression = compression, compression_level = 9L,  :
  storing paths of more than 100 bytes is not portable:
  ‘neurosurf/inst/htmlwidgets/neurosurface/node_modules/three/examples/jsm/renderers/nodes/core/constants.js’
Warning in utils::tar(filepath, pkgname, compression = compression, compression_level = 9L,  :
  storing paths of more than 100 bytes is not portable:
  ‘neurosurf/inst/htmlwidgets/neurosurface/node_modules/three/examples/jsm/renderers/nodes/display/ColorSpaceNode.js’
Warning in utils::tar(filepath, pkgname, compression = compression, compression_level = 9L,  :
  storing paths of more than 100 bytes is not portable:
  ‘neurosurf/inst/htmlwidgets/neurosurface/node_modules/three/examples/jsm/renderers/nodes/display/NormalMapNode.js’
Warning in utils::tar(filepath, pkgname, compression = compression, compression_level = 9L,  :
  storing paths of more than 100 bytes is not portable:
  ‘neurosurf/inst/htmlwidgets/neurosurface/node_modules/three/examples/jsm/renderers/nodes/functions/BSDFs.js’
Warning in utils::tar(filepath, pkgname, compression = compression, compression_level = 9L,  :
  storing paths of more than 100 bytes is not portable:
  ‘neurosurf/inst/htmlwidgets/neurosurface/node_modules/three/examples/jsm/renderers/nodes/functions/EncodingFunctions.js’
Warning in utils::tar(filepath, pkgname, compression = compression, compression_level = 9L,  :
  storing paths of more than 100 bytes is not portable:
  ‘neurosurf/inst/htmlwidgets/neurosurface/node_modules/three/examples/jsm/renderers/nodes/functions/MathFunctions.js’
Warning in utils::tar(filepath, pkgname, compression = compression, compression_level = 9L,  :
  storing paths of more than 100 bytes is not portable:
  ‘neurosurf/inst/htmlwidgets/neurosurface/node_modules/three/examples/jsm/renderers/nodes/inputs/ColorNode.js’
Warning in utils::tar(filepath, pkgname, compression = compression, compression_level = 9L,  :
  storing paths of more than 100 bytes is not portable:
  ‘neurosurf/inst/htmlwidgets/neurosurface/node_modules/three/examples/jsm/renderers/nodes/inputs/FloatNode.js’
Warning in utils::tar(filepath, pkgname, compression = compression, compression_level = 9L,  :
  storing paths of more than 100 bytes is not portable:
  ‘neurosurf/inst/htmlwidgets/neurosurface/node_modules/three/examples/jsm/renderers/nodes/inputs/Matrix3Node.js’
Warning in utils::tar(filepath, pkgname, compression = compression, compression_level = 9L,  :
  storing paths of more than 100 bytes is not portable:
  ‘neurosurf/inst/htmlwidgets/neurosurface/node_modules/three/examples/jsm/renderers/nodes/inputs/Matrix4Node.js’
Warning in utils::tar(filepath, pkgname, compression = compression, compression_level = 9L,  :
  storing paths of more than 100 bytes is not portable:
  ‘neurosurf/inst/htmlwidgets/neurosurface/node_modules/three/examples/jsm/renderers/nodes/inputs/TextureNode.js’
Warning in utils::tar(filepath, pkgname, compression = compression, compression_level = 9L,  :
  storing paths of more than 100 bytes is not portable:
  ‘neurosurf/inst/htmlwidgets/neurosurface/node_modules/three/examples/jsm/renderers/nodes/inputs/Vector2Node.js’
Warning in utils::tar(filepath, pkgname, compression = compression, compression_level = 9L,  :
  storing paths of more than 100 bytes is not portable:
  ‘neurosurf/inst/htmlwidgets/neurosurface/node_modules/three/examples/jsm/renderers/nodes/inputs/Vector3Node.js’
Warning in utils::tar(filepath, pkgname, compression = compression, compression_level = 9L,  :
  storing paths of more than 100 bytes is not portable:
  ‘neurosurf/inst/htmlwidgets/neurosurface/node_modules/three/examples/jsm/renderers/nodes/inputs/Vector4Node.js’
Warning in utils::tar(filepath, pkgname, compression = compression, compression_level = 9L,  :
  storing paths of more than 100 bytes is not portable:
  ‘neurosurf/inst/htmlwidgets/neurosurface/node_modules/three/examples/jsm/renderers/nodes/lights/LightContextNode.js’
Warning in utils::tar(filepath, pkgname, compression = compression, compression_level = 9L,  :
  storing paths of more than 100 bytes is not portable:
  ‘neurosurf/inst/htmlwidgets/neurosurface/node_modules/three/examples/jsm/renderers/nodes/lights/LightNode.js’
Warning in utils::tar(filepath, pkgname, compression = compression, compression_level = 9L,  :
  storing paths of more than 100 bytes is not portable:
  ‘neurosurf/inst/htmlwidgets/neurosurface/node_modules/three/examples/jsm/renderers/nodes/lights/LightsNode.js’
Warning in utils::tar(filepath, pkgname, compression = compression, compression_level = 9L,  :
  storing paths of more than 100 bytes is not portable:
  ‘neurosurf/inst/htmlwidgets/neurosurface/node_modules/three/examples/jsm/renderers/nodes/lights/PhysicalMaterialContextNode.js’
Warning in utils::tar(filepath, pkgname, compression = compression, compression_level = 9L,  :
  storing paths of more than 100 bytes is not portable:
  ‘neurosurf/inst/htmlwidgets/neurosurface/node_modules/three/examples/jsm/renderers/nodes/math/MathNode.js’
Warning in utils::tar(filepath, pkgname, compression = compression, compression_level = 9L,  :
  storing paths of more than 100 bytes is not portable:
  ‘neurosurf/inst/htmlwidgets/neurosurface/node_modules/three/examples/jsm/renderers/nodes/math/OperatorNode.js’
Warning in utils::tar(filepath, pkgname, compression = compression, compression_level = 9L,  :
  storing paths of more than 100 bytes is not portable:
  ‘neurosurf/inst/htmlwidgets/neurosurface/node_modules/three/examples/jsm/renderers/nodes/utils/SwitchNode.js’
Warning in utils::tar(filepath, pkgname, compression = compression, compression_level = 9L,  :
  storing paths of more than 100 bytes is not portable:
  ‘neurosurf/inst/htmlwidgets/neurosurface/node_modules/three/examples/jsm/renderers/nodes/utils/TimerNode.js’
Warning in utils::tar(filepath, pkgname, compression = compression, compression_level = 9L,  :
  storing paths of more than 100 bytes is not portable:
  ‘neurosurf/inst/htmlwidgets/neurosurface/node_modules/three/examples/jsm/renderers/webgl/nodes/WebGLNodeBuilder.js’
Warning in utils::tar(filepath, pkgname, compression = compression, compression_level = 9L,  :
  storing paths of more than 100 bytes is not portable:
  ‘neurosurf/inst/htmlwidgets/neurosurface/node_modules/three/examples/jsm/renderers/webgl/nodes/WebGLNodes.js’
Warning in utils::tar(filepath, pkgname, compression = compression, compression_level = 9L,  :
  storing paths of more than 100 bytes is not portable:
  ‘neurosurf/inst/htmlwidgets/neurosurface/node_modules/three/examples/jsm/renderers/webgpu/WebGPUAttributes.js’
Warning in utils::tar(filepath, pkgname, compression = compression, compression_level = 9L,  :
  storing paths of more than 100 bytes is not portable:
  ‘neurosurf/inst/htmlwidgets/neurosurface/node_modules/three/examples/jsm/renderers/webgpu/WebGPUBackground.js’
Warning in utils::tar(filepath, pkgname, compression = compression, compression_level = 9L,  :
  storing paths of more than 100 bytes is not portable:
  ‘neurosurf/inst/htmlwidgets/neurosurface/node_modules/three/examples/jsm/renderers/webgpu/WebGPUBinding.js’
Warning in utils::tar(filepath, pkgname, compression = compression, compression_level = 9L,  :
  storing paths of more than 100 bytes is not portable:
  ‘neurosurf/inst/htmlwidgets/neurosurface/node_modules/three/examples/jsm/renderers/webgpu/WebGPUBindings.js’
Warning in utils::tar(filepath, pkgname, compression = compression, compression_level = 9L,  :
  storing paths of more than 100 bytes is not portable:
  ‘neurosurf/inst/htmlwidgets/neurosurface/node_modules/three/examples/jsm/renderers/webgpu/WebGPUComputePipelines.js’
Warning in utils::tar(filepath, pkgname, compression = compression, compression_level = 9L,  :
  storing paths of more than 100 bytes is not portable:
  ‘neurosurf/inst/htmlwidgets/neurosurface/node_modules/three/examples/jsm/renderers/webgpu/WebGPUGeometries.js’
Warning in utils::tar(filepath, pkgname, compression = compression, compression_level = 9L,  :
  storing paths of more than 100 bytes is not portable:
  ‘neurosurf/inst/htmlwidgets/neurosurface/node_modules/three/examples/jsm/renderers/webgpu/WebGPUInfo.js’
Warning in utils::tar(filepath, pkgname, compression = compression, compression_level = 9L,  :
  storing paths of more than 100 bytes is not portable:
  ‘neurosurf/inst/htmlwidgets/neurosurface/node_modules/three/examples/jsm/renderers/webgpu/WebGPUObjects.js’
Warning in utils::tar(filepath, pkgname, compression = compression, compression_level = 9L,  :
  storing paths of more than 100 bytes is not portable:
  ‘neurosurf/inst/htmlwidgets/neurosurface/node_modules/three/examples/jsm/renderers/webgpu/WebGPUProgrammableStage.js’
Warning in utils::tar(filepath, pkgname, compression = compression, compression_level = 9L,  :
  storing paths of more than 100 bytes is not portable:
  ‘neurosurf/inst/htmlwidgets/neurosurface/node_modules/three/examples/jsm/renderers/webgpu/WebGPUProperties.js’
Warning in utils::tar(filepath, pkgname, compression = compression, compression_level = 9L,  :
  storing paths of more than 100 bytes is not portable:
  ‘neurosurf/inst/htmlwidgets/neurosurface/node_modules/three/examples/jsm/renderers/webgpu/WebGPURenderLists.js’
Warning in utils::tar(filepath, pkgname, compression = compression, compression_level = 9L,  :
  storing paths of more than 100 bytes is not portable:
  ‘neurosurf/inst/htmlwidgets/neurosurface/node_modules/three/examples/jsm/renderers/webgpu/WebGPURenderPipeline.js’
Warning in utils::tar(filepath, pkgname, compression = compression, compression_level = 9L,  :
  storing paths of more than 100 bytes is not portable:
  ‘neurosurf/inst/htmlwidgets/neurosurface/node_modules/three/examples/jsm/renderers/webgpu/WebGPURenderPipelines.js’
Warning in utils::tar(filepath, pkgname, compression = compression, compression_level = 9L,  :
  storing paths of more than 100 bytes is not portable:
  ‘neurosurf/inst/htmlwidgets/neurosurface/node_modules/three/examples/jsm/renderers/webgpu/WebGPURenderer.js’
Warning in utils::tar(filepath, pkgname, compression = compression, compression_level = 9L,  :
  storing paths of more than 100 bytes is not portable:
  ‘neurosurf/inst/htmlwidgets/neurosurface/node_modules/three/examples/jsm/renderers/webgpu/WebGPUSampledTexture.js’
Warning in utils::tar(filepath, pkgname, compression = compression, compression_level = 9L,  :
  storing paths of more than 100 bytes is not portable:
  ‘neurosurf/inst/htmlwidgets/neurosurface/node_modules/three/examples/jsm/renderers/webgpu/WebGPUSampler.js’
Warning in utils::tar(filepath, pkgname, compression = compression, compression_level = 9L,  :
  storing paths of more than 100 bytes is not portable:
  ‘neurosurf/inst/htmlwidgets/neurosurface/node_modules/three/examples/jsm/renderers/webgpu/WebGPUStorageBuffer.js’
Warning in utils::tar(filepath, pkgname, compression = compression, compression_level = 9L,  :
  storing paths of more than 100 bytes is not portable:
  ‘neurosurf/inst/htmlwidgets/neurosurface/node_modules/three/examples/jsm/renderers/webgpu/WebGPUTextureRenderer.js’
Warning in utils::tar(filepath, pkgname, compression = compression, compression_level = 9L,  :
  storing paths of more than 100 bytes is not portable:
  ‘neurosurf/inst/htmlwidgets/neurosurface/node_modules/three/examples/jsm/renderers/webgpu/WebGPUTextureUtils.js’
Warning in utils::tar(filepath, pkgname, compression = compression, compression_level = 9L,  :
  storing paths of more than 100 bytes is not portable:
  ‘neurosurf/inst/htmlwidgets/neurosurface/node_modules/three/examples/jsm/renderers/webgpu/WebGPUTextures.js’
Warning in utils::tar(filepath, pkgname, compression = compression, compression_level = 9L,  :
  storing paths of more than 100 bytes is not portable:
  ‘neurosurf/inst/htmlwidgets/neurosurface/node_modules/three/examples/jsm/renderers/webgpu/WebGPUUniform.js’
Warning in utils::tar(filepath, pkgname, compression = compression, compression_level = 9L,  :
  storing paths of more than 100 bytes is not portable:
  ‘neurosurf/inst/htmlwidgets/neurosurface/node_modules/three/examples/jsm/renderers/webgpu/WebGPUUniformsGroup.js’
Warning in utils::tar(filepath, pkgname, compression = compression, compression_level = 9L,  :
  storing paths of more than 100 bytes is not portable:
  ‘neurosurf/inst/htmlwidgets/neurosurface/node_modules/three/examples/jsm/renderers/webgpu/constants.js’
Warning in utils::tar(filepath, pkgname, compression = compression, compression_level = 9L,  :
  storing paths of more than 100 bytes is not portable:
  ‘neurosurf/inst/htmlwidgets/neurosurface/node_modules/three/examples/jsm/renderers/webgpu/nodes/ShaderLib.js’
Warning in utils::tar(filepath, pkgname, compression = compression, compression_level = 9L,  :
  storing paths of more than 100 bytes is not portable:
  ‘neurosurf/inst/htmlwidgets/neurosurface/node_modules/three/examples/jsm/renderers/webgpu/nodes/WebGPUNodeBuilder.js’
Warning in utils::tar(filepath, pkgname, compression = compression, compression_level = 9L,  :
  storing paths of more than 100 bytes is not portable:
  ‘neurosurf/inst/htmlwidgets/neurosurface/node_modules/three/examples/jsm/renderers/webgpu/nodes/WebGPUNodeSampledTexture.js’
Warning in utils::tar(filepath, pkgname, compression = compression, compression_level = 9L,  :
  storing paths of more than 100 bytes is not portable:
  ‘neurosurf/inst/htmlwidgets/neurosurface/node_modules/three/examples/jsm/renderers/webgpu/nodes/WebGPUNodeSampler.js’
Warning in utils::tar(filepath, pkgname, compression = compression, compression_level = 9L,  :
  storing paths of more than 100 bytes is not portable:
  ‘neurosurf/inst/htmlwidgets/neurosurface/node_modules/three/examples/jsm/renderers/webgpu/nodes/WebGPUNodeUniform.js’
Warning in utils::tar(filepath, pkgname, compression = compression, compression_level = 9L,  :
  storing paths of more than 100 bytes is not portable:
  ‘neurosurf/inst/htmlwidgets/neurosurface/node_modules/three/examples/jsm/renderers/webgpu/nodes/WebGPUNodeUniformsGroup.js’
Warning in utils::tar(filepath, pkgname, compression = compression, compression_level = 9L,  :
  storing paths of more than 100 bytes is not portable:
  ‘neurosurf/inst/htmlwidgets/neurosurface/node_modules/three/examples/jsm/renderers/webgpu/nodes/WebGPUNodes.js’
Warning in utils::tar(filepath, pkgname, compression = compression, compression_level = 9L,  :
  storing paths of more than 100 bytes is not portable:
  ‘neurosurf/inst/htmlwidgets/neurosurface/node_modules/three/examples/jsm/shaders/ACESFilmicToneMappingShader.js’
Warning in utils::tar(filepath, pkgname, compression = compression, compression_level = 9L,  :
  storing paths of more than 100 bytes is not portable:
  ‘neurosurf/inst/htmlwidgets/neurosurface/node_modules/three/examples/jsm/shaders/BleachBypassShader.js’
Warning in utils::tar(filepath, pkgname, compression = compression, compression_level = 9L,  :
  storing paths of more than 100 bytes is not portable:
  ‘neurosurf/inst/htmlwidgets/neurosurface/node_modules/three/examples/jsm/shaders/BrightnessContrastShader.js’
Warning in utils::tar(filepath, pkgname, compression = compression, compression_level = 9L,  :
  storing paths of more than 100 bytes is not portable:
  ‘neurosurf/inst/htmlwidgets/neurosurface/node_modules/three/examples/jsm/shaders/ColorCorrectionShader.js’
Warning in utils::tar(filepath, pkgname, compression = compression, compression_level = 9L,  :
  storing paths of more than 100 bytes is not portable:
  ‘neurosurf/inst/htmlwidgets/neurosurface/node_modules/three/examples/jsm/shaders/DepthLimitedBlurShader.js’
Warning in utils::tar(filepath, pkgname, compression = compression, compression_level = 9L,  :
  storing paths of more than 100 bytes is not portable:
  ‘neurosurf/inst/htmlwidgets/neurosurface/node_modules/three/examples/jsm/shaders/GammaCorrectionShader.js’
Warning in utils::tar(filepath, pkgname, compression = compression, compression_level = 9L,  :
  storing paths of more than 100 bytes is not portable:
  ‘neurosurf/inst/htmlwidgets/neurosurface/node_modules/three/examples/jsm/shaders/HorizontalBlurShader.js’
Warning in utils::tar(filepath, pkgname, compression = compression, compression_level = 9L,  :
  storing paths of more than 100 bytes is not portable:
  ‘neurosurf/inst/htmlwidgets/neurosurface/node_modules/three/examples/jsm/shaders/HorizontalTiltShiftShader.js’
Warning in utils::tar(filepath, pkgname, compression = compression, compression_level = 9L,  :
  storing paths of more than 100 bytes is not portable:
  ‘neurosurf/inst/htmlwidgets/neurosurface/node_modules/three/examples/jsm/shaders/HueSaturationShader.js’
Warning in utils::tar(filepath, pkgname, compression = compression, compression_level = 9L,  :
  storing paths of more than 100 bytes is not portable:
  ‘neurosurf/inst/htmlwidgets/neurosurface/node_modules/three/examples/jsm/shaders/LuminosityHighPassShader.js’
Warning in utils::tar(filepath, pkgname, compression = compression, compression_level = 9L,  :
  storing paths of more than 100 bytes is not portable:
  ‘neurosurf/inst/htmlwidgets/neurosurface/node_modules/three/examples/jsm/shaders/SobelOperatorShader.js’
Warning in utils::tar(filepath, pkgname, compression = compression, compression_level = 9L,  :
  storing paths of more than 100 bytes is not portable:
  ‘neurosurf/inst/htmlwidgets/neurosurface/node_modules/three/examples/jsm/shaders/SubsurfaceScatteringShader.js’
Warning in utils::tar(filepath, pkgname, compression = compression, compression_level = 9L,  :
  storing paths of more than 100 bytes is not portable:
  ‘neurosurf/inst/htmlwidgets/neurosurface/node_modules/three/examples/jsm/shaders/TriangleBlurShader.js’
Warning in utils::tar(filepath, pkgname, compression = compression, compression_level = 9L,  :
  storing paths of more than 100 bytes is not portable:
  ‘neurosurf/inst/htmlwidgets/neurosurface/node_modules/three/examples/jsm/shaders/UnpackDepthRGBAShader.js’
Warning in utils::tar(filepath, pkgname, compression = compression, compression_level = 9L,  :
  storing paths of more than 100 bytes is not portable:
  ‘neurosurf/inst/htmlwidgets/neurosurface/node_modules/three/examples/jsm/shaders/VerticalBlurShader.js’
Warning in utils::tar(filepath, pkgname, compression = compression, compression_level = 9L,  :
  storing paths of more than 100 bytes is not portable:
  ‘neurosurf/inst/htmlwidgets/neurosurface/node_modules/three/examples/jsm/shaders/VerticalTiltShiftShader.js’
Warning in utils::tar(filepath, pkgname, compression = compression, compression_level = 9L,  :
  storing paths of more than 100 bytes is not portable:
  ‘neurosurf/inst/htmlwidgets/neurosurface/node_modules/three/examples/jsm/shaders/WaterRefractionShader.js’
Warning in utils::tar(filepath, pkgname, compression = compression, compression_level = 9L,  :
  storing paths of more than 100 bytes is not portable:
  ‘neurosurf/inst/htmlwidgets/neurosurface/node_modules/three/examples/jsm/utils/GeometryCompressionUtils.js’
Warning in utils::tar(filepath, pkgname, compression = compression, compression_level = 9L,  :
  storing paths of more than 100 bytes is not portable:
  ‘neurosurf/inst/htmlwidgets/neurosurface/node_modules/three/examples/jsm/webxr/OculusHandPointerModel.js’
Warning in utils::tar(filepath, pkgname, compression = compression, compression_level = 9L,  :
  storing paths of more than 100 bytes is not portable:
  ‘neurosurf/inst/htmlwidgets/neurosurface/node_modules/three/examples/jsm/webxr/XRControllerModelFactory.js’
Warning in utils::tar(filepath, pkgname, compression = compression, compression_level = 9L,  :
  storing paths of more than 100 bytes is not portable:
  ‘neurosurf/inst/htmlwidgets/neurosurface/node_modules/three/examples/jsm/webxr/XRHandPrimitiveModel.js’
Warning in utils::tar(filepath, pkgname, compression = compression, compression_level = 9L,  :
  storing paths of more than 100 bytes is not portable:
  ‘neurosurf/inst/htmlwidgets/neurosurface/node_modules/three/src/animation/tracks/BooleanKeyframeTrack.js’
Warning in utils::tar(filepath, pkgname, compression = compression, compression_level = 9L,  :
  storing paths of more than 100 bytes is not portable:
  ‘neurosurf/inst/htmlwidgets/neurosurface/node_modules/three/src/animation/tracks/ColorKeyframeTrack.js’
Warning in utils::tar(filepath, pkgname, compression = compression, compression_level = 9L,  :
  storing paths of more than 100 bytes is not portable:
  ‘neurosurf/inst/htmlwidgets/neurosurface/node_modules/three/src/animation/tracks/NumberKeyframeTrack.js’
Warning in utils::tar(filepath, pkgname, compression = compression, compression_level = 9L,  :
  storing paths of more than 100 bytes is not portable:
  ‘neurosurf/inst/htmlwidgets/neurosurface/node_modules/three/src/animation/tracks/QuaternionKeyframeTrack.js’
Warning in utils::tar(filepath, pkgname, compression = compression, compression_level = 9L,  :
  storing paths of more than 100 bytes is not portable:
  ‘neurosurf/inst/htmlwidgets/neurosurface/node_modules/three/src/animation/tracks/StringKeyframeTrack.js’
Warning in utils::tar(filepath, pkgname, compression = compression, compression_level = 9L,  :
  storing paths of more than 100 bytes is not portable:
  ‘neurosurf/inst/htmlwidgets/neurosurface/node_modules/three/src/animation/tracks/VectorKeyframeTrack.js’
Warning in utils::tar(filepath, pkgname, compression = compression, compression_level = 9L,  :
  storing paths of more than 100 bytes is not portable:
  ‘neurosurf/inst/htmlwidgets/neurosurface/node_modules/three/src/extras/curves/QuadraticBezierCurve3.js’
Warning in utils::tar(filepath, pkgname, compression = compression, compression_level = 9L,  :
  storing paths of more than 100 bytes is not portable:
  ‘neurosurf/inst/htmlwidgets/neurosurface/node_modules/three/src/extras/objects/ImmediateRenderObject.js’
Warning in utils::tar(filepath, pkgname, compression = compression, compression_level = 9L,  :
  storing paths of more than 100 bytes is not portable:
  ‘neurosurf/inst/htmlwidgets/neurosurface/node_modules/three/src/math/interpolants/DiscreteInterpolant.js’
Warning in utils::tar(filepath, pkgname, compression = compression, compression_level = 9L,  :
  storing paths of more than 100 bytes is not portable:
  ‘neurosurf/inst/htmlwidgets/neurosurface/node_modules/three/src/math/interpolants/LinearInterpolant.js’
Warning in utils::tar(filepath, pkgname, compression = compression, compression_level = 9L,  :
  storing paths of more than 100 bytes is not portable:
  ‘neurosurf/inst/htmlwidgets/neurosurface/node_modules/three/src/math/interpolants/QuaternionLinearInterpolant.js’
Warning in utils::tar(filepath, pkgname, compression = compression, compression_level = 9L,  :
  storing paths of more than 100 bytes is not portable:
  ‘neurosurf/inst/htmlwidgets/neurosurface/node_modules/three/src/renderers/WebGLMultipleRenderTargets.js’
Warning in utils::tar(filepath, pkgname, compression = compression, compression_level = 9L,  :
  storing paths of more than 100 bytes is not portable:
  ‘neurosurf/inst/htmlwidgets/neurosurface/node_modules/three/src/renderers/WebGLMultisampleRenderTarget.js’
Warning in utils::tar(filepath, pkgname, compression = compression, compression_level = 9L,  :
  storing paths of more than 100 bytes is not portable:
  ‘neurosurf/inst/htmlwidgets/neurosurface/node_modules/three/src/renderers/shaders/ShaderChunk/alphamap_fragment.glsl.js’
Warning in utils::tar(filepath, pkgname, compression = compression, compression_level = 9L,  :
  storing paths of more than 100 bytes is not portable:
  ‘neurosurf/inst/htmlwidgets/neurosurface/node_modules/three/src/renderers/shaders/ShaderChunk/alphamap_pars_fragment.glsl.js’
Warning in utils::tar(filepath, pkgname, compression = compression, compression_level = 9L,  :
  storing paths of more than 100 bytes is not portable:
  ‘neurosurf/inst/htmlwidgets/neurosurface/node_modules/three/src/renderers/shaders/ShaderChunk/alphatest_fragment.glsl.js’
Warning in utils::tar(filepath, pkgname, compression = compression, compression_level = 9L,  :
  storing paths of more than 100 bytes is not portable:
  ‘neurosurf/inst/htmlwidgets/neurosurface/node_modules/three/src/renderers/shaders/ShaderChunk/alphatest_pars_fragment.glsl.js’
Warning in utils::tar(filepath, pkgname, compression = compression, compression_level = 9L,  :
  storing paths of more than 100 bytes is not portable:
  ‘neurosurf/inst/htmlwidgets/neurosurface/node_modules/three/src/renderers/shaders/ShaderChunk/aomap_fragment.glsl.js’
Warning in utils::tar(filepath, pkgname, compression = compression, compression_level = 9L,  :
  storing paths of more than 100 bytes is not portable:
  ‘neurosurf/inst/htmlwidgets/neurosurface/node_modules/three/src/renderers/shaders/ShaderChunk/aomap_pars_fragment.glsl.js’
Warning in utils::tar(filepath, pkgname, compression = compression, compression_level = 9L,  :
  storing paths of more than 100 bytes is not portable:
  ‘neurosurf/inst/htmlwidgets/neurosurface/node_modules/three/src/renderers/shaders/ShaderChunk/begin_vertex.glsl.js’
Warning in utils::tar(filepath, pkgname, compression = compression, compression_level = 9L,  :
  storing paths of more than 100 bytes is not portable:
  ‘neurosurf/inst/htmlwidgets/neurosurface/node_modules/three/src/renderers/shaders/ShaderChunk/beginnormal_vertex.glsl.js’
Warning in utils::tar(filepath, pkgname, compression = compression, compression_level = 9L,  :
  storing paths of more than 100 bytes is not portable:
  ‘neurosurf/inst/htmlwidgets/neurosurface/node_modules/three/src/renderers/shaders/ShaderChunk/bsdfs.glsl.js’
Warning in utils::tar(filepath, pkgname, compression = compression, compression_level = 9L,  :
  storing paths of more than 100 bytes is not portable:
  ‘neurosurf/inst/htmlwidgets/neurosurface/node_modules/three/src/renderers/shaders/ShaderChunk/bumpmap_pars_fragment.glsl.js’
Warning in utils::tar(filepath, pkgname, compression = compression, compression_level = 9L,  :
  storing paths of more than 100 bytes is not portable:
  ‘neurosurf/inst/htmlwidgets/neurosurface/node_modules/three/src/renderers/shaders/ShaderChunk/clearcoat_normal_fragment_begin.glsl.js’
Warning in utils::tar(filepath, pkgname, compression = compression, compression_level = 9L,  :
  storing paths of more than 100 bytes is not portable:
  ‘neurosurf/inst/htmlwidgets/neurosurface/node_modules/three/src/renderers/shaders/ShaderChunk/clearcoat_normal_fragment_maps.glsl.js’
Warning in utils::tar(filepath, pkgname, compression = compression, compression_level = 9L,  :
  storing paths of more than 100 bytes is not portable:
  ‘neurosurf/inst/htmlwidgets/neurosurface/node_modules/three/src/renderers/shaders/ShaderChunk/clearcoat_pars_fragment.glsl.js’
Warning in utils::tar(filepath, pkgname, compression = compression, compression_level = 9L,  :
  storing paths of more than 100 bytes is not portable:
  ‘neurosurf/inst/htmlwidgets/neurosurface/node_modules/three/src/renderers/shaders/ShaderChunk/clipping_planes_fragment.glsl.js’
Warning in utils::tar(filepath, pkgname, compression = compression, compression_level = 9L,  :
  storing paths of more than 100 bytes is not portable:
  ‘neurosurf/inst/htmlwidgets/neurosurface/node_modules/three/src/renderers/shaders/ShaderChunk/clipping_planes_pars_fragment.glsl.js’
Warning in utils::tar(filepath, pkgname, compression = compression, compression_level = 9L,  :
  storing paths of more than 100 bytes is not portable:
  ‘neurosurf/inst/htmlwidgets/neurosurface/node_modules/three/src/renderers/shaders/ShaderChunk/clipping_planes_pars_vertex.glsl.js’
Warning in utils::tar(filepath, pkgname, compression = compression, compression_level = 9L,  :
  storing paths of more than 100 bytes is not portable:
  ‘neurosurf/inst/htmlwidgets/neurosurface/node_modules/three/src/renderers/shaders/ShaderChunk/clipping_planes_vertex.glsl.js’
Warning in utils::tar(filepath, pkgname, compression = compression, compression_level = 9L,  :
  storing paths of more than 100 bytes is not portable:
  ‘neurosurf/inst/htmlwidgets/neurosurface/node_modules/three/src/renderers/shaders/ShaderChunk/color_fragment.glsl.js’
Warning in utils::tar(filepath, pkgname, compression = compression, compression_level = 9L,  :
  storing paths of more than 100 bytes is not portable:
  ‘neurosurf/inst/htmlwidgets/neurosurface/node_modules/three/src/renderers/shaders/ShaderChunk/color_pars_fragment.glsl.js’
Warning in utils::tar(filepath, pkgname, compression = compression, compression_level = 9L,  :
  storing paths of more than 100 bytes is not portable:
  ‘neurosurf/inst/htmlwidgets/neurosurface/node_modules/three/src/renderers/shaders/ShaderChunk/color_pars_vertex.glsl.js’
Warning in utils::tar(filepath, pkgname, compression = compression, compression_level = 9L,  :
  storing paths of more than 100 bytes is not portable:
  ‘neurosurf/inst/htmlwidgets/neurosurface/node_modules/three/src/renderers/shaders/ShaderChunk/color_vertex.glsl.js’
Warning in utils::tar(filepath, pkgname, compression = compression, compression_level = 9L,  :
  storing paths of more than 100 bytes is not portable:
  ‘neurosurf/inst/htmlwidgets/neurosurface/node_modules/three/src/renderers/shaders/ShaderChunk/common.glsl.js’
Warning in utils::tar(filepath, pkgname, compression = compression, compression_level = 9L,  :
  storing paths of more than 100 bytes is not portable:
  ‘neurosurf/inst/htmlwidgets/neurosurface/node_modules/three/src/renderers/shaders/ShaderChunk/cube_uv_reflection_fragment.glsl.js’
Warning in utils::tar(filepath, pkgname, compression = compression, compression_level = 9L,  :
  storing paths of more than 100 bytes is not portable:
  ‘neurosurf/inst/htmlwidgets/neurosurface/node_modules/three/src/renderers/shaders/ShaderChunk/default_fragment.glsl.js’
Warning in utils::tar(filepath, pkgname, compression = compression, compression_level = 9L,  :
  storing paths of more than 100 bytes is not portable:
  ‘neurosurf/inst/htmlwidgets/neurosurface/node_modules/three/src/renderers/shaders/ShaderChunk/default_vertex.glsl.js’
Warning in utils::tar(filepath, pkgname, compression = compression, compression_level = 9L,  :
  storing paths of more than 100 bytes is not portable:
  ‘neurosurf/inst/htmlwidgets/neurosurface/node_modules/three/src/renderers/shaders/ShaderChunk/defaultnormal_vertex.glsl.js’
Warning in utils::tar(filepath, pkgname, compression = compression, compression_level = 9L,  :
  storing paths of more than 100 bytes is not portable:
  ‘neurosurf/inst/htmlwidgets/neurosurface/node_modules/three/src/renderers/shaders/ShaderChunk/displacementmap_pars_vertex.glsl.js’
Warning in utils::tar(filepath, pkgname, compression = compression, compression_level = 9L,  :
  storing paths of more than 100 bytes is not portable:
  ‘neurosurf/inst/htmlwidgets/neurosurface/node_modules/three/src/renderers/shaders/ShaderChunk/displacementmap_vertex.glsl.js’
Warning in utils::tar(filepath, pkgname, compression = compression, compression_level = 9L,  :
  storing paths of more than 100 bytes is not portable:
  ‘neurosurf/inst/htmlwidgets/neurosurface/node_modules/three/src/renderers/shaders/ShaderChunk/dithering_fragment.glsl.js’
Warning in utils::tar(filepath, pkgname, compression = compression, compression_level = 9L,  :
  storing paths of more than 100 bytes is not portable:
  ‘neurosurf/inst/htmlwidgets/neurosurface/node_modules/three/src/renderers/shaders/ShaderChunk/dithering_pars_fragment.glsl.js’
Warning in utils::tar(filepath, pkgname, compression = compression, compression_level = 9L,  :
  storing paths of more than 100 bytes is not portable:
  ‘neurosurf/inst/htmlwidgets/neurosurface/node_modules/three/src/renderers/shaders/ShaderChunk/emissivemap_fragment.glsl.js’
Warning in utils::tar(filepath, pkgname, compression = compression, compression_level = 9L,  :
  storing paths of more than 100 bytes is not portable:
  ‘neurosurf/inst/htmlwidgets/neurosurface/node_modules/three/src/renderers/shaders/ShaderChunk/emissivemap_pars_fragment.glsl.js’
Warning in utils::tar(filepath, pkgname, compression = compression, compression_level = 9L,  :
  storing paths of more than 100 bytes is not portable:
  ‘neurosurf/inst/htmlwidgets/neurosurface/node_modules/three/src/renderers/shaders/ShaderChunk/encodings_fragment.glsl.js’
Warning in utils::tar(filepath, pkgname, compression = compression, compression_level = 9L,  :
  storing paths of more than 100 bytes is not portable:
  ‘neurosurf/inst/htmlwidgets/neurosurface/node_modules/three/src/renderers/shaders/ShaderChunk/encodings_pars_fragment.glsl.js’
Warning in utils::tar(filepath, pkgname, compression = compression, compression_level = 9L,  :
  storing paths of more than 100 bytes is not portable:
  ‘neurosurf/inst/htmlwidgets/neurosurface/node_modules/three/src/renderers/shaders/ShaderChunk/envmap_common_pars_fragment.glsl.js’
Warning in utils::tar(filepath, pkgname, compression = compression, compression_level = 9L,  :
  storing paths of more than 100 bytes is not portable:
  ‘neurosurf/inst/htmlwidgets/neurosurface/node_modules/three/src/renderers/shaders/ShaderChunk/envmap_fragment.glsl.js’
Warning in utils::tar(filepath, pkgname, compression = compression, compression_level = 9L,  :
  storing paths of more than 100 bytes is not portable:
  ‘neurosurf/inst/htmlwidgets/neurosurface/node_modules/three/src/renderers/shaders/ShaderChunk/envmap_pars_fragment.glsl.js’
Warning in utils::tar(filepath, pkgname, compression = compression, compression_level = 9L,  :
  storing paths of more than 100 bytes is not portable:
  ‘neurosurf/inst/htmlwidgets/neurosurface/node_modules/three/src/renderers/shaders/ShaderChunk/envmap_pars_vertex.glsl.js’
Warning in utils::tar(filepath, pkgname, compression = compression, compression_level = 9L,  :
  storing paths of more than 100 bytes is not portable:
  ‘neurosurf/inst/htmlwidgets/neurosurface/node_modules/three/src/renderers/shaders/ShaderChunk/envmap_physical_pars_fragment.glsl.js’
Warning in utils::tar(filepath, pkgname, compression = compression, compression_level = 9L,  :
  storing paths of more than 100 bytes is not portable:
  ‘neurosurf/inst/htmlwidgets/neurosurface/node_modules/three/src/renderers/shaders/ShaderChunk/envmap_vertex.glsl.js’
Warning in utils::tar(filepath, pkgname, compression = compression, compression_level = 9L,  :
  storing paths of more than 100 bytes is not portable:
  ‘neurosurf/inst/htmlwidgets/neurosurface/node_modules/three/src/renderers/shaders/ShaderChunk/fog_fragment.glsl.js’
Warning in utils::tar(filepath, pkgname, compression = compression, compression_level = 9L,  :
  storing paths of more than 100 bytes is not portable:
  ‘neurosurf/inst/htmlwidgets/neurosurface/node_modules/three/src/renderers/shaders/ShaderChunk/fog_pars_fragment.glsl.js’
Warning in utils::tar(filepath, pkgname, compression = compression, compression_level = 9L,  :
  storing paths of more than 100 bytes is not portable:
  ‘neurosurf/inst/htmlwidgets/neurosurface/node_modules/three/src/renderers/shaders/ShaderChunk/fog_pars_vertex.glsl.js’
Warning in utils::tar(filepath, pkgname, compression = compression, compression_level = 9L,  :
  storing paths of more than 100 bytes is not portable:
  ‘neurosurf/inst/htmlwidgets/neurosurface/node_modules/three/src/renderers/shaders/ShaderChunk/fog_vertex.glsl.js’
Warning in utils::tar(filepath, pkgname, compression = compression, compression_level = 9L,  :
  storing paths of more than 100 bytes is not portable:
  ‘neurosurf/inst/htmlwidgets/neurosurface/node_modules/three/src/renderers/shaders/ShaderChunk/gradientmap_pars_fragment.glsl.js’
Warning in utils::tar(filepath, pkgname, compression = compression, compression_level = 9L,  :
  storing paths of more than 100 bytes is not portable:
  ‘neurosurf/inst/htmlwidgets/neurosurface/node_modules/three/src/renderers/shaders/ShaderChunk/lightmap_fragment.glsl.js’
Warning in utils::tar(filepath, pkgname, compression = compression, compression_level = 9L,  :
  storing paths of more than 100 bytes is not portable:
  ‘neurosurf/inst/htmlwidgets/neurosurface/node_modules/three/src/renderers/shaders/ShaderChunk/lightmap_pars_fragment.glsl.js’
Warning in utils::tar(filepath, pkgname, compression = compression, compression_level = 9L,  :
  storing paths of more than 100 bytes is not portable:
  ‘neurosurf/inst/htmlwidgets/neurosurface/node_modules/three/src/renderers/shaders/ShaderChunk/lights_fragment_begin.glsl.js’
Warning in utils::tar(filepath, pkgname, compression = compression, compression_level = 9L,  :
  storing paths of more than 100 bytes is not portable:
  ‘neurosurf/inst/htmlwidgets/neurosurface/node_modules/three/src/renderers/shaders/ShaderChunk/lights_fragment_end.glsl.js’
Warning in utils::tar(filepath, pkgname, compression = compression, compression_level = 9L,  :
  storing paths of more than 100 bytes is not portable:
  ‘neurosurf/inst/htmlwidgets/neurosurface/node_modules/three/src/renderers/shaders/ShaderChunk/lights_fragment_maps.glsl.js’
Warning in utils::tar(filepath, pkgname, compression = compression, compression_level = 9L,  :
  storing paths of more than 100 bytes is not portable:
  ‘neurosurf/inst/htmlwidgets/neurosurface/node_modules/three/src/renderers/shaders/ShaderChunk/lights_lambert_vertex.glsl.js’
Warning in utils::tar(filepath, pkgname, compression = compression, compression_level = 9L,  :
  storing paths of more than 100 bytes is not portable:
  ‘neurosurf/inst/htmlwidgets/neurosurface/node_modules/three/src/renderers/shaders/ShaderChunk/lights_pars_begin.glsl.js’
Warning in utils::tar(filepath, pkgname, compression = compression, compression_level = 9L,  :
  storing paths of more than 100 bytes is not portable:
  ‘neurosurf/inst/htmlwidgets/neurosurface/node_modules/three/src/renderers/shaders/ShaderChunk/lights_phong_fragment.glsl.js’
Warning in utils::tar(filepath, pkgname, compression = compression, compression_level = 9L,  :
  storing paths of more than 100 bytes is not portable:
  ‘neurosurf/inst/htmlwidgets/neurosurface/node_modules/three/src/renderers/shaders/ShaderChunk/lights_phong_pars_fragment.glsl.js’
Warning in utils::tar(filepath, pkgname, compression = compression, compression_level = 9L,  :
  storing paths of more than 100 bytes is not portable:
  ‘neurosurf/inst/htmlwidgets/neurosurface/node_modules/three/src/renderers/shaders/ShaderChunk/lights_physical_fragment.glsl.js’
Warning in utils::tar(filepath, pkgname, compression = compression, compression_level = 9L,  :
  storing paths of more than 100 bytes is not portable:
  ‘neurosurf/inst/htmlwidgets/neurosurface/node_modules/three/src/renderers/shaders/ShaderChunk/lights_physical_pars_fragment.glsl.js’
Warning in utils::tar(filepath, pkgname, compression = compression, compression_level = 9L,  :
  storing paths of more than 100 bytes is not portable:
  ‘neurosurf/inst/htmlwidgets/neurosurface/node_modules/three/src/renderers/shaders/ShaderChunk/lights_toon_fragment.glsl.js’
Warning in utils::tar(filepath, pkgname, compression = compression, compression_level = 9L,  :
  storing paths of more than 100 bytes is not portable:
  ‘neurosurf/inst/htmlwidgets/neurosurface/node_modules/three/src/renderers/shaders/ShaderChunk/lights_toon_pars_fragment.glsl.js’
Warning in utils::tar(filepath, pkgname, compression = compression, compression_level = 9L,  :
  storing paths of more than 100 bytes is not portable:
  ‘neurosurf/inst/htmlwidgets/neurosurface/node_modules/three/src/renderers/shaders/ShaderChunk/logdepthbuf_fragment.glsl.js’
Warning in utils::tar(filepath, pkgname, compression = compression, compression_level = 9L,  :
  storing paths of more than 100 bytes is not portable:
  ‘neurosurf/inst/htmlwidgets/neurosurface/node_modules/three/src/renderers/shaders/ShaderChunk/logdepthbuf_pars_fragment.glsl.js’
Warning in utils::tar(filepath, pkgname, compression = compression, compression_level = 9L,  :
  storing paths of more than 100 bytes is not portable:
  ‘neurosurf/inst/htmlwidgets/neurosurface/node_modules/three/src/renderers/shaders/ShaderChunk/logdepthbuf_pars_vertex.glsl.js’
Warning in utils::tar(filepath, pkgname, compression = compression, compression_level = 9L,  :
  storing paths of more than 100 bytes is not portable:
  ‘neurosurf/inst/htmlwidgets/neurosurface/node_modules/three/src/renderers/shaders/ShaderChunk/logdepthbuf_vertex.glsl.js’
Warning in utils::tar(filepath, pkgname, compression = compression, compression_level = 9L,  :
  storing paths of more than 100 bytes is not portable:
  ‘neurosurf/inst/htmlwidgets/neurosurface/node_modules/three/src/renderers/shaders/ShaderChunk/map_fragment.glsl.js’
Warning in utils::tar(filepath, pkgname, compression = compression, compression_level = 9L,  :
  storing paths of more than 100 bytes is not portable:
  ‘neurosurf/inst/htmlwidgets/neurosurface/node_modules/three/src/renderers/shaders/ShaderChunk/map_pars_fragment.glsl.js’
Warning in utils::tar(filepath, pkgname, compression = compression, compression_level = 9L,  :
  storing paths of more than 100 bytes is not portable:
  ‘neurosurf/inst/htmlwidgets/neurosurface/node_modules/three/src/renderers/shaders/ShaderChunk/map_particle_fragment.glsl.js’
Warning in utils::tar(filepath, pkgname, compression = compression, compression_level = 9L,  :
  storing paths of more than 100 bytes is not portable:
  ‘neurosurf/inst/htmlwidgets/neurosurface/node_modules/three/src/renderers/shaders/ShaderChunk/map_particle_pars_fragment.glsl.js’
Warning in utils::tar(filepath, pkgname, compression = compression, compression_level = 9L,  :
  storing paths of more than 100 bytes is not portable:
  ‘neurosurf/inst/htmlwidgets/neurosurface/node_modules/three/src/renderers/shaders/ShaderChunk/metalnessmap_fragment.glsl.js’
Warning in utils::tar(filepath, pkgname, compression = compression, compression_level = 9L,  :
  storing paths of more than 100 bytes is not portable:
  ‘neurosurf/inst/htmlwidgets/neurosurface/node_modules/three/src/renderers/shaders/ShaderChunk/metalnessmap_pars_fragment.glsl.js’
Warning in utils::tar(filepath, pkgname, compression = compression, compression_level = 9L,  :
  storing paths of more than 100 bytes is not portable:
  ‘neurosurf/inst/htmlwidgets/neurosurface/node_modules/three/src/renderers/shaders/ShaderChunk/morphnormal_vertex.glsl.js’
Warning in utils::tar(filepath, pkgname, compression = compression, compression_level = 9L,  :
  storing paths of more than 100 bytes is not portable:
  ‘neurosurf/inst/htmlwidgets/neurosurface/node_modules/three/src/renderers/shaders/ShaderChunk/morphtarget_pars_vertex.glsl.js’
Warning in utils::tar(filepath, pkgname, compression = compression, compression_level = 9L,  :
  storing paths of more than 100 bytes is not portable:
  ‘neurosurf/inst/htmlwidgets/neurosurface/node_modules/three/src/renderers/shaders/ShaderChunk/morphtarget_vertex.glsl.js’
Warning in utils::tar(filepath, pkgname, compression = compression, compression_level = 9L,  :
  storing paths of more than 100 bytes is not portable:
  ‘neurosurf/inst/htmlwidgets/neurosurface/node_modules/three/src/renderers/shaders/ShaderChunk/normal_fragment_begin.glsl.js’
Warning in utils::tar(filepath, pkgname, compression = compression, compression_level = 9L,  :
  storing paths of more than 100 bytes is not portable:
  ‘neurosurf/inst/htmlwidgets/neurosurface/node_modules/three/src/renderers/shaders/ShaderChunk/normal_fragment_maps.glsl.js’
Warning in utils::tar(filepath, pkgname, compression = compression, compression_level = 9L,  :
  storing paths of more than 100 bytes is not portable:
  ‘neurosurf/inst/htmlwidgets/neurosurface/node_modules/three/src/renderers/shaders/ShaderChunk/normal_pars_fragment.glsl.js’
Warning in utils::tar(filepath, pkgname, compression = compression, compression_level = 9L,  :
  storing paths of more than 100 bytes is not portable:
  ‘neurosurf/inst/htmlwidgets/neurosurface/node_modules/three/src/renderers/shaders/ShaderChunk/normal_pars_vertex.glsl.js’
Warning in utils::tar(filepath, pkgname, compression = compression, compression_level = 9L,  :
  storing paths of more than 100 bytes is not portable:
  ‘neurosurf/inst/htmlwidgets/neurosurface/node_modules/three/src/renderers/shaders/ShaderChunk/normal_vertex.glsl.js’
Warning in utils::tar(filepath, pkgname, compression = compression, compression_level = 9L,  :
  storing paths of more than 100 bytes is not portable:
  ‘neurosurf/inst/htmlwidgets/neurosurface/node_modules/three/src/renderers/shaders/ShaderChunk/normalmap_pars_fragment.glsl.js’
Warning in utils::tar(filepath, pkgname, compression = compression, compression_level = 9L,  :
  storing paths of more than 100 bytes is not portable:
  ‘neurosurf/inst/htmlwidgets/neurosurface/node_modules/three/src/renderers/shaders/ShaderChunk/output_fragment.glsl.js’
Warning in utils::tar(filepath, pkgname, compression = compression, compression_level = 9L,  :
  storing paths of more than 100 bytes is not portable:
  ‘neurosurf/inst/htmlwidgets/neurosurface/node_modules/three/src/renderers/shaders/ShaderChunk/packing.glsl.js’
Warning in utils::tar(filepath, pkgname, compression = compression, compression_level = 9L,  :
  storing paths of more than 100 bytes is not portable:
  ‘neurosurf/inst/htmlwidgets/neurosurface/node_modules/three/src/renderers/shaders/ShaderChunk/premultiplied_alpha_fragment.glsl.js’
Warning in utils::tar(filepath, pkgname, compression = compression, compression_level = 9L,  :
  storing paths of more than 100 bytes is not portable:
  ‘neurosurf/inst/htmlwidgets/neurosurface/node_modules/three/src/renderers/shaders/ShaderChunk/project_vertex.glsl.js’
Warning in utils::tar(filepath, pkgname, compression = compression, compression_level = 9L,  :
  storing paths of more than 100 bytes is not portable:
  ‘neurosurf/inst/htmlwidgets/neurosurface/node_modules/three/src/renderers/shaders/ShaderChunk/roughnessmap_fragment.glsl.js’
Warning in utils::tar(filepath, pkgname, compression = compression, compression_level = 9L,  :
  storing paths of more than 100 bytes is not portable:
  ‘neurosurf/inst/htmlwidgets/neurosurface/node_modules/three/src/renderers/shaders/ShaderChunk/roughnessmap_pars_fragment.glsl.js’
Warning in utils::tar(filepath, pkgname, compression = compression, compression_level = 9L,  :
  storing paths of more than 100 bytes is not portable:
  ‘neurosurf/inst/htmlwidgets/neurosurface/node_modules/three/src/renderers/shaders/ShaderChunk/shadowmap_pars_fragment.glsl.js’
Warning in utils::tar(filepath, pkgname, compression = compression, compression_level = 9L,  :
  storing paths of more than 100 bytes is not portable:
  ‘neurosurf/inst/htmlwidgets/neurosurface/node_modules/three/src/renderers/shaders/ShaderChunk/shadowmap_pars_vertex.glsl.js’
Warning in utils::tar(filepath, pkgname, compression = compression, compression_level = 9L,  :
  storing paths of more than 100 bytes is not portable:
  ‘neurosurf/inst/htmlwidgets/neurosurface/node_modules/three/src/renderers/shaders/ShaderChunk/shadowmap_vertex.glsl.js’
Warning in utils::tar(filepath, pkgname, compression = compression, compression_level = 9L,  :
  storing paths of more than 100 bytes is not portable:
  ‘neurosurf/inst/htmlwidgets/neurosurface/node_modules/three/src/renderers/shaders/ShaderChunk/shadowmask_pars_fragment.glsl.js’
Warning in utils::tar(filepath, pkgname, compression = compression, compression_level = 9L,  :
  storing paths of more than 100 bytes is not portable:
  ‘neurosurf/inst/htmlwidgets/neurosurface/node_modules/three/src/renderers/shaders/ShaderChunk/skinbase_vertex.glsl.js’
Warning in utils::tar(filepath, pkgname, compression = compression, compression_level = 9L,  :
  storing paths of more than 100 bytes is not portable:
  ‘neurosurf/inst/htmlwidgets/neurosurface/node_modules/three/src/renderers/shaders/ShaderChunk/skinning_pars_vertex.glsl.js’
Warning in utils::tar(filepath, pkgname, compression = compression, compression_level = 9L,  :
  storing paths of more than 100 bytes is not portable:
  ‘neurosurf/inst/htmlwidgets/neurosurface/node_modules/three/src/renderers/shaders/ShaderChunk/skinning_vertex.glsl.js’
Warning in utils::tar(filepath, pkgname, compression = compression, compression_level = 9L,  :
  storing paths of more than 100 bytes is not portable:
  ‘neurosurf/inst/htmlwidgets/neurosurface/node_modules/three/src/renderers/shaders/ShaderChunk/skinnormal_vertex.glsl.js’
Warning in utils::tar(filepath, pkgname, compression = compression, compression_level = 9L,  :
  storing paths of more than 100 bytes is not portable:
  ‘neurosurf/inst/htmlwidgets/neurosurface/node_modules/three/src/renderers/shaders/ShaderChunk/specularmap_fragment.glsl.js’
Warning in utils::tar(filepath, pkgname, compression = compression, compression_level = 9L,  :
  storing paths of more than 100 bytes is not portable:
  ‘neurosurf/inst/htmlwidgets/neurosurface/node_modules/three/src/renderers/shaders/ShaderChunk/specularmap_pars_fragment.glsl.js’
Warning in utils::tar(filepath, pkgname, compression = compression, compression_level = 9L,  :
  storing paths of more than 100 bytes is not portable:
  ‘neurosurf/inst/htmlwidgets/neurosurface/node_modules/three/src/renderers/shaders/ShaderChunk/tonemapping_fragment.glsl.js’
Warning in utils::tar(filepath, pkgname, compression = compression, compression_level = 9L,  :
  storing paths of more than 100 bytes is not portable:
  ‘neurosurf/inst/htmlwidgets/neurosurface/node_modules/three/src/renderers/shaders/ShaderChunk/tonemapping_pars_fragment.glsl.js’
Warning in utils::tar(filepath, pkgname, compression = compression, compression_level = 9L,  :
  storing paths of more than 100 bytes is not portable:
  ‘neurosurf/inst/htmlwidgets/neurosurface/node_modules/three/src/renderers/shaders/ShaderChunk/transmission_fragment.glsl.js’
Warning in utils::tar(filepath, pkgname, compression = compression, compression_level = 9L,  :
  storing paths of more than 100 bytes is not portable:
  ‘neurosurf/inst/htmlwidgets/neurosurface/node_modules/three/src/renderers/shaders/ShaderChunk/transmission_pars_fragment.glsl.js’
Warning in utils::tar(filepath, pkgname, compression = compression, compression_level = 9L,  :
  storing paths of more than 100 bytes is not portable:
  ‘neurosurf/inst/htmlwidgets/neurosurface/node_modules/three/src/renderers/shaders/ShaderChunk/uv2_pars_fragment.glsl.js’
Warning in utils::tar(filepath, pkgname, compression = compression, compression_level = 9L,  :
  storing paths of more than 100 bytes is not portable:
  ‘neurosurf/inst/htmlwidgets/neurosurface/node_modules/three/src/renderers/shaders/ShaderChunk/uv2_pars_vertex.glsl.js’
Warning in utils::tar(filepath, pkgname, compression = compression, compression_level = 9L,  :
  storing paths of more than 100 bytes is not portable:
  ‘neurosurf/inst/htmlwidgets/neurosurface/node_modules/three/src/renderers/shaders/ShaderChunk/uv2_vertex.glsl.js’
Warning in utils::tar(filepath, pkgname, compression = compression, compression_level = 9L,  :
  storing paths of more than 100 bytes is not portable:
  ‘neurosurf/inst/htmlwidgets/neurosurface/node_modules/three/src/renderers/shaders/ShaderChunk/uv_pars_fragment.glsl.js’
Warning in utils::tar(filepath, pkgname, compression = compression, compression_level = 9L,  :
  storing paths of more than 100 bytes is not portable:
  ‘neurosurf/inst/htmlwidgets/neurosurface/node_modules/three/src/renderers/shaders/ShaderChunk/uv_pars_vertex.glsl.js’
Warning in utils::tar(filepath, pkgname, compression = compression, compression_level = 9L,  :
  storing paths of more than 100 bytes is not portable:
  ‘neurosurf/inst/htmlwidgets/neurosurface/node_modules/three/src/renderers/shaders/ShaderChunk/uv_vertex.glsl.js’
Warning in utils::tar(filepath, pkgname, compression = compression, compression_level = 9L,  :
  storing paths of more than 100 bytes is not portable:
  ‘neurosurf/inst/htmlwidgets/neurosurface/node_modules/three/src/renderers/shaders/ShaderChunk/worldpos_vertex.glsl.js’
Warning in utils::tar(filepath, pkgname, compression = compression, compression_level = 9L,  :
  storing paths of more than 100 bytes is not portable:
  ‘neurosurf/inst/htmlwidgets/neurosurface/node_modules/three/src/renderers/shaders/ShaderLib/background_frag.glsl.js’
Warning in utils::tar(filepath, pkgname, compression = compression, compression_level = 9L,  :
  storing paths of more than 100 bytes is not portable:
  ‘neurosurf/inst/htmlwidgets/neurosurface/node_modules/three/src/renderers/shaders/ShaderLib/background_vert.glsl.js’
Warning in utils::tar(filepath, pkgname, compression = compression, compression_level = 9L,  :
  storing paths of more than 100 bytes is not portable:
  ‘neurosurf/inst/htmlwidgets/neurosurface/node_modules/three/src/renderers/shaders/ShaderLib/cube_frag.glsl.js’
Warning in utils::tar(filepath, pkgname, compression = compression, compression_level = 9L,  :
  storing paths of more than 100 bytes is not portable:
  ‘neurosurf/inst/htmlwidgets/neurosurface/node_modules/three/src/renderers/shaders/ShaderLib/cube_vert.glsl.js’
Warning in utils::tar(filepath, pkgname, compression = compression, compression_level = 9L,  :
  storing paths of more than 100 bytes is not portable:
  ‘neurosurf/inst/htmlwidgets/neurosurface/node_modules/three/src/renderers/shaders/ShaderLib/depth_frag.glsl.js’
Warning in utils::tar(filepath, pkgname, compression = compression, compression_level = 9L,  :
  storing paths of more than 100 bytes is not portable:
  ‘neurosurf/inst/htmlwidgets/neurosurface/node_modules/three/src/renderers/shaders/ShaderLib/depth_vert.glsl.js’
Warning in utils::tar(filepath, pkgname, compression = compression, compression_level = 9L,  :
  storing paths of more than 100 bytes is not portable:
  ‘neurosurf/inst/htmlwidgets/neurosurface/node_modules/three/src/renderers/shaders/ShaderLib/distanceRGBA_frag.glsl.js’
Warning in utils::tar(filepath, pkgname, compression = compression, compression_level = 9L,  :
  storing paths of more than 100 bytes is not portable:
  ‘neurosurf/inst/htmlwidgets/neurosurface/node_modules/three/src/renderers/shaders/ShaderLib/distanceRGBA_vert.glsl.js’
Warning in utils::tar(filepath, pkgname, compression = compression, compression_level = 9L,  :
  storing paths of more than 100 bytes is not portable:
  ‘neurosurf/inst/htmlwidgets/neurosurface/node_modules/three/src/renderers/shaders/ShaderLib/equirect_frag.glsl.js’
Warning in utils::tar(filepath, pkgname, compression = compression, compression_level = 9L,  :
  storing paths of more than 100 bytes is not portable:
  ‘neurosurf/inst/htmlwidgets/neurosurface/node_modules/three/src/renderers/shaders/ShaderLib/equirect_vert.glsl.js’
Warning in utils::tar(filepath, pkgname, compression = compression, compression_level = 9L,  :
  storing paths of more than 100 bytes is not portable:
  ‘neurosurf/inst/htmlwidgets/neurosurface/node_modules/three/src/renderers/shaders/ShaderLib/linedashed_frag.glsl.js’
Warning in utils::tar(filepath, pkgname, compression = compression, compression_level = 9L,  :
  storing paths of more than 100 bytes is not portable:
  ‘neurosurf/inst/htmlwidgets/neurosurface/node_modules/three/src/renderers/shaders/ShaderLib/linedashed_vert.glsl.js’
Warning in utils::tar(filepath, pkgname, compression = compression, compression_level = 9L,  :
  storing paths of more than 100 bytes is not portable:
  ‘neurosurf/inst/htmlwidgets/neurosurface/node_modules/three/src/renderers/shaders/ShaderLib/meshbasic_frag.glsl.js’
Warning in utils::tar(filepath, pkgname, compression = compression, compression_level = 9L,  :
  storing paths of more than 100 bytes is not portable:
  ‘neurosurf/inst/htmlwidgets/neurosurface/node_modules/three/src/renderers/shaders/ShaderLib/meshbasic_vert.glsl.js’
Warning in utils::tar(filepath, pkgname, compression = compression, compression_level = 9L,  :
  storing paths of more than 100 bytes is not portable:
  ‘neurosurf/inst/htmlwidgets/neurosurface/node_modules/three/src/renderers/shaders/ShaderLib/meshlambert_frag.glsl.js’
Warning in utils::tar(filepath, pkgname, compression = compression, compression_level = 9L,  :
  storing paths of more than 100 bytes is not portable:
  ‘neurosurf/inst/htmlwidgets/neurosurface/node_modules/three/src/renderers/shaders/ShaderLib/meshlambert_vert.glsl.js’
Warning in utils::tar(filepath, pkgname, compression = compression, compression_level = 9L,  :
  storing paths of more than 100 bytes is not portable:
  ‘neurosurf/inst/htmlwidgets/neurosurface/node_modules/three/src/renderers/shaders/ShaderLib/meshmatcap_frag.glsl.js’
Warning in utils::tar(filepath, pkgname, compression = compression, compression_level = 9L,  :
  storing paths of more than 100 bytes is not portable:
  ‘neurosurf/inst/htmlwidgets/neurosurface/node_modules/three/src/renderers/shaders/ShaderLib/meshmatcap_vert.glsl.js’
Warning in utils::tar(filepath, pkgname, compression = compression, compression_level = 9L,  :
  storing paths of more than 100 bytes is not portable:
  ‘neurosurf/inst/htmlwidgets/neurosurface/node_modules/three/src/renderers/shaders/ShaderLib/meshnormal_frag.glsl.js’
Warning in utils::tar(filepath, pkgname, compression = compression, compression_level = 9L,  :
  storing paths of more than 100 bytes is not portable:
  ‘neurosurf/inst/htmlwidgets/neurosurface/node_modules/three/src/renderers/shaders/ShaderLib/meshnormal_vert.glsl.js’
Warning in utils::tar(filepath, pkgname, compression = compression, compression_level = 9L,  :
  storing paths of more than 100 bytes is not portable:
  ‘neurosurf/inst/htmlwidgets/neurosurface/node_modules/three/src/renderers/shaders/ShaderLib/meshphong_frag.glsl.js’
Warning in utils::tar(filepath, pkgname, compression = compression, compression_level = 9L,  :
  storing paths of more than 100 bytes is not portable:
  ‘neurosurf/inst/htmlwidgets/neurosurface/node_modules/three/src/renderers/shaders/ShaderLib/meshphong_vert.glsl.js’
Warning in utils::tar(filepath, pkgname, compression = compression, compression_level = 9L,  :
  storing paths of more than 100 bytes is not portable:
  ‘neurosurf/inst/htmlwidgets/neurosurface/node_modules/three/src/renderers/shaders/ShaderLib/meshphysical_frag.glsl.js’
Warning in utils::tar(filepath, pkgname, compression = compression, compression_level = 9L,  :
  storing paths of more than 100 bytes is not portable:
  ‘neurosurf/inst/htmlwidgets/neurosurface/node_modules/three/src/renderers/shaders/ShaderLib/meshphysical_vert.glsl.js’
Warning in utils::tar(filepath, pkgname, compression = compression, compression_level = 9L,  :
  storing paths of more than 100 bytes is not portable:
  ‘neurosurf/inst/htmlwidgets/neurosurface/node_modules/three/src/renderers/shaders/ShaderLib/meshtoon_frag.glsl.js’
Warning in utils::tar(filepath, pkgname, compression = compression, compression_level = 9L,  :
  storing paths of more than 100 bytes is not portable:
  ‘neurosurf/inst/htmlwidgets/neurosurface/node_modules/three/src/renderers/shaders/ShaderLib/meshtoon_vert.glsl.js’
Warning in utils::tar(filepath, pkgname, compression = compression, compression_level = 9L,  :
  storing paths of more than 100 bytes is not portable:
  ‘neurosurf/inst/htmlwidgets/neurosurface/node_modules/three/src/renderers/shaders/ShaderLib/points_frag.glsl.js’
Warning in utils::tar(filepath, pkgname, compression = compression, compression_level = 9L,  :
  storing paths of more than 100 bytes is not portable:
  ‘neurosurf/inst/htmlwidgets/neurosurface/node_modules/three/src/renderers/shaders/ShaderLib/points_vert.glsl.js’
Warning in utils::tar(filepath, pkgname, compression = compression, compression_level = 9L,  :
  storing paths of more than 100 bytes is not portable:
  ‘neurosurf/inst/htmlwidgets/neurosurface/node_modules/three/src/renderers/shaders/ShaderLib/shadow_frag.glsl.js’
Warning in utils::tar(filepath, pkgname, compression = compression, compression_level = 9L,  :
  storing paths of more than 100 bytes is not portable:
  ‘neurosurf/inst/htmlwidgets/neurosurface/node_modules/three/src/renderers/shaders/ShaderLib/shadow_vert.glsl.js’
Warning in utils::tar(filepath, pkgname, compression = compression, compression_level = 9L,  :
  storing paths of more than 100 bytes is not portable:
  ‘neurosurf/inst/htmlwidgets/neurosurface/node_modules/three/src/renderers/shaders/ShaderLib/sprite_frag.glsl.js’
Warning in utils::tar(filepath, pkgname, compression = compression, compression_level = 9L,  :
  storing paths of more than 100 bytes is not portable:
  ‘neurosurf/inst/htmlwidgets/neurosurface/node_modules/three/src/renderers/shaders/ShaderLib/sprite_vert.glsl.js’
Warning in utils::tar(filepath, pkgname, compression = compression, compression_level = 9L,  :
  storing paths of more than 100 bytes is not portable:
  ‘neurosurf/inst/htmlwidgets/neurosurface/node_modules/three/src/renderers/shaders/ShaderLib/vsm_frag.glsl.js’
Warning in utils::tar(filepath, pkgname, compression = compression, compression_level = 9L,  :
  storing paths of more than 100 bytes is not portable:
  ‘neurosurf/inst/htmlwidgets/neurosurface/node_modules/three/src/renderers/shaders/ShaderLib/vsm_vert.glsl.js’
Warning in utils::tar(filepath, pkgname, compression = compression, compression_level = 9L,  :
  storing paths of more than 100 bytes is not portable:
  ‘neurosurf/inst/htmlwidgets/neurosurface/node_modules/three/src/renderers/webgl/WebGLBufferRenderer.js’
Warning in utils::tar(filepath, pkgname, compression = compression, compression_level = 9L,  :
  storing paths of more than 100 bytes is not portable:
  ‘neurosurf/inst/htmlwidgets/neurosurface/node_modules/three/src/renderers/webgl/WebGLIndexedBufferRenderer.js’
Warning in utils::tar(filepath, pkgname, compression = compression, compression_level = 9L,  :
  storing paths of more than 100 bytes is not portable:
  ‘neurosurf/inst/htmlwidgets/neurosurface/node_modules/to-object-path/node_modules/kind-of/package.json’
Warning in utils::tar(filepath, pkgname, compression = compression, compression_level = 9L,  :
  storing paths of more than 100 bytes is not portable:
  ‘neurosurf/inst/htmlwidgets/neurosurface/node_modules/tweakpane/dist/types/blade/list/api/list-test.d.ts’
Warning in utils::tar(filepath, pkgname, compression = compression, compression_level = 9L,  :
  storing paths of more than 100 bytes is not portable:
  ‘neurosurf/inst/htmlwidgets/neurosurface/node_modules/tweakpane/dist/types/blade/list/plugin-test.d.ts’
Warning in utils::tar(filepath, pkgname, compression = compression, compression_level = 9L,  :
  storing paths of more than 100 bytes is not portable:
  ‘neurosurf/inst/htmlwidgets/neurosurface/node_modules/tweakpane/dist/types/blade/root/api/root-test.d.ts’
Warning in utils::tar(filepath, pkgname, compression = compression, compression_level = 9L,  :
  storing paths of more than 100 bytes is not portable:
  ‘neurosurf/inst/htmlwidgets/neurosurface/node_modules/tweakpane/dist/types/blade/root/controller/root.d.ts’
Warning in utils::tar(filepath, pkgname, compression = compression, compression_level = 9L,  :
  storing paths of more than 100 bytes is not portable:
  ‘neurosurf/inst/htmlwidgets/neurosurface/node_modules/tweakpane/dist/types/blade/separator/api/separator-test.d.ts’
Warning in utils::tar(filepath, pkgname, compression = compression, compression_level = 9L,  :
  storing paths of more than 100 bytes is not portable:
  ‘neurosurf/inst/htmlwidgets/neurosurface/node_modules/tweakpane/dist/types/blade/separator/api/separator.d.ts’
Warning in utils::tar(filepath, pkgname, compression = compression, compression_level = 9L,  :
  storing paths of more than 100 bytes is not portable:
  ‘neurosurf/inst/htmlwidgets/neurosurface/node_modules/tweakpane/dist/types/blade/separator/controller/’
Warning in utils::tar(filepath, pkgname, compression = compression, compression_level = 9L,  :
  storing paths of more than 100 bytes is not portable:
  ‘neurosurf/inst/htmlwidgets/neurosurface/node_modules/tweakpane/dist/types/blade/separator/controller/separator.d.ts’
Warning in utils::tar(filepath, pkgname, compression = compression, compression_level = 9L,  :
  storing paths of more than 100 bytes is not portable:
  ‘neurosurf/inst/htmlwidgets/neurosurface/node_modules/tweakpane/dist/types/blade/separator/plugin-test.d.ts’
Warning in utils::tar(filepath, pkgname, compression = compression, compression_level = 9L,  :
  storing paths of more than 100 bytes is not portable:
  ‘neurosurf/inst/htmlwidgets/neurosurface/node_modules/tweakpane/dist/types/blade/separator/plugin.d.ts’
Warning in utils::tar(filepath, pkgname, compression = compression, compression_level = 9L,  :
  storing paths of more than 100 bytes is not portable:
  ‘neurosurf/inst/htmlwidgets/neurosurface/node_modules/tweakpane/dist/types/blade/separator/view/separator.d.ts’
Warning in utils::tar(filepath, pkgname, compression = compression, compression_level = 9L,  :
  storing paths of more than 100 bytes is not portable:
  ‘neurosurf/inst/htmlwidgets/neurosurface/node_modules/tweakpane/dist/types/blade/slider/api/slider-test.d.ts’
Warning in utils::tar(filepath, pkgname, compression = compression, compression_level = 9L,  :
  storing paths of more than 100 bytes is not portable:
  ‘neurosurf/inst/htmlwidgets/neurosurface/node_modules/tweakpane/dist/types/blade/slider/api/slider.d.ts’
Warning in utils::tar(filepath, pkgname, compression = compression, compression_level = 9L,  :
  storing paths of more than 100 bytes is not portable:
  ‘neurosurf/inst/htmlwidgets/neurosurface/node_modules/tweakpane/dist/types/blade/slider/plugin-test.d.ts’
Warning in utils::tar(filepath, pkgname, compression = compression, compression_level = 9L,  :
  storing paths of more than 100 bytes is not portable:
  ‘neurosurf/inst/htmlwidgets/neurosurface/node_modules/tweakpane/dist/types/blade/text/api/text-test.d.ts’
Warning in utils::tar(filepath, pkgname, compression = compression, compression_level = 9L,  :
  storing paths of more than 100 bytes is not portable:
  ‘neurosurf/inst/htmlwidgets/neurosurface/node_modules/tweakpane/dist/types/blade/text/plugin-test.d.ts’
Warning in utils::tar(filepath, pkgname, compression = compression, compression_level = 9L,  :
  storing paths of more than 100 bytes is not portable:
  ‘neurosurf/inst/htmlwidgets/neurosurface/node_modules/union-value/node_modules/is-extendable/README.md’
Warning in utils::tar(filepath, pkgname, compression = compression, compression_level = 9L,  :
  storing paths of more than 100 bytes is not portable:
  ‘neurosurf/inst/htmlwidgets/neurosurface/node_modules/union-value/node_modules/is-extendable/package.json’
Warning in utils::tar(filepath, pkgname, compression = compression, compression_level = 9L,  :
  storing paths of more than 100 bytes is not portable:
  ‘neurosurf/inst/htmlwidgets/neurosurface/node_modules/unset-value/node_modules/has-value/node_modules/’
Warning in utils::tar(filepath, pkgname, compression = compression, compression_level = 9L,  :
  storing paths of more than 100 bytes is not portable:
  ‘neurosurf/inst/htmlwidgets/neurosurface/node_modules/unset-value/node_modules/has-value/node_modules/isobject/’
Warning in utils::tar(filepath, pkgname, compression = compression, compression_level = 9L,  :
  storing paths of more than 100 bytes is not portable:
  ‘neurosurf/inst/htmlwidgets/neurosurface/node_modules/unset-value/node_modules/has-value/node_modules/isobject/LICENSE’
Warning in utils::tar(filepath, pkgname, compression = compression, compression_level = 9L,  :
  storing paths of more than 100 bytes is not portable:
  ‘neurosurf/inst/htmlwidgets/neurosurface/node_modules/unset-value/node_modules/has-value/node_modules/isobject/README.md’
Warning in utils::tar(filepath, pkgname, compression = compression, compression_level = 9L,  :
  storing paths of more than 100 bytes is not portable:
  ‘neurosurf/inst/htmlwidgets/neurosurface/node_modules/unset-value/node_modules/has-value/node_modules/isobject/index.js’
Warning in utils::tar(filepath, pkgname, compression = compression, compression_level = 9L,  :
  storing paths of more than 100 bytes is not portable:
  ‘neurosurf/inst/htmlwidgets/neurosurface/node_modules/unset-value/node_modules/has-value/node_modules/isobject/package.json’
Warning in utils::tar(filepath, pkgname, compression = compression, compression_level = 9L,  :
  storing paths of more than 100 bytes is not portable:
  ‘neurosurf/inst/htmlwidgets/neurosurface/node_modules/unset-value/node_modules/has-values/package.json’
Warning in utils::tar(filepath, pkgname, compression = compression, compression_level = 9L,  :
  storing paths of more than 100 bytes is not portable:
  ‘neurosurf/inst/htmlwidgets/neurosurface/node_modules/vinyl-fs/lib/dest/write-contents/write-buffer.js’
Warning in utils::tar(filepath, pkgname, compression = compression, compression_level = 9L,  :
  storing paths of more than 100 bytes is not portable:
  ‘neurosurf/inst/htmlwidgets/neurosurface/node_modules/vinyl-fs/lib/dest/write-contents/write-stream.js’
Warning in utils::tar(filepath, pkgname, compression = compression, compression_level = 9L,  :
  storing paths of more than 100 bytes is not portable:
  ‘neurosurf/inst/htmlwidgets/neurosurface/node_modules/vinyl-fs/lib/dest/write-contents/write-symbolic-link.js’
Warning in utils::tar(filepath, pkgname, compression = compression, compression_level = 9L,  :
  storing paths of more than 100 bytes is not portable:
  ‘neurosurf/inst/htmlwidgets/neurosurface/node_modules/vinyl-fs/lib/src/read-contents/read-symbolic-link.js’
Warning in utils::tar(filepath, pkgname, compression = compression, compression_level = 9L,  :
  storing paths of more than 100 bytes is not portable:
  ‘neurosurf/inst/htmlwidgets/neurosurface/node_modules/vinyl-sourcemap/node_modules/convert-source-map/’
Warning in utils::tar(filepath, pkgname, compression = compression, compression_level = 9L,  :
  storing paths of more than 100 bytes is not portable:
  ‘neurosurf/inst/htmlwidgets/neurosurface/node_modules/vinyl-sourcemap/node_modules/convert-source-map/LICENSE’
Warning in utils::tar(filepath, pkgname, compression = compression, compression_level = 9L,  :
  storing paths of more than 100 bytes is not portable:
  ‘neurosurf/inst/htmlwidgets/neurosurface/node_modules/vinyl-sourcemap/node_modules/convert-source-map/README.md’
Warning in utils::tar(filepath, pkgname, compression = compression, compression_level = 9L,  :
  storing paths of more than 100 bytes is not portable:
  ‘neurosurf/inst/htmlwidgets/neurosurface/node_modules/vinyl-sourcemap/node_modules/convert-source-map/index.js’
Warning in utils::tar(filepath, pkgname, compression = compression, compression_level = 9L,  :
  storing paths of more than 100 bytes is not portable:
  ‘neurosurf/inst/htmlwidgets/neurosurface/node_modules/vinyl-sourcemap/node_modules/convert-source-map/package.json’
Warning in utils::tar(filepath, pkgname, compression = compression, compression_level = 9L,  :
  storing paths of more than 100 bytes is not portable:
  ‘neurosurf/inst/htmlwidgets/neurosurface/node_modules/vinyl-sourcemap/node_modules/normalize-path/LICENSE’
Warning in utils::tar(filepath, pkgname, compression = compression, compression_level = 9L,  :
  storing paths of more than 100 bytes is not portable:
  ‘neurosurf/inst/htmlwidgets/neurosurface/node_modules/vinyl-sourcemap/node_modules/normalize-path/README.md’
Warning in utils::tar(filepath, pkgname, compression = compression, compression_level = 9L,  :
  storing paths of more than 100 bytes is not portable:
  ‘neurosurf/inst/htmlwidgets/neurosurface/node_modules/vinyl-sourcemap/node_modules/normalize-path/index.js’
Warning in utils::tar(filepath, pkgname, compression = compression, compression_level = 9L,  :
  storing paths of more than 100 bytes is not portable:
  ‘neurosurf/inst/htmlwidgets/neurosurface/node_modules/vinyl-sourcemap/node_modules/normalize-path/package.json’
Warning in utils::tar(filepath, pkgname, compression = compression, compression_level = 9L,  :
  storing paths of more than 100 bytes is not portable:
  ‘neurosurf/inst/htmlwidgets/neurosurface/node_modules/webpack-cli/lib/utils/dynamic-import-loader.d.ts’
Warning in utils::tar(filepath, pkgname, compression = compression, compression_level = 9L,  :
  storing paths of more than 100 bytes is not portable:
  ‘neurosurf/inst/htmlwidgets/neurosurface/node_modules/webpack-cli/node_modules/commander/lib/argument.js’
Warning in utils::tar(filepath, pkgname, compression = compression, compression_level = 9L,  :
  storing paths of more than 100 bytes is not portable:
  ‘neurosurf/inst/htmlwidgets/neurosurface/node_modules/webpack-cli/node_modules/commander/lib/command.js’
Warning in utils::tar(filepath, pkgname, compression = compression, compression_level = 9L,  :
  storing paths of more than 100 bytes is not portable:
  ‘neurosurf/inst/htmlwidgets/neurosurface/node_modules/webpack-cli/node_modules/commander/lib/option.js’
Warning in utils::tar(filepath, pkgname, compression = compression, compression_level = 9L,  :
  storing paths of more than 100 bytes is not portable:
  ‘neurosurf/inst/htmlwidgets/neurosurface/node_modules/webpack-cli/node_modules/commander/lib/suggestSimilar.js’
Warning in utils::tar(filepath, pkgname, compression = compression, compression_level = 9L,  :
  storing paths of more than 100 bytes is not portable:
  ‘neurosurf/inst/htmlwidgets/neurosurface/node_modules/webpack-cli/node_modules/commander/package-support.json’
Warning in utils::tar(filepath, pkgname, compression = compression, compression_level = 9L,  :
  storing paths of more than 100 bytes is not portable:
  ‘neurosurf/inst/htmlwidgets/neurosurface/node_modules/webpack-cli/node_modules/commander/typings/esm.d.mts’
Warning in utils::tar(filepath, pkgname, compression = compression, compression_level = 9L,  :
  storing paths of more than 100 bytes is not portable:
  ‘neurosurf/inst/htmlwidgets/neurosurface/node_modules/webpack-cli/node_modules/commander/typings/index.d.ts’
Warning in utils::tar(filepath, pkgname, compression = compression, compression_level = 9L,  :
  storing paths of more than 100 bytes is not portable:
  ‘neurosurf/inst/htmlwidgets/neurosurface/node_modules/webpack-sources/lib/helpers/createMappingsSerializer.js’
Warning in utils::tar(filepath, pkgname, compression = compression, compression_level = 9L,  :
  storing paths of more than 100 bytes is not portable:
  ‘neurosurf/inst/htmlwidgets/neurosurface/node_modules/webpack-sources/lib/helpers/getFromStreamChunks.js’
Warning in utils::tar(filepath, pkgname, compression = compression, compression_level = 9L,  :
  storing paths of more than 100 bytes is not portable:
  ‘neurosurf/inst/htmlwidgets/neurosurface/node_modules/webpack-sources/lib/helpers/getGeneratedSourceInfo.js’
Warning in utils::tar(filepath, pkgname, compression = compression, compression_level = 9L,  :
  storing paths of more than 100 bytes is not portable:
  ‘neurosurf/inst/htmlwidgets/neurosurface/node_modules/webpack-sources/lib/helpers/splitIntoPotentialTokens.js’
Warning in utils::tar(filepath, pkgname, compression = compression, compression_level = 9L,  :
  storing paths of more than 100 bytes is not portable:
  ‘neurosurf/inst/htmlwidgets/neurosurface/node_modules/webpack-sources/lib/helpers/streamAndGetSourceAndMap.js’
Warning in utils::tar(filepath, pkgname, compression = compression, compression_level = 9L,  :
  storing paths of more than 100 bytes is not portable:
  ‘neurosurf/inst/htmlwidgets/neurosurface/node_modules/webpack-sources/lib/helpers/streamChunksOfCombinedSourceMap.js’
Warning in utils::tar(filepath, pkgname, compression = compression, compression_level = 9L,  :
  storing paths of more than 100 bytes is not portable:
  ‘neurosurf/inst/htmlwidgets/neurosurface/node_modules/webpack-sources/lib/helpers/streamChunksOfRawSource.js’
Warning in utils::tar(filepath, pkgname, compression = compression, compression_level = 9L,  :
  storing paths of more than 100 bytes is not portable:
  ‘neurosurf/inst/htmlwidgets/neurosurface/node_modules/webpack-sources/lib/helpers/streamChunksOfSourceMap.js’
Warning in utils::tar(filepath, pkgname, compression = compression, compression_level = 9L,  :
  storing paths of more than 100 bytes is not portable:
  ‘neurosurf/inst/htmlwidgets/neurosurface/node_modules/webpack-sources/lib/helpers/stringBufferUtils.js’
Warning in utils::tar(filepath, pkgname, compression = compression, compression_level = 9L,  :
  storing paths of more than 100 bytes is not portable:
  ‘neurosurf/inst/htmlwidgets/neurosurface/node_modules/webpack/lib/AsyncDependencyToInitialChunkError.js’
Warning in utils::tar(filepath, pkgname, compression = compression, compression_level = 9L,  :
  storing paths of more than 100 bytes is not portable:
  ‘neurosurf/inst/htmlwidgets/neurosurface/node_modules/webpack/lib/EnvironmentNotSupportAsyncWarning.js’
Warning in utils::tar(filepath, pkgname, compression = compression, compression_level = 9L,  :
  storing paths of more than 100 bytes is not portable:
  ‘neurosurf/inst/htmlwidgets/neurosurface/node_modules/webpack/lib/SourceMapDevToolModuleOptionsPlugin.js’
Warning in utils::tar(filepath, pkgname, compression = compression, compression_level = 9L,  :
  storing paths of more than 100 bytes is not portable:
  ‘neurosurf/inst/htmlwidgets/neurosurface/node_modules/webpack/lib/async-modules/AwaitDependenciesInitFragment.js’
Warning in utils::tar(filepath, pkgname, compression = compression, compression_level = 9L,  :
  storing paths of more than 100 bytes is not portable:
  ‘neurosurf/inst/htmlwidgets/neurosurface/node_modules/webpack/lib/async-modules/InferAsyncModulesPlugin.js’
Warning in utils::tar(filepath, pkgname, compression = compression, compression_level = 9L,  :
  storing paths of more than 100 bytes is not portable:
  ‘neurosurf/inst/htmlwidgets/neurosurface/node_modules/webpack/lib/container/ContainerEntryDependency.js’
Warning in utils::tar(filepath, pkgname, compression = compression, compression_level = 9L,  :
  storing paths of more than 100 bytes is not portable:
  ‘neurosurf/inst/htmlwidgets/neurosurface/node_modules/webpack/lib/container/ContainerEntryModuleFactory.js’
Warning in utils::tar(filepath, pkgname, compression = compression, compression_level = 9L,  :
  storing paths of more than 100 bytes is not portable:
  ‘neurosurf/inst/htmlwidgets/neurosurface/node_modules/webpack/lib/container/ContainerExposedDependency.js’
Warning in utils::tar(filepath, pkgname, compression = compression, compression_level = 9L,  :
  storing paths of more than 100 bytes is not portable:
  ‘neurosurf/inst/htmlwidgets/neurosurface/node_modules/webpack/lib/container/ContainerReferencePlugin.js’
Warning in utils::tar(filepath, pkgname, compression = compression, compression_level = 9L,  :
  storing paths of more than 100 bytes is not portable:
  ‘neurosurf/inst/htmlwidgets/neurosurface/node_modules/webpack/lib/container/HoistContainerReferencesPlugin.js’
Warning in utils::tar(filepath, pkgname, compression = compression, compression_level = 9L,  :
  storing paths of more than 100 bytes is not portable:
  ‘neurosurf/inst/htmlwidgets/neurosurface/node_modules/webpack/lib/container/RemoteToExternalDependency.js’
Warning in utils::tar(filepath, pkgname, compression = compression, compression_level = 9L,  :
  storing paths of more than 100 bytes is not portable:
  ‘neurosurf/inst/htmlwidgets/neurosurface/node_modules/webpack/lib/dependencies/AMDDefineDependencyParserPlugin.js’
Warning in utils::tar(filepath, pkgname, compression = compression, compression_level = 9L,  :
  storing paths of more than 100 bytes is not portable:
  ‘neurosurf/inst/htmlwidgets/neurosurface/node_modules/webpack/lib/dependencies/AMDRequireArrayDependency.js’
Warning in utils::tar(filepath, pkgname, compression = compression, compression_level = 9L,  :
  storing paths of more than 100 bytes is not portable:
  ‘neurosurf/inst/htmlwidgets/neurosurface/node_modules/webpack/lib/dependencies/AMDRequireContextDependency.js’
Warning in utils::tar(filepath, pkgname, compression = compression, compression_level = 9L,  :
  storing paths of more than 100 bytes is not portable:
  ‘neurosurf/inst/htmlwidgets/neurosurface/node_modules/webpack/lib/dependencies/AMDRequireDependenciesBlock.js’
Warning in utils::tar(filepath, pkgname, compression = compression, compression_level = 9L,  :
  storing paths of more than 100 bytes is not portable:
  ‘neurosurf/inst/htmlwidgets/neurosurface/node_modules/webpack/lib/dependencies/AMDRequireDependenciesBlockParserPlugin.js’
Warning in utils::tar(filepath, pkgname, compression = compression, compression_level = 9L,  :
  storing paths of more than 100 bytes is not portable:
  ‘neurosurf/inst/htmlwidgets/neurosurface/node_modules/webpack/lib/dependencies/AMDRequireDependency.js’
Warning in utils::tar(filepath, pkgname, compression = compression, compression_level = 9L,  :
  storing paths of more than 100 bytes is not portable:
  ‘neurosurf/inst/htmlwidgets/neurosurface/node_modules/webpack/lib/dependencies/AMDRequireItemDependency.js’
Warning in utils::tar(filepath, pkgname, compression = compression, compression_level = 9L,  :
  storing paths of more than 100 bytes is not portable:
  ‘neurosurf/inst/htmlwidgets/neurosurface/node_modules/webpack/lib/dependencies/CachedConstDependency.js’
Warning in utils::tar(filepath, pkgname, compression = compression, compression_level = 9L,  :
  storing paths of more than 100 bytes is not portable:
  ‘neurosurf/inst/htmlwidgets/neurosurface/node_modules/webpack/lib/dependencies/CommonJsDependencyHelpers.js’
Warning in utils::tar(filepath, pkgname, compression = compression, compression_level = 9L,  :
  storing paths of more than 100 bytes is not portable:
  ‘neurosurf/inst/htmlwidgets/neurosurface/node_modules/webpack/lib/dependencies/CommonJsExportRequireDependency.js’
Warning in utils::tar(filepath, pkgname, compression = compression, compression_level = 9L,  :
  storing paths of more than 100 bytes is not portable:
  ‘neurosurf/inst/htmlwidgets/neurosurface/node_modules/webpack/lib/dependencies/CommonJsExportsDependency.js’
Warning in utils::tar(filepath, pkgname, compression = compression, compression_level = 9L,  :
  storing paths of more than 100 bytes is not portable:
  ‘neurosurf/inst/htmlwidgets/neurosurface/node_modules/webpack/lib/dependencies/CommonJsExportsParserPlugin.js’
Warning in utils::tar(filepath, pkgname, compression = compression, compression_level = 9L,  :
  storing paths of more than 100 bytes is not portable:
  ‘neurosurf/inst/htmlwidgets/neurosurface/node_modules/webpack/lib/dependencies/CommonJsFullRequireDependency.js’
Warning in utils::tar(filepath, pkgname, compression = compression, compression_level = 9L,  :
  storing paths of more than 100 bytes is not portable:
  ‘neurosurf/inst/htmlwidgets/neurosurface/node_modules/webpack/lib/dependencies/CommonJsImportsParserPlugin.js’
Warning in utils::tar(filepath, pkgname, compression = compression, compression_level = 9L,  :
  storing paths of more than 100 bytes is not portable:
  ‘neurosurf/inst/htmlwidgets/neurosurface/node_modules/webpack/lib/dependencies/CommonJsRequireContextDependency.js’
Warning in utils::tar(filepath, pkgname, compression = compression, compression_level = 9L,  :
  storing paths of more than 100 bytes is not portable:
  ‘neurosurf/inst/htmlwidgets/neurosurface/node_modules/webpack/lib/dependencies/CommonJsRequireDependency.js’
Warning in utils::tar(filepath, pkgname, compression = compression, compression_level = 9L,  :
  storing paths of more than 100 bytes is not portable:
  ‘neurosurf/inst/htmlwidgets/neurosurface/node_modules/webpack/lib/dependencies/CommonJsSelfReferenceDependency.js’
Warning in utils::tar(filepath, pkgname, compression = compression, compression_level = 9L,  :
  storing paths of more than 100 bytes is not portable:
  ‘neurosurf/inst/htmlwidgets/neurosurface/node_modules/webpack/lib/dependencies/ContextDependencyHelpers.js’
Warning in utils::tar(filepath, pkgname, compression = compression, compression_level = 9L,  :
  storing paths of more than 100 bytes is not portable:
  ‘neurosurf/inst/htmlwidgets/neurosurface/node_modules/webpack/lib/dependencies/ContextDependencyTemplateAsId.js’
Warning in utils::tar(filepath, pkgname, compression = compression, compression_level = 9L,  :
  storing paths of more than 100 bytes is not portable:
  ‘neurosurf/inst/htmlwidgets/neurosurface/node_modules/webpack/lib/dependencies/ContextDependencyTemplateAsRequireCall.js’
Warning in utils::tar(filepath, pkgname, compression = compression, compression_level = 9L,  :
  storing paths of more than 100 bytes is not portable:
  ‘neurosurf/inst/htmlwidgets/neurosurface/node_modules/webpack/lib/dependencies/ContextElementDependency.js’
Warning in utils::tar(filepath, pkgname, compression = compression, compression_level = 9L,  :
  storing paths of more than 100 bytes is not portable:
  ‘neurosurf/inst/htmlwidgets/neurosurface/node_modules/webpack/lib/dependencies/CreateScriptUrlDependency.js’
Warning in utils::tar(filepath, pkgname, compression = compression, compression_level = 9L,  :
  storing paths of more than 100 bytes is not portable:
  ‘neurosurf/inst/htmlwidgets/neurosurface/node_modules/webpack/lib/dependencies/CriticalDependencyWarning.js’
Warning in utils::tar(filepath, pkgname, compression = compression, compression_level = 9L,  :
  storing paths of more than 100 bytes is not portable:
  ‘neurosurf/inst/htmlwidgets/neurosurface/node_modules/webpack/lib/dependencies/CssIcssExportDependency.js’
Warning in utils::tar(filepath, pkgname, compression = compression, compression_level = 9L,  :
  storing paths of more than 100 bytes is not portable:
  ‘neurosurf/inst/htmlwidgets/neurosurface/node_modules/webpack/lib/dependencies/CssIcssImportDependency.js’
Warning in utils::tar(filepath, pkgname, compression = compression, compression_level = 9L,  :
  storing paths of more than 100 bytes is not portable:
  ‘neurosurf/inst/htmlwidgets/neurosurface/node_modules/webpack/lib/dependencies/CssIcssSymbolDependency.js’
Warning in utils::tar(filepath, pkgname, compression = compression, compression_level = 9L,  :
  storing paths of more than 100 bytes is not portable:
  ‘neurosurf/inst/htmlwidgets/neurosurface/node_modules/webpack/lib/dependencies/CssLocalIdentifierDependency.js’
Warning in utils::tar(filepath, pkgname, compression = compression, compression_level = 9L,  :
  storing paths of more than 100 bytes is not portable:
  ‘neurosurf/inst/htmlwidgets/neurosurface/node_modules/webpack/lib/dependencies/CssSelfLocalIdentifierDependency.js’
Warning in utils::tar(filepath, pkgname, compression = compression, compression_level = 9L,  :
  storing paths of more than 100 bytes is not portable:
  ‘neurosurf/inst/htmlwidgets/neurosurface/node_modules/webpack/lib/dependencies/DelegatedSourceDependency.js’
Warning in utils::tar(filepath, pkgname, compression = compression, compression_level = 9L,  :
  storing paths of more than 100 bytes is not portable:
  ‘neurosurf/inst/htmlwidgets/neurosurface/node_modules/webpack/lib/dependencies/ExportsInfoDependency.js’
Warning in utils::tar(filepath, pkgname, compression = compression, compression_level = 9L,  :
  storing paths of more than 100 bytes is not portable:
  ‘neurosurf/inst/htmlwidgets/neurosurface/node_modules/webpack/lib/dependencies/ExternalModuleDependency.js’
Warning in utils::tar(filepath, pkgname, compression = compression, compression_level = 9L,  :
  storing paths of more than 100 bytes is not portable:
  ‘neurosurf/inst/htmlwidgets/neurosurface/node_modules/webpack/lib/dependencies/ExternalModuleInitFragment.js’
Warning in utils::tar(filepath, pkgname, compression = compression, compression_level = 9L,  :
  storing paths of more than 100 bytes is not portable:
  ‘neurosurf/inst/htmlwidgets/neurosurface/node_modules/webpack/lib/dependencies/HarmonyAcceptDependency.js’
Warning in utils::tar(filepath, pkgname, compression = compression, compression_level = 9L,  :
  storing paths of more than 100 bytes is not portable:
  ‘neurosurf/inst/htmlwidgets/neurosurface/node_modules/webpack/lib/dependencies/HarmonyAcceptImportDependency.js’
Warning in utils::tar(filepath, pkgname, compression = compression, compression_level = 9L,  :
  storing paths of more than 100 bytes is not portable:
  ‘neurosurf/inst/htmlwidgets/neurosurface/node_modules/webpack/lib/dependencies/HarmonyCompatibilityDependency.js’
Warning in utils::tar(filepath, pkgname, compression = compression, compression_level = 9L,  :
  storing paths of more than 100 bytes is not portable:
  ‘neurosurf/inst/htmlwidgets/neurosurface/node_modules/webpack/lib/dependencies/HarmonyDetectionParserPlugin.js’
Warning in utils::tar(filepath, pkgname, compression = compression, compression_level = 9L,  :
  storing paths of more than 100 bytes is not portable:
  ‘neurosurf/inst/htmlwidgets/neurosurface/node_modules/webpack/lib/dependencies/HarmonyEvaluatedImportSpecifierDependency.js’
Warning in utils::tar(filepath, pkgname, compression = compression, compression_level = 9L,  :
  storing paths of more than 100 bytes is not portable:
  ‘neurosurf/inst/htmlwidgets/neurosurface/node_modules/webpack/lib/dependencies/HarmonyExportDependencyParserPlugin.js’
Warning in utils::tar(filepath, pkgname, compression = compression, compression_level = 9L,  :
  storing paths of more than 100 bytes is not portable:
  ‘neurosurf/inst/htmlwidgets/neurosurface/node_modules/webpack/lib/dependencies/HarmonyExportExpressionDependency.js’
Warning in utils::tar(filepath, pkgname, compression = compression, compression_level = 9L,  :
  storing paths of more than 100 bytes is not portable:
  ‘neurosurf/inst/htmlwidgets/neurosurface/node_modules/webpack/lib/dependencies/HarmonyExportHeaderDependency.js’
Warning in utils::tar(filepath, pkgname, compression = compression, compression_level = 9L,  :
  storing paths of more than 100 bytes is not portable:
  ‘neurosurf/inst/htmlwidgets/neurosurface/node_modules/webpack/lib/dependencies/HarmonyExportImportedSpecifierDependency.js’
Warning in utils::tar(filepath, pkgname, compression = compression, compression_level = 9L,  :
  storing paths of more than 100 bytes is not portable:
  ‘neurosurf/inst/htmlwidgets/neurosurface/node_modules/webpack/lib/dependencies/HarmonyExportInitFragment.js’
Warning in utils::tar(filepath, pkgname, compression = compression, compression_level = 9L,  :
  storing paths of more than 100 bytes is not portable:
  ‘neurosurf/inst/htmlwidgets/neurosurface/node_modules/webpack/lib/dependencies/HarmonyExportSpecifierDependency.js’
Warning in utils::tar(filepath, pkgname, compression = compression, compression_level = 9L,  :
  storing paths of more than 100 bytes is not portable:
  ‘neurosurf/inst/htmlwidgets/neurosurface/node_modules/webpack/lib/dependencies/HarmonyImportDependency.js’
Warning in utils::tar(filepath, pkgname, compression = compression, compression_level = 9L,  :
  storing paths of more than 100 bytes is not portable:
  ‘neurosurf/inst/htmlwidgets/neurosurface/node_modules/webpack/lib/dependencies/HarmonyImportDependencyParserPlugin.js’
Warning in utils::tar(filepath, pkgname, compression = compression, compression_level = 9L,  :
  storing paths of more than 100 bytes is not portable:
  ‘neurosurf/inst/htmlwidgets/neurosurface/node_modules/webpack/lib/dependencies/HarmonyImportSideEffectDependency.js’
Warning in utils::tar(filepath, pkgname, compression = compression, compression_level = 9L,  :
  storing paths of more than 100 bytes is not portable:
  ‘neurosurf/inst/htmlwidgets/neurosurface/node_modules/webpack/lib/dependencies/HarmonyImportSpecifierDependency.js’
Warning in utils::tar(filepath, pkgname, compression = compression, compression_level = 9L,  :
  storing paths of more than 100 bytes is not portable:
  ‘neurosurf/inst/htmlwidgets/neurosurface/node_modules/webpack/lib/dependencies/HarmonyModulesPlugin.js’
Warning in utils::tar(filepath, pkgname, compression = compression, compression_level = 9L,  :
  storing paths of more than 100 bytes is not portable:
  ‘neurosurf/inst/htmlwidgets/neurosurface/node_modules/webpack/lib/dependencies/HarmonyTopLevelThisParserPlugin.js’
Warning in utils::tar(filepath, pkgname, compression = compression, compression_level = 9L,  :
  storing paths of more than 100 bytes is not portable:
  ‘neurosurf/inst/htmlwidgets/neurosurface/node_modules/webpack/lib/dependencies/ImportContextDependency.js’
Warning in utils::tar(filepath, pkgname, compression = compression, compression_level = 9L,  :
  storing paths of more than 100 bytes is not portable:
  ‘neurosurf/inst/htmlwidgets/neurosurface/node_modules/webpack/lib/dependencies/ImportEagerDependency.js’
Warning in utils::tar(filepath, pkgname, compression = compression, compression_level = 9L,  :
  storing paths of more than 100 bytes is not portable:
  ‘neurosurf/inst/htmlwidgets/neurosurface/node_modules/webpack/lib/dependencies/ImportMetaContextDependency.js’
Warning in utils::tar(filepath, pkgname, compression = compression, compression_level = 9L,  :
  storing paths of more than 100 bytes is not portable:
  ‘neurosurf/inst/htmlwidgets/neurosurface/node_modules/webpack/lib/dependencies/ImportMetaContextDependencyParserPlugin.js’
Warning in utils::tar(filepath, pkgname, compression = compression, compression_level = 9L,  :
  storing paths of more than 100 bytes is not portable:
  ‘neurosurf/inst/htmlwidgets/neurosurface/node_modules/webpack/lib/dependencies/ImportMetaContextPlugin.js’
Warning in utils::tar(filepath, pkgname, compression = compression, compression_level = 9L,  :
  storing paths of more than 100 bytes is not portable:
  ‘neurosurf/inst/htmlwidgets/neurosurface/node_modules/webpack/lib/dependencies/ImportMetaHotAcceptDependency.js’
Warning in utils::tar(filepath, pkgname, compression = compression, compression_level = 9L,  :
  storing paths of more than 100 bytes is not portable:
  ‘neurosurf/inst/htmlwidgets/neurosurface/node_modules/webpack/lib/dependencies/ImportMetaHotDeclineDependency.js’
Warning in utils::tar(filepath, pkgname, compression = compression, compression_level = 9L,  :
  storing paths of more than 100 bytes is not portable:
  ‘neurosurf/inst/htmlwidgets/neurosurface/node_modules/webpack/lib/dependencies/ImportWeakDependency.js’
Warning in utils::tar(filepath, pkgname, compression = compression, compression_level = 9L,  :
  storing paths of more than 100 bytes is not portable:
  ‘neurosurf/inst/htmlwidgets/neurosurface/node_modules/webpack/lib/dependencies/JsonExportsDependency.js’
Warning in utils::tar(filepath, pkgname, compression = compression, compression_level = 9L,  :
  storing paths of more than 100 bytes is not portable:
  ‘neurosurf/inst/htmlwidgets/neurosurface/node_modules/webpack/lib/dependencies/LoaderImportDependency.js’
Warning in utils::tar(filepath, pkgname, compression = compression, compression_level = 9L,  :
  storing paths of more than 100 bytes is not portable:
  ‘neurosurf/inst/htmlwidgets/neurosurface/node_modules/webpack/lib/dependencies/LocalModuleDependency.js’
Warning in utils::tar(filepath, pkgname, compression = compression, compression_level = 9L,  :
  storing paths of more than 100 bytes is not portable:
  ‘neurosurf/inst/htmlwidgets/neurosurface/node_modules/webpack/lib/dependencies/ModuleDecoratorDependency.js’
Warning in utils::tar(filepath, pkgname, compression = compression, compression_level = 9L,  :
  storing paths of more than 100 bytes is not portable:
  ‘neurosurf/inst/htmlwidgets/neurosurface/node_modules/webpack/lib/dependencies/ModuleDependencyTemplateAsId.js’
Warning in utils::tar(filepath, pkgname, compression = compression, compression_level = 9L,  :
  storing paths of more than 100 bytes is not portable:
  ‘neurosurf/inst/htmlwidgets/neurosurface/node_modules/webpack/lib/dependencies/ModuleDependencyTemplateAsRequireId.js’
Warning in utils::tar(filepath, pkgname, compression = compression, compression_level = 9L,  :
  storing paths of more than 100 bytes is not portable:
  ‘neurosurf/inst/htmlwidgets/neurosurface/node_modules/webpack/lib/dependencies/ModuleHotAcceptDependency.js’
Warning in utils::tar(filepath, pkgname, compression = compression, compression_level = 9L,  :
  storing paths of more than 100 bytes is not portable:
  ‘neurosurf/inst/htmlwidgets/neurosurface/node_modules/webpack/lib/dependencies/ModuleHotDeclineDependency.js’
Warning in utils::tar(filepath, pkgname, compression = compression, compression_level = 9L,  :
  storing paths of more than 100 bytes is not portable:
  ‘neurosurf/inst/htmlwidgets/neurosurface/node_modules/webpack/lib/dependencies/PureExpressionDependency.js’
Warning in utils::tar(filepath, pkgname, compression = compression, compression_level = 9L,  :
  storing paths of more than 100 bytes is not portable:
  ‘neurosurf/inst/htmlwidgets/neurosurface/node_modules/webpack/lib/dependencies/RequireContextDependency.js’
Warning in utils::tar(filepath, pkgname, compression = compression, compression_level = 9L,  :
  storing paths of more than 100 bytes is not portable:
  ‘neurosurf/inst/htmlwidgets/neurosurface/node_modules/webpack/lib/dependencies/RequireContextDependencyParserPlugin.js’
Warning in utils::tar(filepath, pkgname, compression = compression, compression_level = 9L,  :
  storing paths of more than 100 bytes is not portable:
  ‘neurosurf/inst/htmlwidgets/neurosurface/node_modules/webpack/lib/dependencies/RequireContextPlugin.js’
Warning in utils::tar(filepath, pkgname, compression = compression, compression_level = 9L,  :
  storing paths of more than 100 bytes is not portable:
  ‘neurosurf/inst/htmlwidgets/neurosurface/node_modules/webpack/lib/dependencies/RequireEnsureDependenciesBlock.js’
Warning in utils::tar(filepath, pkgname, compression = compression, compression_level = 9L,  :
  storing paths of more than 100 bytes is not portable:
  ‘neurosurf/inst/htmlwidgets/neurosurface/node_modules/webpack/lib/dependencies/RequireEnsureDependenciesBlockParserPlugin.js’
Warning in utils::tar(filepath, pkgname, compression = compression, compression_level = 9L,  :
  storing paths of more than 100 bytes is not portable:
  ‘neurosurf/inst/htmlwidgets/neurosurface/node_modules/webpack/lib/dependencies/RequireEnsureDependency.js’
Warning in utils::tar(filepath, pkgname, compression = compression, compression_level = 9L,  :
  storing paths of more than 100 bytes is not portable:
  ‘neurosurf/inst/htmlwidgets/neurosurface/node_modules/webpack/lib/dependencies/RequireEnsureItemDependency.js’
Warning in utils::tar(filepath, pkgname, compression = compression, compression_level = 9L,  :
  storing paths of more than 100 bytes is not portable:
  ‘neurosurf/inst/htmlwidgets/neurosurface/node_modules/webpack/lib/dependencies/RequireHeaderDependency.js’
Warning in utils::tar(filepath, pkgname, compression = compression, compression_level = 9L,  :
  storing paths of more than 100 bytes is not portable:
  ‘neurosurf/inst/htmlwidgets/neurosurface/node_modules/webpack/lib/dependencies/RequireIncludeDependency.js’
Warning in utils::tar(filepath, pkgname, compression = compression, compression_level = 9L,  :
  storing paths of more than 100 bytes is not portable:
  ‘neurosurf/inst/htmlwidgets/neurosurface/node_modules/webpack/lib/dependencies/RequireIncludeDependencyParserPlugin.js’
Warning in utils::tar(filepath, pkgname, compression = compression, compression_level = 9L,  :
  storing paths of more than 100 bytes is not portable:
  ‘neurosurf/inst/htmlwidgets/neurosurface/node_modules/webpack/lib/dependencies/RequireIncludePlugin.js’
Warning in utils::tar(filepath, pkgname, compression = compression, compression_level = 9L,  :
  storing paths of more than 100 bytes is not portable:
  ‘neurosurf/inst/htmlwidgets/neurosurface/node_modules/webpack/lib/dependencies/RequireResolveContextDependency.js’
Warning in utils::tar(filepath, pkgname, compression = compression, compression_level = 9L,  :
  storing paths of more than 100 bytes is not portable:
  ‘neurosurf/inst/htmlwidgets/neurosurface/node_modules/webpack/lib/dependencies/RequireResolveDependency.js’
Warning in utils::tar(filepath, pkgname, compression = compression, compression_level = 9L,  :
  storing paths of more than 100 bytes is not portable:
  ‘neurosurf/inst/htmlwidgets/neurosurface/node_modules/webpack/lib/dependencies/RequireResolveHeaderDependency.js’
Warning in utils::tar(filepath, pkgname, compression = compression, compression_level = 9L,  :
  storing paths of more than 100 bytes is not portable:
  ‘neurosurf/inst/htmlwidgets/neurosurface/node_modules/webpack/lib/dependencies/RuntimeRequirementsDependency.js’
Warning in utils::tar(filepath, pkgname, compression = compression, compression_level = 9L,  :
  storing paths of more than 100 bytes is not portable:
  ‘neurosurf/inst/htmlwidgets/neurosurface/node_modules/webpack/lib/dependencies/StaticExportsDependency.js’
Warning in utils::tar(filepath, pkgname, compression = compression, compression_level = 9L,  :
  storing paths of more than 100 bytes is not portable:
  ‘neurosurf/inst/htmlwidgets/neurosurface/node_modules/webpack/lib/dependencies/UnsupportedDependency.js’
Warning in utils::tar(filepath, pkgname, compression = compression, compression_level = 9L,  :
  storing paths of more than 100 bytes is not portable:
  ‘neurosurf/inst/htmlwidgets/neurosurface/node_modules/webpack/lib/dependencies/WebAssemblyExportImportedDependency.js’
Warning in utils::tar(filepath, pkgname, compression = compression, compression_level = 9L,  :
  storing paths of more than 100 bytes is not portable:
  ‘neurosurf/inst/htmlwidgets/neurosurface/node_modules/webpack/lib/dependencies/WebAssemblyImportDependency.js’
Warning in utils::tar(filepath, pkgname, compression = compression, compression_level = 9L,  :
  storing paths of more than 100 bytes is not portable:
  ‘neurosurf/inst/htmlwidgets/neurosurface/node_modules/webpack/lib/dependencies/WebpackIsIncludedDependency.js’
Warning in utils::tar(filepath, pkgname, compression = compression, compression_level = 9L,  :
  storing paths of more than 100 bytes is not portable:
  ‘neurosurf/inst/htmlwidgets/neurosurface/node_modules/webpack/lib/dependencies/getFunctionExpression.js’
Warning in utils::tar(filepath, pkgname, compression = compression, compression_level = 9L,  :
  storing paths of more than 100 bytes is not portable:
  ‘neurosurf/inst/htmlwidgets/neurosurface/node_modules/webpack/lib/esm/ExportWebpackRequireRuntimeModule.js’
Warning in utils::tar(filepath, pkgname, compression = compression, compression_level = 9L,  :
  storing paths of more than 100 bytes is not portable:
  ‘neurosurf/inst/htmlwidgets/neurosurface/node_modules/webpack/lib/esm/ModuleChunkLoadingRuntimeModule.js’
Warning in utils::tar(filepath, pkgname, compression = compression, compression_level = 9L,  :
  storing paths of more than 100 bytes is not portable:
  ‘neurosurf/inst/htmlwidgets/neurosurface/node_modules/webpack/lib/hmr/HotModuleReplacementRuntimeModule.js’
Warning in utils::tar(filepath, pkgname, compression = compression, compression_level = 9L,  :
  storing paths of more than 100 bytes is not portable:
  ‘neurosurf/inst/htmlwidgets/neurosurface/node_modules/webpack/lib/hmr/JavascriptHotModuleReplacement.runtime.js’
Warning in utils::tar(filepath, pkgname, compression = compression, compression_level = 9L,  :
  storing paths of more than 100 bytes is not portable:
  ‘neurosurf/inst/htmlwidgets/neurosurface/node_modules/webpack/lib/javascript/ArrayPushCallbackChunkFormatPlugin.js’
Warning in utils::tar(filepath, pkgname, compression = compression, compression_level = 9L,  :
  storing paths of more than 100 bytes is not portable:
  ‘neurosurf/inst/htmlwidgets/neurosurface/node_modules/webpack/lib/javascript/BasicEvaluatedExpression.js’
Warning in utils::tar(filepath, pkgname, compression = compression, compression_level = 9L,  :
  storing paths of more than 100 bytes is not portable:
  ‘neurosurf/inst/htmlwidgets/neurosurface/node_modules/webpack/lib/javascript/CommonJsChunkFormatPlugin.js’
Warning in utils::tar(filepath, pkgname, compression = compression, compression_level = 9L,  :
  storing paths of more than 100 bytes is not portable:
  ‘neurosurf/inst/htmlwidgets/neurosurface/node_modules/webpack/lib/javascript/EnableChunkLoadingPlugin.js’
Warning in utils::tar(filepath, pkgname, compression = compression, compression_level = 9L,  :
  storing paths of more than 100 bytes is not portable:
  ‘neurosurf/inst/htmlwidgets/neurosurface/node_modules/webpack/lib/javascript/JavascriptModulesPlugin.js’
Warning in utils::tar(filepath, pkgname, compression = compression, compression_level = 9L,  :
  storing paths of more than 100 bytes is not portable:
  ‘neurosurf/inst/htmlwidgets/neurosurface/node_modules/webpack/lib/javascript/JavascriptParserHelpers.js’
Warning in utils::tar(filepath, pkgname, compression = compression, compression_level = 9L,  :
  storing paths of more than 100 bytes is not portable:
  ‘neurosurf/inst/htmlwidgets/neurosurface/node_modules/webpack/lib/library/ExportPropertyLibraryPlugin.js’
Warning in utils::tar(filepath, pkgname, compression = compression, compression_level = 9L,  :
  storing paths of more than 100 bytes is not portable:
  ‘neurosurf/inst/htmlwidgets/neurosurface/node_modules/webpack/lib/node/ReadFileChunkLoadingRuntimeModule.js’
Warning in utils::tar(filepath, pkgname, compression = compression, compression_level = 9L,  :
  storing paths of more than 100 bytes is not portable:
  ‘neurosurf/inst/htmlwidgets/neurosurface/node_modules/webpack/lib/node/ReadFileCompileAsyncWasmPlugin.js’
Warning in utils::tar(filepath, pkgname, compression = compression, compression_level = 9L,  :
  storing paths of more than 100 bytes is not portable:
  ‘neurosurf/inst/htmlwidgets/neurosurface/node_modules/webpack/lib/node/RequireChunkLoadingRuntimeModule.js’
Warning in utils::tar(filepath, pkgname, compression = compression, compression_level = 9L,  :
  storing paths of more than 100 bytes is not portable:
  ‘neurosurf/inst/htmlwidgets/neurosurface/node_modules/webpack/lib/optimize/AggressiveSplittingPlugin.js’
Warning in utils::tar(filepath, pkgname, compression = compression, compression_level = 9L,  :
  storing paths of more than 100 bytes is not portable:
  ‘neurosurf/inst/htmlwidgets/neurosurface/node_modules/webpack/lib/optimize/EnsureChunkConditionsPlugin.js’
Warning in utils::tar(filepath, pkgname, compression = compression, compression_level = 9L,  :
  storing paths of more than 100 bytes is not portable:
  ‘neurosurf/inst/htmlwidgets/neurosurface/node_modules/webpack/lib/optimize/FlagIncludedChunksPlugin.js’
Warning in utils::tar(filepath, pkgname, compression = compression, compression_level = 9L,  :
  storing paths of more than 100 bytes is not portable:
  ‘neurosurf/inst/htmlwidgets/neurosurface/node_modules/webpack/lib/optimize/MergeDuplicateChunksPlugin.js’
Warning in utils::tar(filepath, pkgname, compression = compression, compression_level = 9L,  :
  storing paths of more than 100 bytes is not portable:
  ‘neurosurf/inst/htmlwidgets/neurosurface/node_modules/webpack/lib/optimize/ModuleConcatenationPlugin.js’
Warning in utils::tar(filepath, pkgname, compression = compression, compression_level = 9L,  :
  storing paths of more than 100 bytes is not portable:
  ‘neurosurf/inst/htmlwidgets/neurosurface/node_modules/webpack/lib/optimize/RemoveParentModulesPlugin.js’
Warning in utils::tar(filepath, pkgname, compression = compression, compression_level = 9L,  :
  storing paths of more than 100 bytes is not portable:
  ‘neurosurf/inst/htmlwidgets/neurosurface/node_modules/webpack/lib/performance/AssetsOverSizeLimitWarning.js’
Warning in utils::tar(filepath, pkgname, compression = compression, compression_level = 9L,  :
  storing paths of more than 100 bytes is not portable:
  ‘neurosurf/inst/htmlwidgets/neurosurface/node_modules/webpack/lib/performance/EntrypointsOverSizeLimitWarning.js’
Warning in utils::tar(filepath, pkgname, compression = compression, compression_level = 9L,  :
  storing paths of more than 100 bytes is not portable:
  ‘neurosurf/inst/htmlwidgets/neurosurface/node_modules/webpack/lib/prefetch/ChunkPrefetchFunctionRuntimeModule.js’
Warning in utils::tar(filepath, pkgname, compression = compression, compression_level = 9L,  :
  storing paths of more than 100 bytes is not portable:
  ‘neurosurf/inst/htmlwidgets/neurosurface/node_modules/webpack/lib/prefetch/ChunkPrefetchPreloadPlugin.js’
Warning in utils::tar(filepath, pkgname, compression = compression, compression_level = 9L,  :
  storing paths of more than 100 bytes is not portable:
  ‘neurosurf/inst/htmlwidgets/neurosurface/node_modules/webpack/lib/prefetch/ChunkPrefetchStartupRuntimeModule.js’
Warning in utils::tar(filepath, pkgname, compression = compression, compression_level = 9L,  :
  storing paths of more than 100 bytes is not portable:
  ‘neurosurf/inst/htmlwidgets/neurosurface/node_modules/webpack/lib/prefetch/ChunkPrefetchTriggerRuntimeModule.js’
Warning in utils::tar(filepath, pkgname, compression = compression, compression_level = 9L,  :
  storing paths of more than 100 bytes is not portable:
  ‘neurosurf/inst/htmlwidgets/neurosurface/node_modules/webpack/lib/prefetch/ChunkPreloadTriggerRuntimeModule.js’
Warning in utils::tar(filepath, pkgname, compression = compression, compression_level = 9L,  :
  storing paths of more than 100 bytes is not portable:
  ‘neurosurf/inst/htmlwidgets/neurosurface/node_modules/webpack/lib/runtime/AutoPublicPathRuntimeModule.js’
Warning in utils::tar(filepath, pkgname, compression = compression, compression_level = 9L,  :
  storing paths of more than 100 bytes is not portable:
  ‘neurosurf/inst/htmlwidgets/neurosurface/node_modules/webpack/lib/runtime/CompatGetDefaultExportRuntimeModule.js’
Warning in utils::tar(filepath, pkgname, compression = compression, compression_level = 9L,  :
  storing paths of more than 100 bytes is not portable:
  ‘neurosurf/inst/htmlwidgets/neurosurface/node_modules/webpack/lib/runtime/CreateFakeNamespaceObjectRuntimeModule.js’
Warning in utils::tar(filepath, pkgname, compression = compression, compression_level = 9L,  :
  storing paths of more than 100 bytes is not portable:
  ‘neurosurf/inst/htmlwidgets/neurosurface/node_modules/webpack/lib/runtime/CreateScriptRuntimeModule.js’
Warning in utils::tar(filepath, pkgname, compression = compression, compression_level = 9L,  :
  storing paths of more than 100 bytes is not portable:
  ‘neurosurf/inst/htmlwidgets/neurosurface/node_modules/webpack/lib/runtime/CreateScriptUrlRuntimeModule.js’
Warning in utils::tar(filepath, pkgname, compression = compression, compression_level = 9L,  :
  storing paths of more than 100 bytes is not portable:
  ‘neurosurf/inst/htmlwidgets/neurosurface/node_modules/webpack/lib/runtime/DefinePropertyGettersRuntimeModule.js’
Warning in utils::tar(filepath, pkgname, compression = compression, compression_level = 9L,  :
  storing paths of more than 100 bytes is not portable:
  ‘neurosurf/inst/htmlwidgets/neurosurface/node_modules/webpack/lib/runtime/GetChunkFilenameRuntimeModule.js’
Warning in utils::tar(filepath, pkgname, compression = compression, compression_level = 9L,  :
  storing paths of more than 100 bytes is not portable:
  ‘neurosurf/inst/htmlwidgets/neurosurface/node_modules/webpack/lib/runtime/GetMainFilenameRuntimeModule.js’
Warning in utils::tar(filepath, pkgname, compression = compression, compression_level = 9L,  :
  storing paths of more than 100 bytes is not portable:
  ‘neurosurf/inst/htmlwidgets/neurosurface/node_modules/webpack/lib/runtime/GetTrustedTypesPolicyRuntimeModule.js’
Warning in utils::tar(filepath, pkgname, compression = compression, compression_level = 9L,  :
  storing paths of more than 100 bytes is not portable:
  ‘neurosurf/inst/htmlwidgets/neurosurface/node_modules/webpack/lib/runtime/HasOwnPropertyRuntimeModule.js’
Warning in utils::tar(filepath, pkgname, compression = compression, compression_level = 9L,  :
  storing paths of more than 100 bytes is not portable:
  ‘neurosurf/inst/htmlwidgets/neurosurface/node_modules/webpack/lib/runtime/MakeNamespaceObjectRuntimeModule.js’
Warning in utils::tar(filepath, pkgname, compression = compression, compression_level = 9L,  :
  storing paths of more than 100 bytes is not portable:
  ‘neurosurf/inst/htmlwidgets/neurosurface/node_modules/webpack/lib/runtime/OnChunksLoadedRuntimeModule.js’
Warning in utils::tar(filepath, pkgname, compression = compression, compression_level = 9L,  :
  storing paths of more than 100 bytes is not portable:
  ‘neurosurf/inst/htmlwidgets/neurosurface/node_modules/webpack/lib/runtime/StartupChunkDependenciesPlugin.js’
Warning in utils::tar(filepath, pkgname, compression = compression, compression_level = 9L,  :
  storing paths of more than 100 bytes is not portable:
  ‘neurosurf/inst/htmlwidgets/neurosurface/node_modules/webpack/lib/runtime/StartupChunkDependenciesRuntimeModule.js’
Warning in utils::tar(filepath, pkgname, compression = compression, compression_level = 9L,  :
  storing paths of more than 100 bytes is not portable:
  ‘neurosurf/inst/htmlwidgets/neurosurface/node_modules/webpack/lib/runtime/StartupEntrypointRuntimeModule.js’
Warning in utils::tar(filepath, pkgname, compression = compression, compression_level = 9L,  :
  storing paths of more than 100 bytes is not portable:
  ‘neurosurf/inst/htmlwidgets/neurosurface/node_modules/webpack/lib/runtime/SystemContextRuntimeModule.js’
Warning in utils::tar(filepath, pkgname, compression = compression, compression_level = 9L,  :
  storing paths of more than 100 bytes is not portable:
  ‘neurosurf/inst/htmlwidgets/neurosurface/node_modules/webpack/lib/serialization/AggregateErrorSerializer.js’
Warning in utils::tar(filepath, pkgname, compression = compression, compression_level = 9L,  :
  storing paths of more than 100 bytes is not portable:
  ‘neurosurf/inst/htmlwidgets/neurosurface/node_modules/webpack/lib/serialization/DateObjectSerializer.js’
Warning in utils::tar(filepath, pkgname, compression = compression, compression_level = 9L,  :
  storing paths of more than 100 bytes is not portable:
  ‘neurosurf/inst/htmlwidgets/neurosurface/node_modules/webpack/lib/serialization/ErrorObjectSerializer.js’
Warning in utils::tar(filepath, pkgname, compression = compression, compression_level = 9L,  :
  storing paths of more than 100 bytes is not portable:
  ‘neurosurf/inst/htmlwidgets/neurosurface/node_modules/webpack/lib/serialization/MapObjectSerializer.js’
Warning in utils::tar(filepath, pkgname, compression = compression, compression_level = 9L,  :
  storing paths of more than 100 bytes is not portable:
  ‘neurosurf/inst/htmlwidgets/neurosurface/node_modules/webpack/lib/serialization/NullPrototypeObjectSerializer.js’
Warning in utils::tar(filepath, pkgname, compression = compression, compression_level = 9L,  :
  storing paths of more than 100 bytes is not portable:
  ‘neurosurf/inst/htmlwidgets/neurosurface/node_modules/webpack/lib/serialization/PlainObjectSerializer.js’
Warning in utils::tar(filepath, pkgname, compression = compression, compression_level = 9L,  :
  storing paths of more than 100 bytes is not portable:
  ‘neurosurf/inst/htmlwidgets/neurosurface/node_modules/webpack/lib/serialization/RegExpObjectSerializer.js’
Warning in utils::tar(filepath, pkgname, compression = compression, compression_level = 9L,  :
  storing paths of more than 100 bytes is not portable:
  ‘neurosurf/inst/htmlwidgets/neurosurface/node_modules/webpack/lib/serialization/SerializerMiddleware.js’
Warning in utils::tar(filepath, pkgname, compression = compression, compression_level = 9L,  :
  storing paths of more than 100 bytes is not portable:
  ‘neurosurf/inst/htmlwidgets/neurosurface/node_modules/webpack/lib/serialization/SetObjectSerializer.js’
Warning in utils::tar(filepath, pkgname, compression = compression, compression_level = 9L,  :
  storing paths of more than 100 bytes is not portable:
  ‘neurosurf/inst/htmlwidgets/neurosurface/node_modules/webpack/lib/serialization/SingleItemMiddleware.js’
Warning in utils::tar(filepath, pkgname, compression = compression, compression_level = 9L,  :
  storing paths of more than 100 bytes is not portable:
  ‘neurosurf/inst/htmlwidgets/neurosurface/node_modules/webpack/lib/sharing/ConsumeSharedFallbackDependency.js’
Warning in utils::tar(filepath, pkgname, compression = compression, compression_level = 9L,  :
  storing paths of more than 100 bytes is not portable:
  ‘neurosurf/inst/htmlwidgets/neurosurface/node_modules/webpack/lib/sharing/ConsumeSharedRuntimeModule.js’
Warning in utils::tar(filepath, pkgname, compression = compression, compression_level = 9L,  :
  storing paths of more than 100 bytes is not portable:
  ‘neurosurf/inst/htmlwidgets/neurosurface/node_modules/webpack/lib/sharing/ProvideForSharedDependency.js’
Warning in utils::tar(filepath, pkgname, compression = compression, compression_level = 9L,  :
  storing paths of more than 100 bytes is not portable:
  ‘neurosurf/inst/htmlwidgets/neurosurface/node_modules/webpack/lib/sharing/ProvideSharedModuleFactory.js’
Warning in utils::tar(filepath, pkgname, compression = compression, compression_level = 9L,  :
  storing paths of more than 100 bytes is not portable:
  ‘neurosurf/inst/htmlwidgets/neurosurface/node_modules/webpack/lib/wasm-async/AsyncWasmLoadingRuntimeModule.js’
Warning in utils::tar(filepath, pkgname, compression = compression, compression_level = 9L,  :
  storing paths of more than 100 bytes is not portable:
  ‘neurosurf/inst/htmlwidgets/neurosurface/node_modules/webpack/lib/wasm-async/AsyncWebAssemblyGenerator.js’
Warning in utils::tar(filepath, pkgname, compression = compression, compression_level = 9L,  :
  storing paths of more than 100 bytes is not portable:
  ‘neurosurf/inst/htmlwidgets/neurosurface/node_modules/webpack/lib/wasm-async/AsyncWebAssemblyJavascriptGenerator.js’
Warning in utils::tar(filepath, pkgname, compression = compression, compression_level = 9L,  :
  storing paths of more than 100 bytes is not portable:
  ‘neurosurf/inst/htmlwidgets/neurosurface/node_modules/webpack/lib/wasm-async/AsyncWebAssemblyModulesPlugin.js’
Warning in utils::tar(filepath, pkgname, compression = compression, compression_level = 9L,  :
  storing paths of more than 100 bytes is not portable:
  ‘neurosurf/inst/htmlwidgets/neurosurface/node_modules/webpack/lib/wasm-async/AsyncWebAssemblyParser.js’
Warning in utils::tar(filepath, pkgname, compression = compression, compression_level = 9L,  :
  storing paths of more than 100 bytes is not portable:
  ‘neurosurf/inst/htmlwidgets/neurosurface/node_modules/webpack/lib/wasm-async/UniversalCompileAsyncWasmPlugin.js’
Warning in utils::tar(filepath, pkgname, compression = compression, compression_level = 9L,  :
  storing paths of more than 100 bytes is not portable:
  ‘neurosurf/inst/htmlwidgets/neurosurface/node_modules/webpack/lib/wasm-sync/UnsupportedWebAssemblyFeatureError.js’
Warning in utils::tar(filepath, pkgname, compression = compression, compression_level = 9L,  :
  storing paths of more than 100 bytes is not portable:
  ‘neurosurf/inst/htmlwidgets/neurosurface/node_modules/webpack/lib/wasm-sync/WasmChunkLoadingRuntimeModule.js’
Warning in utils::tar(filepath, pkgname, compression = compression, compression_level = 9L,  :
  storing paths of more than 100 bytes is not portable:
  ‘neurosurf/inst/htmlwidgets/neurosurface/node_modules/webpack/lib/wasm-sync/WasmFinalizeExportsPlugin.js’
Warning in utils::tar(filepath, pkgname, compression = compression, compression_level = 9L,  :
  storing paths of more than 100 bytes is not portable:
  ‘neurosurf/inst/htmlwidgets/neurosurface/node_modules/webpack/lib/wasm-sync/WebAssemblyInInitialChunkError.js’
Warning in utils::tar(filepath, pkgname, compression = compression, compression_level = 9L,  :
  storing paths of more than 100 bytes is not portable:
  ‘neurosurf/inst/htmlwidgets/neurosurface/node_modules/webpack/lib/wasm-sync/WebAssemblyJavascriptGenerator.js’
Warning in utils::tar(filepath, pkgname, compression = compression, compression_level = 9L,  :
  storing paths of more than 100 bytes is not portable:
  ‘neurosurf/inst/htmlwidgets/neurosurface/node_modules/webpack/lib/wasm-sync/WebAssemblyModulesPlugin.js’
Warning in utils::tar(filepath, pkgname, compression = compression, compression_level = 9L,  :
  storing paths of more than 100 bytes is not portable:
  ‘neurosurf/inst/htmlwidgets/neurosurface/node_modules/webpack/lib/web/JsonpChunkLoadingRuntimeModule.js’
Warning in utils::tar(filepath, pkgname, compression = compression, compression_level = 9L,  :
  storing paths of more than 100 bytes is not portable:
  ‘neurosurf/inst/htmlwidgets/neurosurface/node_modules/webpack/lib/webworker/ImportScriptsChunkLoadingPlugin.js’
Warning in utils::tar(filepath, pkgname, compression = compression, compression_level = 9L,  :
  storing paths of more than 100 bytes is not portable:
  ‘neurosurf/inst/htmlwidgets/neurosurface/node_modules/webpack/lib/webworker/ImportScriptsChunkLoadingRuntimeModule.js’
Warning in utils::tar(filepath, pkgname, compression = compression, compression_level = 9L,  :
  storing paths of more than 100 bytes is not portable:
  ‘neurosurf/inst/htmlwidgets/neurosurface/node_modules/webpack/lib/webworker/WebWorkerTemplatePlugin.js’
Warning in utils::tar(filepath, pkgname, compression = compression, compression_level = 9L,  :
  storing paths of more than 100 bytes is not portable:
  ‘neurosurf/inst/htmlwidgets/neurosurface/node_modules/webpack/schemas/plugins/DllReferencePlugin.check.d.ts’
Warning in utils::tar(filepath, pkgname, compression = compression, compression_level = 9L,  :
  storing paths of more than 100 bytes is not portable:
  ‘neurosurf/inst/htmlwidgets/neurosurface/node_modules/webpack/schemas/plugins/DllReferencePlugin.check.js’
Warning in utils::tar(filepath, pkgname, compression = compression, compression_level = 9L,  :
  storing paths of more than 100 bytes is not portable:
  ‘neurosurf/inst/htmlwidgets/neurosurface/node_modules/webpack/schemas/plugins/HashedModuleIdsPlugin.check.d.ts’
Warning in utils::tar(filepath, pkgname, compression = compression, compression_level = 9L,  :
  storing paths of more than 100 bytes is not portable:
  ‘neurosurf/inst/htmlwidgets/neurosurface/node_modules/webpack/schemas/plugins/HashedModuleIdsPlugin.check.js’
Warning in utils::tar(filepath, pkgname, compression = compression, compression_level = 9L,  :
  storing paths of more than 100 bytes is not portable:
  ‘neurosurf/inst/htmlwidgets/neurosurface/node_modules/webpack/schemas/plugins/HashedModuleIdsPlugin.json’
Warning in utils::tar(filepath, pkgname, compression = compression, compression_level = 9L,  :
  storing paths of more than 100 bytes is not portable:
  ‘neurosurf/inst/htmlwidgets/neurosurface/node_modules/webpack/schemas/plugins/LoaderOptionsPlugin.check.d.ts’
Warning in utils::tar(filepath, pkgname, compression = compression, compression_level = 9L,  :
  storing paths of more than 100 bytes is not portable:
  ‘neurosurf/inst/htmlwidgets/neurosurface/node_modules/webpack/schemas/plugins/LoaderOptionsPlugin.check.js’
Warning in utils::tar(filepath, pkgname, compression = compression, compression_level = 9L,  :
  storing paths of more than 100 bytes is not portable:
  ‘neurosurf/inst/htmlwidgets/neurosurface/node_modules/webpack/schemas/plugins/LoaderOptionsPlugin.json’
Warning in utils::tar(filepath, pkgname, compression = compression, compression_level = 9L,  :
  storing paths of more than 100 bytes is not portable:
  ‘neurosurf/inst/htmlwidgets/neurosurface/node_modules/webpack/schemas/plugins/ProgressPlugin.check.d.ts’
Warning in utils::tar(filepath, pkgname, compression = compression, compression_level = 9L,  :
  storing paths of more than 100 bytes is not portable:
  ‘neurosurf/inst/htmlwidgets/neurosurface/node_modules/webpack/schemas/plugins/SourceMapDevToolPlugin.check.d.ts’
Warning in utils::tar(filepath, pkgname, compression = compression, compression_level = 9L,  :
  storing paths of more than 100 bytes is not portable:
  ‘neurosurf/inst/htmlwidgets/neurosurface/node_modules/webpack/schemas/plugins/SourceMapDevToolPlugin.check.js’
Warning in utils::tar(filepath, pkgname, compression = compression, compression_level = 9L,  :
  storing paths of more than 100 bytes is not portable:
  ‘neurosurf/inst/htmlwidgets/neurosurface/node_modules/webpack/schemas/plugins/SourceMapDevToolPlugin.json’
Warning in utils::tar(filepath, pkgname, compression = compression, compression_level = 9L,  :
  storing paths of more than 100 bytes is not portable:
  ‘neurosurf/inst/htmlwidgets/neurosurface/node_modules/webpack/schemas/plugins/WatchIgnorePlugin.check.d.ts’
Warning in utils::tar(filepath, pkgname, compression = compression, compression_level = 9L,  :
  storing paths of more than 100 bytes is not portable:
  ‘neurosurf/inst/htmlwidgets/neurosurface/node_modules/webpack/schemas/plugins/WatchIgnorePlugin.check.js’
Warning in utils::tar(filepath, pkgname, compression = compression, compression_level = 9L,  :
  storing paths of more than 100 bytes is not portable:
  ‘neurosurf/inst/htmlwidgets/neurosurface/node_modules/webpack/schemas/plugins/asset/AssetGeneratorOptions.check.d.ts’
Warning in utils::tar(filepath, pkgname, compression = compression, compression_level = 9L,  :
  storing paths of more than 100 bytes is not portable:
  ‘neurosurf/inst/htmlwidgets/neurosurface/node_modules/webpack/schemas/plugins/asset/AssetGeneratorOptions.check.js’
Warning in utils::tar(filepath, pkgname, compression = compression, compression_level = 9L,  :
  storing paths of more than 100 bytes is not portable:
  ‘neurosurf/inst/htmlwidgets/neurosurface/node_modules/webpack/schemas/plugins/asset/AssetGeneratorOptions.json’
Warning in utils::tar(filepath, pkgname, compression = compression, compression_level = 9L,  :
  storing paths of more than 100 bytes is not portable:
  ‘neurosurf/inst/htmlwidgets/neurosurface/node_modules/webpack/schemas/plugins/asset/AssetInlineGeneratorOptions.check.d.ts’
Warning in utils::tar(filepath, pkgname, compression = compression, compression_level = 9L,  :
  storing paths of more than 100 bytes is not portable:
  ‘neurosurf/inst/htmlwidgets/neurosurface/node_modules/webpack/schemas/plugins/asset/AssetInlineGeneratorOptions.check.js’
Warning in utils::tar(filepath, pkgname, compression = compression, compression_level = 9L,  :
  storing paths of more than 100 bytes is not portable:
  ‘neurosurf/inst/htmlwidgets/neurosurface/node_modules/webpack/schemas/plugins/asset/AssetInlineGeneratorOptions.json’
Warning in utils::tar(filepath, pkgname, compression = compression, compression_level = 9L,  :
  storing paths of more than 100 bytes is not portable:
  ‘neurosurf/inst/htmlwidgets/neurosurface/node_modules/webpack/schemas/plugins/asset/AssetParserOptions.check.d.ts’
Warning in utils::tar(filepath, pkgname, compression = compression, compression_level = 9L,  :
  storing paths of more than 100 bytes is not portable:
  ‘neurosurf/inst/htmlwidgets/neurosurface/node_modules/webpack/schemas/plugins/asset/AssetParserOptions.check.js’
Warning in utils::tar(filepath, pkgname, compression = compression, compression_level = 9L,  :
  storing paths of more than 100 bytes is not portable:
  ‘neurosurf/inst/htmlwidgets/neurosurface/node_modules/webpack/schemas/plugins/asset/AssetParserOptions.json’
Warning in utils::tar(filepath, pkgname, compression = compression, compression_level = 9L,  :
  storing paths of more than 100 bytes is not portable:
  ‘neurosurf/inst/htmlwidgets/neurosurface/node_modules/webpack/schemas/plugins/asset/AssetResourceGeneratorOptions.check.d.ts’
Warning in utils::tar(filepath, pkgname, compression = compression, compression_level = 9L,  :
  storing paths of more than 100 bytes is not portable:
  ‘neurosurf/inst/htmlwidgets/neurosurface/node_modules/webpack/schemas/plugins/asset/AssetResourceGeneratorOptions.check.js’
Warning in utils::tar(filepath, pkgname, compression = compression, compression_level = 9L,  :
  storing paths of more than 100 bytes is not portable:
  ‘neurosurf/inst/htmlwidgets/neurosurface/node_modules/webpack/schemas/plugins/asset/AssetResourceGeneratorOptions.json’
Warning in utils::tar(filepath, pkgname, compression = compression, compression_level = 9L,  :
  storing paths of more than 100 bytes is not portable:
  ‘neurosurf/inst/htmlwidgets/neurosurface/node_modules/webpack/schemas/plugins/container/ContainerPlugin.check.d.ts’
Warning in utils::tar(filepath, pkgname, compression = compression, compression_level = 9L,  :
  storing paths of more than 100 bytes is not portable:
  ‘neurosurf/inst/htmlwidgets/neurosurface/node_modules/webpack/schemas/plugins/container/ContainerPlugin.check.js’
Warning in utils::tar(filepath, pkgname, compression = compression, compression_level = 9L,  :
  storing paths of more than 100 bytes is not portable:
  ‘neurosurf/inst/htmlwidgets/neurosurface/node_modules/webpack/schemas/plugins/container/ContainerPlugin.json’
Warning in utils::tar(filepath, pkgname, compression = compression, compression_level = 9L,  :
  storing paths of more than 100 bytes is not portable:
  ‘neurosurf/inst/htmlwidgets/neurosurface/node_modules/webpack/schemas/plugins/container/ContainerReferencePlugin.check.d.ts’
Warning in utils::tar(filepath, pkgname, compression = compression, compression_level = 9L,  :
  storing paths of more than 100 bytes is not portable:
  ‘neurosurf/inst/htmlwidgets/neurosurface/node_modules/webpack/schemas/plugins/container/ContainerReferencePlugin.check.js’
Warning in utils::tar(filepath, pkgname, compression = compression, compression_level = 9L,  :
  storing paths of more than 100 bytes is not portable:
  ‘neurosurf/inst/htmlwidgets/neurosurface/node_modules/webpack/schemas/plugins/container/ContainerReferencePlugin.json’
Warning in utils::tar(filepath, pkgname, compression = compression, compression_level = 9L,  :
  storing paths of more than 100 bytes is not portable:
  ‘neurosurf/inst/htmlwidgets/neurosurface/node_modules/webpack/schemas/plugins/container/ExternalsType.check.d.ts’
Warning in utils::tar(filepath, pkgname, compression = compression, compression_level = 9L,  :
  storing paths of more than 100 bytes is not portable:
  ‘neurosurf/inst/htmlwidgets/neurosurface/node_modules/webpack/schemas/plugins/container/ExternalsType.check.js’
Warning in utils::tar(filepath, pkgname, compression = compression, compression_level = 9L,  :
  storing paths of more than 100 bytes is not portable:
  ‘neurosurf/inst/htmlwidgets/neurosurface/node_modules/webpack/schemas/plugins/container/ExternalsType.json’
Warning in utils::tar(filepath, pkgname, compression = compression, compression_level = 9L,  :
  storing paths of more than 100 bytes is not portable:
  ‘neurosurf/inst/htmlwidgets/neurosurface/node_modules/webpack/schemas/plugins/container/ModuleFederationPlugin.check.d.ts’
Warning in utils::tar(filepath, pkgname, compression = compression, compression_level = 9L,  :
  storing paths of more than 100 bytes is not portable:
  ‘neurosurf/inst/htmlwidgets/neurosurface/node_modules/webpack/schemas/plugins/container/ModuleFederationPlugin.check.js’
Warning in utils::tar(filepath, pkgname, compression = compression, compression_level = 9L,  :
  storing paths of more than 100 bytes is not portable:
  ‘neurosurf/inst/htmlwidgets/neurosurface/node_modules/webpack/schemas/plugins/container/ModuleFederationPlugin.json’
Warning in utils::tar(filepath, pkgname, compression = compression, compression_level = 9L,  :
  storing paths of more than 100 bytes is not portable:
  ‘neurosurf/inst/htmlwidgets/neurosurface/node_modules/webpack/schemas/plugins/css/CssAutoGeneratorOptions.check.d.ts’
Warning in utils::tar(filepath, pkgname, compression = compression, compression_level = 9L,  :
  storing paths of more than 100 bytes is not portable:
  ‘neurosurf/inst/htmlwidgets/neurosurface/node_modules/webpack/schemas/plugins/css/CssAutoGeneratorOptions.check.js’
Warning in utils::tar(filepath, pkgname, compression = compression, compression_level = 9L,  :
  storing paths of more than 100 bytes is not portable:
  ‘neurosurf/inst/htmlwidgets/neurosurface/node_modules/webpack/schemas/plugins/css/CssAutoGeneratorOptions.json’
Warning in utils::tar(filepath, pkgname, compression = compression, compression_level = 9L,  :
  storing paths of more than 100 bytes is not portable:
  ‘neurosurf/inst/htmlwidgets/neurosurface/node_modules/webpack/schemas/plugins/css/CssAutoParserOptions.check.d.ts’
Warning in utils::tar(filepath, pkgname, compression = compression, compression_level = 9L,  :
  storing paths of more than 100 bytes is not portable:
  ‘neurosurf/inst/htmlwidgets/neurosurface/node_modules/webpack/schemas/plugins/css/CssAutoParserOptions.check.js’
Warning in utils::tar(filepath, pkgname, compression = compression, compression_level = 9L,  :
  storing paths of more than 100 bytes is not portable:
  ‘neurosurf/inst/htmlwidgets/neurosurface/node_modules/webpack/schemas/plugins/css/CssAutoParserOptions.json’
Warning in utils::tar(filepath, pkgname, compression = compression, compression_level = 9L,  :
  storing paths of more than 100 bytes is not portable:
  ‘neurosurf/inst/htmlwidgets/neurosurface/node_modules/webpack/schemas/plugins/css/CssGeneratorOptions.check.d.ts’
Warning in utils::tar(filepath, pkgname, compression = compression, compression_level = 9L,  :
  storing paths of more than 100 bytes is not portable:
  ‘neurosurf/inst/htmlwidgets/neurosurface/node_modules/webpack/schemas/plugins/css/CssGeneratorOptions.check.js’
Warning in utils::tar(filepath, pkgname, compression = compression, compression_level = 9L,  :
  storing paths of more than 100 bytes is not portable:
  ‘neurosurf/inst/htmlwidgets/neurosurface/node_modules/webpack/schemas/plugins/css/CssGeneratorOptions.json’
Warning in utils::tar(filepath, pkgname, compression = compression, compression_level = 9L,  :
  storing paths of more than 100 bytes is not portable:
  ‘neurosurf/inst/htmlwidgets/neurosurface/node_modules/webpack/schemas/plugins/css/CssGlobalGeneratorOptions.check.d.ts’
Warning in utils::tar(filepath, pkgname, compression = compression, compression_level = 9L,  :
  storing paths of more than 100 bytes is not portable:
  ‘neurosurf/inst/htmlwidgets/neurosurface/node_modules/webpack/schemas/plugins/css/CssGlobalGeneratorOptions.check.js’
Warning in utils::tar(filepath, pkgname, compression = compression, compression_level = 9L,  :
  storing paths of more than 100 bytes is not portable:
  ‘neurosurf/inst/htmlwidgets/neurosurface/node_modules/webpack/schemas/plugins/css/CssGlobalGeneratorOptions.json’
Warning in utils::tar(filepath, pkgname, compression = compression, compression_level = 9L,  :
  storing paths of more than 100 bytes is not portable:
  ‘neurosurf/inst/htmlwidgets/neurosurface/node_modules/webpack/schemas/plugins/css/CssGlobalParserOptions.check.d.ts’
Warning in utils::tar(filepath, pkgname, compression = compression, compression_level = 9L,  :
  storing paths of more than 100 bytes is not portable:
  ‘neurosurf/inst/htmlwidgets/neurosurface/node_modules/webpack/schemas/plugins/css/CssGlobalParserOptions.check.js’
Warning in utils::tar(filepath, pkgname, compression = compression, compression_level = 9L,  :
  storing paths of more than 100 bytes is not portable:
  ‘neurosurf/inst/htmlwidgets/neurosurface/node_modules/webpack/schemas/plugins/css/CssGlobalParserOptions.json’
Warning in utils::tar(filepath, pkgname, compression = compression, compression_level = 9L,  :
  storing paths of more than 100 bytes is not portable:
  ‘neurosurf/inst/htmlwidgets/neurosurface/node_modules/webpack/schemas/plugins/css/CssModuleGeneratorOptions.check.d.ts’
Warning in utils::tar(filepath, pkgname, compression = compression, compression_level = 9L,  :
  storing paths of more than 100 bytes is not portable:
  ‘neurosurf/inst/htmlwidgets/neurosurface/node_modules/webpack/schemas/plugins/css/CssModuleGeneratorOptions.check.js’
Warning in utils::tar(filepath, pkgname, compression = compression, compression_level = 9L,  :
  storing paths of more than 100 bytes is not portable:
  ‘neurosurf/inst/htmlwidgets/neurosurface/node_modules/webpack/schemas/plugins/css/CssModuleGeneratorOptions.json’
Warning in utils::tar(filepath, pkgname, compression = compression, compression_level = 9L,  :
  storing paths of more than 100 bytes is not portable:
  ‘neurosurf/inst/htmlwidgets/neurosurface/node_modules/webpack/schemas/plugins/css/CssModuleParserOptions.check.d.ts’
Warning in utils::tar(filepath, pkgname, compression = compression, compression_level = 9L,  :
  storing paths of more than 100 bytes is not portable:
  ‘neurosurf/inst/htmlwidgets/neurosurface/node_modules/webpack/schemas/plugins/css/CssModuleParserOptions.check.js’
Warning in utils::tar(filepath, pkgname, compression = compression, compression_level = 9L,  :
  storing paths of more than 100 bytes is not portable:
  ‘neurosurf/inst/htmlwidgets/neurosurface/node_modules/webpack/schemas/plugins/css/CssModuleParserOptions.json’
Warning in utils::tar(filepath, pkgname, compression = compression, compression_level = 9L,  :
  storing paths of more than 100 bytes is not portable:
  ‘neurosurf/inst/htmlwidgets/neurosurface/node_modules/webpack/schemas/plugins/css/CssParserOptions.check.d.ts’
Warning in utils::tar(filepath, pkgname, compression = compression, compression_level = 9L,  :
  storing paths of more than 100 bytes is not portable:
  ‘neurosurf/inst/htmlwidgets/neurosurface/node_modules/webpack/schemas/plugins/css/CssParserOptions.check.js’
Warning in utils::tar(filepath, pkgname, compression = compression, compression_level = 9L,  :
  storing paths of more than 100 bytes is not portable:
  ‘neurosurf/inst/htmlwidgets/neurosurface/node_modules/webpack/schemas/plugins/css/CssParserOptions.json’
Warning in utils::tar(filepath, pkgname, compression = compression, compression_level = 9L,  :
  storing paths of more than 100 bytes is not portable:
  ‘neurosurf/inst/htmlwidgets/neurosurface/node_modules/webpack/schemas/plugins/debug/ProfilingPlugin.check.d.ts’
Warning in utils::tar(filepath, pkgname, compression = compression, compression_level = 9L,  :
  storing paths of more than 100 bytes is not portable:
  ‘neurosurf/inst/htmlwidgets/neurosurface/node_modules/webpack/schemas/plugins/debug/ProfilingPlugin.check.js’
Warning in utils::tar(filepath, pkgname, compression = compression, compression_level = 9L,  :
  storing paths of more than 100 bytes is not portable:
  ‘neurosurf/inst/htmlwidgets/neurosurface/node_modules/webpack/schemas/plugins/debug/ProfilingPlugin.json’
Warning in utils::tar(filepath, pkgname, compression = compression, compression_level = 9L,  :
  storing paths of more than 100 bytes is not portable:
  ‘neurosurf/inst/htmlwidgets/neurosurface/node_modules/webpack/schemas/plugins/ids/OccurrenceChunkIdsPlugin.check.d.ts’
Warning in utils::tar(filepath, pkgname, compression = compression, compression_level = 9L,  :
  storing paths of more than 100 bytes is not portable:
  ‘neurosurf/inst/htmlwidgets/neurosurface/node_modules/webpack/schemas/plugins/ids/OccurrenceChunkIdsPlugin.check.js’
Warning in utils::tar(filepath, pkgname, compression = compression, compression_level = 9L,  :
  storing paths of more than 100 bytes is not portable:
  ‘neurosurf/inst/htmlwidgets/neurosurface/node_modules/webpack/schemas/plugins/ids/OccurrenceChunkIdsPlugin.json’
Warning in utils::tar(filepath, pkgname, compression = compression, compression_level = 9L,  :
  storing paths of more than 100 bytes is not portable:
  ‘neurosurf/inst/htmlwidgets/neurosurface/node_modules/webpack/schemas/plugins/ids/OccurrenceModuleIdsPlugin.check.d.ts’
Warning in utils::tar(filepath, pkgname, compression = compression, compression_level = 9L,  :
  storing paths of more than 100 bytes is not portable:
  ‘neurosurf/inst/htmlwidgets/neurosurface/node_modules/webpack/schemas/plugins/ids/OccurrenceModuleIdsPlugin.check.js’
Warning in utils::tar(filepath, pkgname, compression = compression, compression_level = 9L,  :
  storing paths of more than 100 bytes is not portable:
  ‘neurosurf/inst/htmlwidgets/neurosurface/node_modules/webpack/schemas/plugins/ids/OccurrenceModuleIdsPlugin.json’
Warning in utils::tar(filepath, pkgname, compression = compression, compression_level = 9L,  :
  storing paths of more than 100 bytes is not portable:
  ‘neurosurf/inst/htmlwidgets/neurosurface/node_modules/webpack/schemas/plugins/json/JsonModulesPluginGenerator.check.d.ts’
Warning in utils::tar(filepath, pkgname, compression = compression, compression_level = 9L,  :
  storing paths of more than 100 bytes is not portable:
  ‘neurosurf/inst/htmlwidgets/neurosurface/node_modules/webpack/schemas/plugins/json/JsonModulesPluginGenerator.check.js’
Warning in utils::tar(filepath, pkgname, compression = compression, compression_level = 9L,  :
  storing paths of more than 100 bytes is not portable:
  ‘neurosurf/inst/htmlwidgets/neurosurface/node_modules/webpack/schemas/plugins/json/JsonModulesPluginGenerator.json’
Warning in utils::tar(filepath, pkgname, compression = compression, compression_level = 9L,  :
  storing paths of more than 100 bytes is not portable:
  ‘neurosurf/inst/htmlwidgets/neurosurface/node_modules/webpack/schemas/plugins/json/JsonModulesPluginParser.check.d.ts’
Warning in utils::tar(filepath, pkgname, compression = compression, compression_level = 9L,  :
  storing paths of more than 100 bytes is not portable:
  ‘neurosurf/inst/htmlwidgets/neurosurface/node_modules/webpack/schemas/plugins/json/JsonModulesPluginParser.check.js’
Warning in utils::tar(filepath, pkgname, compression = compression, compression_level = 9L,  :
  storing paths of more than 100 bytes is not portable:
  ‘neurosurf/inst/htmlwidgets/neurosurface/node_modules/webpack/schemas/plugins/json/JsonModulesPluginParser.json’
Warning in utils::tar(filepath, pkgname, compression = compression, compression_level = 9L,  :
  storing paths of more than 100 bytes is not portable:
  ‘neurosurf/inst/htmlwidgets/neurosurface/node_modules/webpack/schemas/plugins/optimize/AggressiveSplittingPlugin.check.d.ts’
Warning in utils::tar(filepath, pkgname, compression = compression, compression_level = 9L,  :
  storing paths of more than 100 bytes is not portable:
  ‘neurosurf/inst/htmlwidgets/neurosurface/node_modules/webpack/schemas/plugins/optimize/AggressiveSplittingPlugin.check.js’
Warning in utils::tar(filepath, pkgname, compression = compression, compression_level = 9L,  :
  storing paths of more than 100 bytes is not portable:
  ‘neurosurf/inst/htmlwidgets/neurosurface/node_modules/webpack/schemas/plugins/optimize/AggressiveSplittingPlugin.json’
Warning in utils::tar(filepath, pkgname, compression = compression, compression_level = 9L,  :
  storing paths of more than 100 bytes is not portable:
  ‘neurosurf/inst/htmlwidgets/neurosurface/node_modules/webpack/schemas/plugins/optimize/LimitChunkCountPlugin.check.d.ts’
Warning in utils::tar(filepath, pkgname, compression = compression, compression_level = 9L,  :
  storing paths of more than 100 bytes is not portable:
  ‘neurosurf/inst/htmlwidgets/neurosurface/node_modules/webpack/schemas/plugins/optimize/LimitChunkCountPlugin.check.js’
Warning in utils::tar(filepath, pkgname, compression = compression, compression_level = 9L,  :
  storing paths of more than 100 bytes is not portable:
  ‘neurosurf/inst/htmlwidgets/neurosurface/node_modules/webpack/schemas/plugins/optimize/LimitChunkCountPlugin.json’
Warning in utils::tar(filepath, pkgname, compression = compression, compression_level = 9L,  :
  storing paths of more than 100 bytes is not portable:
  ‘neurosurf/inst/htmlwidgets/neurosurface/node_modules/webpack/schemas/plugins/optimize/MergeDuplicateChunksPlugin.check.d.ts’
Warning in utils::tar(filepath, pkgname, compression = compression, compression_level = 9L,  :
  storing paths of more than 100 bytes is not portable:
  ‘neurosurf/inst/htmlwidgets/neurosurface/node_modules/webpack/schemas/plugins/optimize/MergeDuplicateChunksPlugin.check.js’
Warning in utils::tar(filepath, pkgname, compression = compression, compression_level = 9L,  :
  storing paths of more than 100 bytes is not portable:
  ‘neurosurf/inst/htmlwidgets/neurosurface/node_modules/webpack/schemas/plugins/optimize/MergeDuplicateChunksPlugin.json’
Warning in utils::tar(filepath, pkgname, compression = compression, compression_level = 9L,  :
  storing paths of more than 100 bytes is not portable:
  ‘neurosurf/inst/htmlwidgets/neurosurface/node_modules/webpack/schemas/plugins/optimize/MinChunkSizePlugin.check.d.ts’
Warning in utils::tar(filepath, pkgname, compression = compression, compression_level = 9L,  :
  storing paths of more than 100 bytes is not portable:
  ‘neurosurf/inst/htmlwidgets/neurosurface/node_modules/webpack/schemas/plugins/optimize/MinChunkSizePlugin.check.js’
Warning in utils::tar(filepath, pkgname, compression = compression, compression_level = 9L,  :
  storing paths of more than 100 bytes is not portable:
  ‘neurosurf/inst/htmlwidgets/neurosurface/node_modules/webpack/schemas/plugins/optimize/MinChunkSizePlugin.json’
Warning in utils::tar(filepath, pkgname, compression = compression, compression_level = 9L,  :
  storing paths of more than 100 bytes is not portable:
  ‘neurosurf/inst/htmlwidgets/neurosurface/node_modules/webpack/schemas/plugins/schemes/HttpUriPlugin.check.d.ts’
Warning in utils::tar(filepath, pkgname, compression = compression, compression_level = 9L,  :
  storing paths of more than 100 bytes is not portable:
  ‘neurosurf/inst/htmlwidgets/neurosurface/node_modules/webpack/schemas/plugins/schemes/HttpUriPlugin.check.js’
Warning in utils::tar(filepath, pkgname, compression = compression, compression_level = 9L,  :
  storing paths of more than 100 bytes is not portable:
  ‘neurosurf/inst/htmlwidgets/neurosurface/node_modules/webpack/schemas/plugins/schemes/HttpUriPlugin.json’
Warning in utils::tar(filepath, pkgname, compression = compression, compression_level = 9L,  :
  storing paths of more than 100 bytes is not portable:
  ‘neurosurf/inst/htmlwidgets/neurosurface/node_modules/webpack/schemas/plugins/sharing/ConsumeSharedPlugin.check.d.ts’
Warning in utils::tar(filepath, pkgname, compression = compression, compression_level = 9L,  :
  storing paths of more than 100 bytes is not portable:
  ‘neurosurf/inst/htmlwidgets/neurosurface/node_modules/webpack/schemas/plugins/sharing/ConsumeSharedPlugin.check.js’
Warning in utils::tar(filepath, pkgname, compression = compression, compression_level = 9L,  :
  storing paths of more than 100 bytes is not portable:
  ‘neurosurf/inst/htmlwidgets/neurosurface/node_modules/webpack/schemas/plugins/sharing/ConsumeSharedPlugin.json’
Warning in utils::tar(filepath, pkgname, compression = compression, compression_level = 9L,  :
  storing paths of more than 100 bytes is not portable:
  ‘neurosurf/inst/htmlwidgets/neurosurface/node_modules/webpack/schemas/plugins/sharing/ProvideSharedPlugin.check.d.ts’
Warning in utils::tar(filepath, pkgname, compression = compression, compression_level = 9L,  :
  storing paths of more than 100 bytes is not portable:
  ‘neurosurf/inst/htmlwidgets/neurosurface/node_modules/webpack/schemas/plugins/sharing/ProvideSharedPlugin.check.js’
Warning in utils::tar(filepath, pkgname, compression = compression, compression_level = 9L,  :
  storing paths of more than 100 bytes is not portable:
  ‘neurosurf/inst/htmlwidgets/neurosurface/node_modules/webpack/schemas/plugins/sharing/ProvideSharedPlugin.json’
Warning in utils::tar(filepath, pkgname, compression = compression, compression_level = 9L,  :
  storing paths of more than 100 bytes is not portable:
  ‘neurosurf/inst/htmlwidgets/neurosurface/node_modules/webpack/schemas/plugins/sharing/SharePlugin.check.d.ts’
Warning in utils::tar(filepath, pkgname, compression = compression, compression_level = 9L,  :
  storing paths of more than 100 bytes is not portable:
  ‘neurosurf/inst/htmlwidgets/neurosurface/node_modules/webpack/schemas/plugins/sharing/SharePlugin.check.js’
Warning in utils::tar(filepath, pkgname, compression = compression, compression_level = 9L,  :
  storing paths of more than 100 bytes is not portable:
  ‘neurosurf/inst/htmlwidgets/neurosurface/node_modules/webpack/schemas/plugins/sharing/SharePlugin.json’

══ Checking ════════════════════════════════════════════════════════════════════
Setting env vars:
• _R_CHECK_CRAN_INCOMING_REMOTE_               : FALSE
• _R_CHECK_CRAN_INCOMING_                      : FALSE
• _R_CHECK_FORCE_SUGGESTS_                     : FALSE
• _R_CHECK_PACKAGES_USED_IGNORE_UNUSED_IMPORTS_: FALSE
• NOT_CRAN                                     : true
── R CMD check ─────────────────────────────────────────────────────────────────
* using log directory ‘/private/var/folders/9h/nkjq6vss7mqdl4ck7q1hd8ph0000gp/T/RtmpCeAB3h/file12704e0e1d16/neurosurf.Rcheck’
* using R version 4.3.2 (2023-10-31)
* using platform: aarch64-apple-darwin20 (64-bit)
* R was compiled by
    Apple clang version 14.0.0 (clang-1400.0.29.202)
    GNU Fortran (GCC) 12.2.0
* running under: macOS Sonoma 14.3
* using session charset: UTF-8
* using options ‘--no-manual --as-cran’
* checking for file ‘neurosurf/DESCRIPTION’ ... OK
* checking extension type ... Package
* this is package ‘neurosurf’ version ‘0.1.0’
* package encoding: UTF-8
* checking package namespace information ... OK
* checking package dependencies ... OK
* checking if this is a source package ... NOTE
Found the following apparent object files/libraries:
  inst/htmlwidgets/neurosurface/node_modules/fsevents/build/Release/obj.target/fse/fsevents.o
Object files/libraries should not be included in a source package.
* checking if there is a namespace ... OK
* checking for executable files ... OK
* checking for hidden files and directories ... NOTE
Found the following hidden files and directories:
  inst/htmlwidgets/neurosurface/node_modules/.package-lock.json
  inst/htmlwidgets/neurosurface/node_modules/@xtuc/ieee754/dist/.gitkeep
  inst/htmlwidgets/neurosurface/node_modules/ajv/.runkit_example.js
  inst/htmlwidgets/neurosurface/node_modules/archy/.travis.yml
  inst/htmlwidgets/neurosurface/node_modules/array-initial/.jshintrc
  inst/htmlwidgets/neurosurface/node_modules/array-initial/.npmignore
  inst/htmlwidgets/neurosurface/node_modules/array-initial/.travis.yml
  inst/htmlwidgets/neurosurface/node_modules/buffer-equal/.eslintrc
  inst/htmlwidgets/neurosurface/node_modules/call-bind/.eslintignore
  inst/htmlwidgets/neurosurface/node_modules/call-bind/.eslintrc
  inst/htmlwidgets/neurosurface/node_modules/call-bind/.nycrc
  inst/htmlwidgets/neurosurface/node_modules/class-utils/node_modules/is-descriptor/.editorconfig
  inst/htmlwidgets/neurosurface/node_modules/class-utils/node_modules/is-descriptor/.eslintrc
  inst/htmlwidgets/neurosurface/node_modules/class-utils/node_modules/is-descriptor/.nycrc
  inst/htmlwidgets/neurosurface/node_modules/clone/.npmignore
  inst/htmlwidgets/neurosurface/node_modules/cloneable-readable/.travis.yml
  inst/htmlwidgets/neurosurface/node_modules/color-name/.eslintrc.json
  inst/htmlwidgets/neurosurface/node_modules/color-name/.npmignore
  inst/htmlwidgets/neurosurface/node_modules/colormap/.travis.yml
  inst/htmlwidgets/neurosurface/node_modules/concat-map/.travis.yml
  inst/htmlwidgets/neurosurface/node_modules/deepmerge/.editorconfig
  inst/htmlwidgets/neurosurface/node_modules/deepmerge/.eslintcache
  inst/htmlwidgets/neurosurface/node_modules/define-data-property/.eslintrc
  inst/htmlwidgets/neurosurface/node_modules/define-data-property/.nycrc
  inst/htmlwidgets/neurosurface/node_modules/define-properties/.editorconfig
  inst/htmlwidgets/neurosurface/node_modules/define-properties/.eslintrc
  inst/htmlwidgets/neurosurface/node_modules/define-properties/.nycrc
  inst/htmlwidgets/neurosurface/node_modules/duplexify/.travis.yml
  inst/htmlwidgets/neurosurface/node_modules/es-define-property/.eslintrc
  inst/htmlwidgets/neurosurface/node_modules/es-define-property/.nycrc
  inst/htmlwidgets/neurosurface/node_modules/es-errors/.eslintrc
  inst/htmlwidgets/neurosurface/node_modules/es5-ext/promise/.eslintrc.json
  inst/htmlwidgets/neurosurface/node_modules/es6-iterator/.editorconfig
  inst/htmlwidgets/neurosurface/node_modules/es6-iterator/.npmignore
  inst/htmlwidgets/neurosurface/node_modules/es6-iterator/test/.eslintrc.json
  inst/htmlwidgets/neurosurface/node_modules/es6-symbol/.testignore
  inst/htmlwidgets/neurosurface/node_modules/es6-weak-map/.editorconfig
  inst/htmlwidgets/neurosurface/node_modules/esniff/.prettierignore
  inst/htmlwidgets/neurosurface/node_modules/esniff/.testignore
  inst/htmlwidgets/neurosurface/node_modules/esrecurse/.babelrc
  inst/htmlwidgets/neurosurface/node_modules/esrecurse/node_modules/estraverse/.jshintrc
  inst/htmlwidgets/neurosurface/node_modules/estraverse/.jshintrc
  inst/htmlwidgets/neurosurface/node_modules/event-emitter/.lint
  inst/htmlwidgets/neurosurface/node_modules/event-emitter/.npmignore
  inst/htmlwidgets/neurosurface/node_modules/event-emitter/.testignore
  inst/htmlwidgets/neurosurface/node_modules/event-emitter/.travis.yml
  inst/htmlwidgets/neurosurface/node_modules/events/.airtap.yml
  inst/htmlwidgets/neurosurface/node_modules/events/.travis.yml
  inst/htmlwidgets/neurosurface/node_modules/expand-brackets/node_modules/debug/.coveralls.yml
  inst/htmlwidgets/neurosurface/node_modules/expand-brackets/node_modules/debug/.eslintrc
  inst/htmlwidgets/neurosurface/node_modules/expand-brackets/node_modules/debug/.npmignore
  inst/htmlwidgets/neurosurface/node_modules/expand-brackets/node_modules/debug/.travis.yml
  inst/htmlwidgets/neurosurface/node_modules/expand-brackets/node_modules/is-descriptor/.editorconfig
  inst/htmlwidgets/neurosurface/node_modules/expand-brackets/node_modules/is-descriptor/.eslintrc
  inst/htmlwidgets/neurosurface/node_modules/expand-brackets/node_modules/is-descriptor/.nycrc
  inst/htmlwidgets/neurosurface/node_modules/extend/.editorconfig
  inst/htmlwidgets/neurosurface/node_modules/extend/.eslintrc
  inst/htmlwidgets/neurosurface/node_modules/extend/.jscs.json
  inst/htmlwidgets/neurosurface/node_modules/extend/.travis.yml
  inst/htmlwidgets/neurosurface/node_modules/fast-uri/.github/.stale.yml
  inst/htmlwidgets/neurosurface/node_modules/fast-uri/test/.gitkeep
  inst/htmlwidgets/neurosurface/node_modules/fastest-levenshtein/.eslintrc.json
  inst/htmlwidgets/neurosurface/node_modules/fastest-levenshtein/.prettierrc
  inst/htmlwidgets/neurosurface/node_modules/fastest-levenshtein/.travis.yml
  inst/htmlwidgets/neurosurface/node_modules/file-uri-to-path/.npmignore
  inst/htmlwidgets/neurosurface/node_modules/file-uri-to-path/.travis.yml
  inst/htmlwidgets/neurosurface/node_modules/flat/.travis.yml
  inst/htmlwidgets/neurosurface/node_modules/flush-write-stream/.travis.yml
  inst/htmlwidgets/neurosurface/node_modules/fsevents/.travis.yml
  inst/htmlwidgets/neurosurface/node_modules/fsevents/build/.target.mk
  inst/htmlwidgets/neurosurface/node_modules/fsevents/build/Release/.deps/Release/.node.d
  inst/htmlwidgets/neurosurface/node_modules/fsevents/build/Release/.node
  inst/htmlwidgets/neurosurface/node_modules/function-bind/.eslintrc
  inst/htmlwidgets/neurosurface/node_modules/function-bind/.nycrc
  inst/htmlwidgets/neurosurface/node_modules/function-bind/test/.eslintrc
  inst/htmlwidgets/neurosurface/node_modules/get-intrinsic/.eslintrc
  inst/htmlwidgets/neurosurface/node_modules/get-intrinsic/.nycrc
  inst/htmlwidgets/neurosurface/node_modules/glob-to-regexp/.travis.yml
  inst/htmlwidgets/neurosurface/node_modules/gopd/.eslintrc
  inst/htmlwidgets/neurosurface/node_modules/has-property-descriptors/.eslintrc
  inst/htmlwidgets/neurosurface/node_modules/has-property-descriptors/.nycrc
  inst/htmlwidgets/neurosurface/node_modules/has-proto/.eslintrc
  inst/htmlwidgets/neurosurface/node_modules/has-symbols/.eslintrc
  inst/htmlwidgets/neurosurface/node_modules/has-symbols/.nycrc
  inst/htmlwidgets/neurosurface/node_modules/hasown/.eslintrc
  inst/htmlwidgets/neurosurface/node_modules/hasown/.nycrc
  inst/htmlwidgets/neurosurface/node_modules/is-accessor-descriptor/.editorconfig
  inst/htmlwidgets/neurosurface/node_modules/is-accessor-descriptor/.eslintrc
  inst/htmlwidgets/neurosurface/node_modules/is-accessor-descriptor/.nycrc
  inst/htmlwidgets/neurosurface/node_modules/is-arrayish/.editorconfig
  inst/htmlwidgets/neurosurface/node_modules/is-arrayish/.istanbul.yml
  inst/htmlwidgets/neurosurface/node_modules/is-arrayish/.npmignore
  inst/htmlwidgets/neurosurface/node_modules/is-arrayish/.travis.yml
  inst/htmlwidgets/neurosurface/node_modules/is-core-module/.eslintrc
  inst/htmlwidgets/neurosurface/node_modules/is-core-module/.nycrc
  inst/htmlwidgets/neurosurface/node_modules/is-data-descriptor/.editorconfig
  inst/htmlwidgets/neurosurface/node_modules/is-data-descriptor/.eslintrc
  inst/htmlwidgets/neurosurface/node_modules/is-data-descriptor/.nycrc
  inst/htmlwidgets/neurosurface/node_modules/is-descriptor/.editorconfig
  inst/htmlwidgets/neurosurface/node_modules/is-descriptor/.eslintrc
  inst/htmlwidgets/neurosurface/node_modules/is-descriptor/.nycrc
  inst/htmlwidgets/neurosurface/node_modules/is-module/.npmignore
  inst/htmlwidgets/neurosurface/node_modules/isarray/.npmignore
  inst/htmlwidgets/neurosurface/node_modules/isarray/.travis.yml
  inst/htmlwidgets/neurosurface/node_modules/isexe/.npmignore
  inst/htmlwidgets/neurosurface/node_modules/json-schema-traverse/.eslintrc.yml
  inst/htmlwidgets/neurosurface/node_modules/json-schema-traverse/spec/.eslintrc.yml
  inst/htmlwidgets/neurosurface/node_modules/json-stable-stringify-without-jsonify/.npmignore
  inst/htmlwidgets/neurosurface/node_modules/json-stable-stringify-without-jsonify/.travis.yml
  inst/htmlwidgets/neurosurface/node_modules/just-debounce/.eslintrc
  inst/htmlwidgets/neurosurface/node_modules/just-debounce/.travis.yml
  inst/htmlwidgets/neurosurface/node_modules/lerp/.npmignore
  inst/htmlwidgets/neurosurface/node_modules/lerp/.travis.yml
  inst/htmlwidgets/neurosurface/node_modules/liftoff/node_modules/rechoir/.npmignore
  inst/htmlwidgets/neurosurface/node_modules/liftoff/node_modules/rechoir/.travis.yml
  inst/htmlwidgets/neurosurface/node_modules/matchdep/.jshintrc
  inst/htmlwidgets/neurosurface/node_modules/matchdep/.npmignore
  inst/htmlwidgets/neurosurface/node_modules/matchdep/.travis.yml
  inst/htmlwidgets/neurosurface/node_modules/next-tick/.editorconfig
  inst/htmlwidgets/neurosurface/node_modules/next-tick/.lint
  inst/htmlwidgets/neurosurface/node_modules/object-copy/node_modules/is-descriptor/.editorconfig
  inst/htmlwidgets/neurosurface/node_modules/object-copy/node_modules/is-descriptor/.eslintrc
  inst/htmlwidgets/neurosurface/node_modules/object-copy/node_modules/is-descriptor/.nycrc
  inst/htmlwidgets/neurosurface/node_modules/object-keys/.editorconfig
  inst/htmlwidgets/neurosurface/node_modules/object-keys/.eslintrc
  inst/htmlwidgets/neurosurface/node_modules/object-keys/.travis.yml
  inst/htmlwidgets/neurosurface/node_modules/object.assign/.editorconfig
  inst/htmlwidgets/neurosurface/node_modules/object.assign/.eslintrc
  inst/htmlwidgets/neurosurface/node_modules/object.assign/.nycrc
  inst/htmlwidgets/neurosurface/node_modules/pretty-hrtime/.jshintignore
  inst/htmlwidgets/neurosurface/node_modules/pretty-hrtime/.npmignore
  inst/htmlwidgets/neurosurface/node_modules/pump/.travis.yml
  inst/htmlwidgets/neurosurface/node_modules/pumpify/.travis.yml
  inst/htmlwidgets/neurosurface/node_modules/randombytes/.travis.yml
  inst/htmlwidgets/neurosurface/node_modules/randombytes/.zuul.yml
  inst/htmlwidgets/neurosurface/node_modules/readable-stream/.travis.yml
  inst/htmlwidgets/neurosurface/node_modules/require-directory/.jshintrc
  inst/htmlwidgets/neurosurface/node_modules/require-directory/.npmignore
  inst/htmlwidgets/neurosurface/node_modules/require-directory/.travis.yml
  inst/htmlwidgets/neurosurface/node_modules/require-main-filename/.npmignore
  inst/htmlwidgets/neurosurface/node_modules/require-main-filename/.travis.yml
  inst/htmlwidgets/neurosurface/node_modules/resolve-url/.jshintrc
  inst/htmlwidgets/neurosurface/node_modules/resolve/.editorconfig
  inst/htmlwidgets/neurosurface/node_modules/resolve/.eslintrc
  inst/htmlwidgets/neurosurface/node_modules/resolve/test/resolver/symlinked/_/symlink_target/.gitkeep
  inst/htmlwidgets/neurosurface/node_modules/safe-regex/.travis.yml
  inst/htmlwidgets/neurosurface/node_modules/set-function-length/.eslintrc
  inst/htmlwidgets/neurosurface/node_modules/set-function-length/.nycrc
  inst/htmlwidgets/neurosurface/node_modules/snapdragon/node_modules/debug/.coveralls.yml
  inst/htmlwidgets/neurosurface/node_modules/snapdragon/node_modules/debug/.eslintrc
  inst/htmlwidgets/neurosurface/node_modules/snapdragon/node_modules/debug/.npmignore
  inst/htmlwidgets/neurosurface/node_modules/snapdragon/node_modules/debug/.travis.yml
  inst/htmlwidgets/neurosurface/node_modules/snapdragon/node_modules/is-descriptor/.editorconfig
  inst/htmlwidgets/neurosurface/node_modules/snapdragon/node_modules/is-descriptor/.eslintrc
  inst/htmlwidgets/neurosurface/node_modules/snapdragon/node_modules/is-descriptor/.nycrc
  inst/htmlwidgets/neurosurface/node_modules/stack-trace/.npmignore
  inst/htmlwidgets/neurosurface/node_modules/static-extend/node_modules/is-descriptor/.editorconfig
  inst/htmlwidgets/neurosurface/node_modules/static-extend/node_modules/is-descriptor/.eslintrc
  inst/htmlwidgets/neurosurface/node_modules/static-extend/node_modules/is-descriptor/.nycrc
  inst/htmlwidgets/neurosurface/node_modules/string_decoder/.travis.yml
  inst/htmlwidgets/neurosurface/node_modules/supports-preserve-symlinks-flag/.eslintrc
  inst/htmlwidgets/neurosurface/node_modules/supports-preserve-symlinks-flag/.nycrc
  inst/htmlwidgets/neurosurface/node_modules/sver-compat/.npmignore
  inst/htmlwidgets/neurosurface/node_modules/sver-compat/.travis.yml
  inst/htmlwidgets/neurosurface/node_modules/terser/dist/.gitkeep
  inst/htmlwidgets/neurosurface/node_modules/typedarray/.travis.yml
  inst/htmlwidgets/neurosurface/node_modules/urix/.jshintrc
  inst/htmlwidgets/neurosurface/node_modules/xtend/.jshintrc
  .claude
  inst/htmlwidgets/neurosurface/node_modules/.bin
  inst/htmlwidgets/neurosurface/node_modules/balanced-match/.github
  inst/htmlwidgets/neurosurface/node_modules/buffer-equal/.github
  inst/htmlwidgets/neurosurface/node_modules/call-bind/.github
  inst/htmlwidgets/neurosurface/node_modules/class-utils/node_modules/is-descriptor/.github
  inst/htmlwidgets/neurosurface/node_modules/define-data-property/.github
  inst/htmlwidgets/neurosurface/node_modules/define-properties/.github
  inst/htmlwidgets/neurosurface/node_modules/es-define-property/.github
  inst/htmlwidgets/neurosurface/node_modules/es-errors/.github
  inst/htmlwidgets/neurosurface/node_modules/events/.github
  inst/htmlwidgets/neurosurface/node_modules/expand-brackets/node_modules/is-descriptor/.github
  inst/htmlwidgets/neurosurface/node_modules/fast-uri/.github
  inst/htmlwidgets/neurosurface/node_modules/fsevents/build/Release/.deps
  inst/htmlwidgets/neurosurface/node_modules/function-bind/.github
  inst/htmlwidgets/neurosurface/node_modules/get-intrinsic/.github
  inst/htmlwidgets/neurosurface/node_modules/global-prefix/node_modules/.bin
  inst/htmlwidgets/neurosurface/node_modules/gopd/.github
  inst/htmlwidgets/neurosurface/node_modules/has-property-descriptors/.github
  inst/htmlwidgets/neurosurface/node_modules/has-proto/.github
  inst/htmlwidgets/neurosurface/node_modules/has-symbols/.github
  inst/htmlwidgets/neurosurface/node_modules/hasown/.github
  inst/htmlwidgets/neurosurface/node_modules/is-accessor-descriptor/.github
  inst/htmlwidgets/neurosurface/node_modules/is-data-descriptor/.github
  inst/htmlwidgets/neurosurface/node_modules/is-descriptor/.github
  inst/htmlwidgets/neurosurface/node_modules/json-schema-traverse/.github
  inst/htmlwidgets/neurosurface/node_modules/next-tick/.github
  inst/htmlwidgets/neurosurface/node_modules/normalize-package-data/node_modules/.bin
  inst/htmlwidgets/neurosurface/node_modules/object-copy/node_modules/is-descriptor/.github
  inst/htmlwidgets/neurosurface/node_modules/object.assign/.github
  inst/htmlwidgets/neurosurface/node_modules/resolve/.github
  inst/htmlwidgets/neurosurface/node_modules/serialize-javascript/.vscode
  inst/htmlwidgets/neurosurface/node_modules/set-function-length/.github
  inst/htmlwidgets/neurosurface/node_modules/snapdragon/node_modules/is-descriptor/.github
  inst/htmlwidgets/neurosurface/node_modules/static-extend/node_modules/is-descriptor/.github
  inst/htmlwidgets/neurosurface/node_modules/stream-shift/.github
  inst/htmlwidgets/neurosurface/node_modules/supports-preserve-symlinks-flag/.github
  inst/htmlwidgets/neurosurface/node_modules/wildcard/.github
These were most likely included in error. See section ‘Package
structure’ in the ‘Writing R Extensions’ manual.
* checking for portable file names ... NOTE
Found the following non-portable file paths:
  neurosurf/inst/htmlwidgets/neurosurface/node_modules/@babel/helper-validator-identifier/lib/identifier.js
  neurosurf/inst/htmlwidgets/neurosurface/node_modules/@babel/helper-validator-identifier/lib/identifier.js.map
  neurosurf/inst/htmlwidgets/neurosurface/node_modules/@babel/helper-validator-identifier/lib/index.js.map
  neurosurf/inst/htmlwidgets/neurosurface/node_modules/@babel/helper-validator-identifier/lib/keyword.js
  neurosurf/inst/htmlwidgets/neurosurface/node_modules/@babel/helper-validator-identifier/lib/keyword.js.map
  neurosurf/inst/htmlwidgets/neurosurface/node_modules/@babel/helper-validator-identifier/scripts/generate-identifier-regex.js
  neurosurf/inst/htmlwidgets/neurosurface/node_modules/@jridgewell/gen-mapping/dist/gen-mapping.mjs.map
  neurosurf/inst/htmlwidgets/neurosurface/node_modules/@jridgewell/gen-mapping/dist/gen-mapping.umd.js.map
  neurosurf/inst/htmlwidgets/neurosurface/node_modules/@jridgewell/gen-mapping/dist/types/gen-mapping.d.ts
  neurosurf/inst/htmlwidgets/neurosurface/node_modules/@jridgewell/gen-mapping/dist/types/sourcemap-segment.d.ts
  neurosurf/inst/htmlwidgets/neurosurface/node_modules/@jridgewell/resolve-uri/dist/resolve-uri.mjs.map
  neurosurf/inst/htmlwidgets/neurosurface/node_modules/@jridgewell/resolve-uri/dist/resolve-uri.umd.js.map
  neurosurf/inst/htmlwidgets/neurosurface/node_modules/@jridgewell/resolve-uri/dist/types/resolve-uri.d.ts
  neurosurf/inst/htmlwidgets/neurosurface/node_modules/@jridgewell/source-map/dist/source-map.umd.js.map
  neurosurf/inst/htmlwidgets/neurosurface/node_modules/@jridgewell/source-map/dist/types/source-map.d.ts
  neurosurf/inst/htmlwidgets/neurosurface/node_modules/@jridgewell/sourcemap-codec/dist/sourcemap-codec.mjs
  neurosurf/inst/htmlwidgets/neurosurface/node_modules/@jridgewell/sourcemap-codec/dist/sourcemap-codec.mjs.map
  neurosurf/inst/htmlwidgets/neurosurface/node_modules/@jridgewell/sourcemap-codec/dist/sourcemap-codec.umd.js
  neurosurf/inst/htmlwidgets/neurosurface/node_modules/@jridgewell/sourcemap-codec/dist/sourcemap-codec.umd.js.map
  neurosurf/inst/htmlwidgets/neurosurface/node_modules/@jridgewell/sourcemap-codec/dist/types/scopes.d.ts
  neurosurf/inst/htmlwidgets/neurosurface/node_modules/@jridgewell/sourcemap-codec/dist/types/sourcemap-codec.d.ts
  neurosurf/inst/htmlwidgets/neurosurface/node_modules/@jridgewell/sourcemap-codec/dist/types/strings.d.ts
  neurosurf/inst/htmlwidgets/neurosurface/node_modules/@jridgewell/trace-mapping/dist/trace-mapping.mjs
  neurosurf/inst/htmlwidgets/neurosurface/node_modules/@jridgewell/trace-mapping/dist/trace-mapping.mjs.map
  neurosurf/inst/htmlwidgets/neurosurface/node_modules/@jridgewell/trace-mapping/dist/trace-mapping.umd.js
  neurosurf/inst/htmlwidgets/neurosurface/node_modules/@jridgewell/trace-mapping/dist/trace-mapping.umd.js.map
  neurosurf/inst/htmlwidgets/neurosurface/node_modules/@jridgewell/trace-mapping/dist/types/any-map.d.ts
  neurosurf/inst/htmlwidgets/neurosurface/node_modules/@jridgewell/trace-mapping/dist/types/binary-search.d.ts
  neurosurf/inst/htmlwidgets/neurosurface/node_modules/@jridgewell/trace-mapping/dist/types/by-source.d.ts
  neurosurf/inst/htmlwidgets/neurosurface/node_modules/@jridgewell/trace-mapping/dist/types/resolve.d.ts
  neurosurf/inst/htmlwidgets/neurosurface/node_modules/@jridgewell/trace-mapping/dist/types/sourcemap-segment.d.ts
  neurosurf/inst/htmlwidgets/neurosurface/node_modules/@jridgewell/trace-mapping/dist/types/strip-filename.d.ts
  neurosurf/inst/htmlwidgets/neurosurface/node_modules/@jridgewell/trace-mapping/dist/types/trace-mapping.d.ts
  neurosurf/inst/htmlwidgets/neurosurface/node_modules/@rollup/plugin-node-resolve/dist/es/package.json
  neurosurf/inst/htmlwidgets/neurosurface/node_modules/@rollup/pluginutils/node_modules/@types/estree/LICENSE
  neurosurf/inst/htmlwidgets/neurosurface/node_modules/@rollup/pluginutils/node_modules/@types/estree/README.md
  neurosurf/inst/htmlwidgets/neurosurface/node_modules/@rollup/pluginutils/node_modules/@types/estree/index.d.ts
  neurosurf/inst/htmlwidgets/neurosurface/node_modules/@rollup/pluginutils/node_modules/@types/estree/package.json
  neurosurf/inst/htmlwidgets/neurosurface/node_modules/@rollup/pluginutils/node_modules/estree-walker/CHANGELOG.md
  neurosurf/inst/htmlwidgets/neurosurface/node_modules/@rollup/pluginutils/node_modules/estree-walker/README.md
  neurosurf/inst/htmlwidgets/neurosurface/node_modules/@rollup/pluginutils/node_modules/estree-walker/dist/estree-walker.umd.js
  neurosurf/inst/htmlwidgets/neurosurface/node_modules/@rollup/pluginutils/node_modules/estree-walker/dist/estree-walker.umd.js.map
  neurosurf/inst/htmlwidgets/neurosurface/node_modules/@rollup/pluginutils/node_modules/estree-walker/package.json
  neurosurf/inst/htmlwidgets/neurosurface/node_modules/@rollup/pluginutils/node_modules/estree-walker/src/estree-walker.js
  neurosurf/inst/htmlwidgets/neurosurface/node_modules/@rollup/pluginutils/node_modules/estree-walker/src/index.ts
  neurosurf/inst/htmlwidgets/neurosurface/node_modules/@rollup/pluginutils/node_modules/estree-walker/types/index.d.ts
  neurosurf/inst/htmlwidgets/neurosurface/node_modules/@tweakpane/plugin-essentials/dist/tweakpane-plugin-essentials.js
  neurosurf/inst/htmlwidgets/neurosurface/node_modules/@tweakpane/plugin-essentials/dist/tweakpane-plugin-essentials.min.js
  neurosurf/inst/htmlwidgets/neurosurface/node_modules/@tweakpane/plugin-essentials/dist/types/button-grid/api/button-cell.d.ts
  neurosurf/inst/htmlwidgets/neurosurface/node_modules/@tweakpane/plugin-essentials/dist/types/button-grid/api/button-grid.d.ts
  neurosurf/inst/htmlwidgets/neurosurface/node_modules/@tweakpane/plugin-essentials/dist/types/button-grid/api/tp-button-grid-event.d.ts
  neurosurf/inst/htmlwidgets/neurosurface/node_modules/@tweakpane/plugin-essentials/dist/types/button-grid/controller/button-grid-blade.d.ts
  neurosurf/inst/htmlwidgets/neurosurface/node_modules/@tweakpane/plugin-essentials/dist/types/button-grid/controller/button-grid.d.ts
  neurosurf/inst/htmlwidgets/neurosurface/node_modules/@tweakpane/plugin-essentials/dist/types/button-grid/plugin.d.ts
  neurosurf/inst/htmlwidgets/neurosurface/node_modules/@tweakpane/plugin-essentials/dist/types/cubic-bezier/api/cubic-bezier.d.ts
  neurosurf/inst/htmlwidgets/neurosurface/node_modules/@tweakpane/plugin-essentials/dist/types/cubic-bezier/controller/cubic-bezier-graph.d.ts
  neurosurf/inst/htmlwidgets/neurosurface/node_modules/@tweakpane/plugin-essentials/dist/types/cubic-bezier/controller/cubic-bezier-picker.d.ts
  neurosurf/inst/htmlwidgets/neurosurface/node_modules/@tweakpane/plugin-essentials/dist/types/cubic-bezier/controller/cubic-bezier.d.ts
  neurosurf/inst/htmlwidgets/neurosurface/node_modules/@tweakpane/plugin-essentials/dist/types/cubic-bezier/converter/cubic-bezier.d.ts
  neurosurf/inst/htmlwidgets/neurosurface/node_modules/@tweakpane/plugin-essentials/dist/types/cubic-bezier/model/cubic-bezier.d.ts
  neurosurf/inst/htmlwidgets/neurosurface/node_modules/@tweakpane/plugin-essentials/dist/types/cubic-bezier/plugin.d.ts
  neurosurf/inst/htmlwidgets/neurosurface/node_modules/@tweakpane/plugin-essentials/dist/types/cubic-bezier/view/cubic-bezier-graph.d.ts
  neurosurf/inst/htmlwidgets/neurosurface/node_modules/@tweakpane/plugin-essentials/dist/types/cubic-bezier/view/cubic-bezier-picker.d.ts
  neurosurf/inst/htmlwidgets/neurosurface/node_modules/@tweakpane/plugin-essentials/dist/types/cubic-bezier/view/cubic-bezier-preview.d.ts
  neurosurf/inst/htmlwidgets/neurosurface/node_modules/@tweakpane/plugin-essentials/dist/types/cubic-bezier/view/cubic-bezier.d.ts
  neurosurf/inst/htmlwidgets/neurosurface/node_modules/@tweakpane/plugin-essentials/dist/types/cubic-bezier/view/util.d.ts
  neurosurf/inst/htmlwidgets/neurosurface/node_modules/@tweakpane/plugin-essentials/dist/types/fps-graph/api/fps-graph.d.ts
  neurosurf/inst/htmlwidgets/neurosurface/node_modules/@tweakpane/plugin-essentials/dist/types/fps-graph/controller/fps-graph-blade.d.ts
  neurosurf/inst/htmlwidgets/neurosurface/node_modules/@tweakpane/plugin-essentials/dist/types/fps-graph/controller/fps-graph.d.ts
  neurosurf/inst/htmlwidgets/neurosurface/node_modules/@tweakpane/plugin-essentials/dist/types/fps-graph/model/stopwatch.d.ts
  neurosurf/inst/htmlwidgets/neurosurface/node_modules/@tweakpane/plugin-essentials/dist/types/fps-graph/plugin.d.ts
  neurosurf/inst/htmlwidgets/neurosurface/node_modules/@tweakpane/plugin-essentials/dist/types/fps-graph/view/fps.d.ts
  neurosurf/inst/htmlwidgets/neurosurface/node_modules/@tweakpane/plugin-essentials/dist/types/index.d.ts
  neurosurf/inst/htmlwidgets/neurosurface/node_modules/@tweakpane/plugin-essentials/dist/types/interval/constraint/interval.d.ts
  neurosurf/inst/htmlwidgets/neurosurface/node_modules/@tweakpane/plugin-essentials/dist/types/interval/controller/range-slider-text.d.ts
  neurosurf/inst/htmlwidgets/neurosurface/node_modules/@tweakpane/plugin-essentials/dist/types/interval/controller/range-slider.d.ts
  neurosurf/inst/htmlwidgets/neurosurface/node_modules/@tweakpane/plugin-essentials/dist/types/interval/converter/interval.d.ts
  neurosurf/inst/htmlwidgets/neurosurface/node_modules/@tweakpane/plugin-essentials/dist/types/interval/model/interval-test.d.ts
  neurosurf/inst/htmlwidgets/neurosurface/node_modules/@tweakpane/plugin-essentials/dist/types/interval/model/interval.d.ts
  neurosurf/inst/htmlwidgets/neurosurface/node_modules/@tweakpane/plugin-essentials/dist/types/interval/plugin.d.ts
  neurosurf/inst/htmlwidgets/neurosurface/node_modules/@tweakpane/plugin-essentials/dist/types/interval/view/range-slider-text.d.ts
  neurosurf/inst/htmlwidgets/neurosurface/node_modules/@tweakpane/plugin-essentials/dist/types/interval/view/range-slider.d.ts
  neurosurf/inst/htmlwidgets/neurosurface/node_modules/@tweakpane/plugin-essentials/dist/types/radio-grid/api/radio-cell-api.d.ts
  neurosurf/inst/htmlwidgets/neurosurface/node_modules/@tweakpane/plugin-essentials/dist/types/radio-grid/api/radio-grid.d.ts
  neurosurf/inst/htmlwidgets/neurosurface/node_modules/@tweakpane/plugin-essentials/dist/types/radio-grid/api/tp-radio-grid-event.d.ts
  neurosurf/inst/htmlwidgets/neurosurface/node_modules/@tweakpane/plugin-essentials/dist/types/radio-grid/blade-plugin.d.ts
  neurosurf/inst/htmlwidgets/neurosurface/node_modules/@tweakpane/plugin-essentials/dist/types/radio-grid/controller/radio-grid.d.ts
  neurosurf/inst/htmlwidgets/neurosurface/node_modules/@tweakpane/plugin-essentials/dist/types/radio-grid/controller/radio.d.ts
  neurosurf/inst/htmlwidgets/neurosurface/node_modules/@tweakpane/plugin-essentials/dist/types/radio-grid/input-plugin.d.ts
  neurosurf/inst/htmlwidgets/neurosurface/node_modules/@tweakpane/plugin-essentials/dist/types/radio-grid/view/radio.d.ts
  neurosurf/inst/htmlwidgets/neurosurface/node_modules/@tweakpane/plugin-interval/dist/tweakpane-plugin-interval.js
  neurosurf/inst/htmlwidgets/neurosurface/node_modules/@tweakpane/plugin-interval/dist/tweakpane-plugin-interval.min.js
  neurosurf/inst/htmlwidgets/neurosurface/node_modules/@tweakpane/plugin-interval/dist/types/constraint/interval.d.ts
  neurosurf/inst/htmlwidgets/neurosurface/node_modules/@tweakpane/plugin-interval/dist/types/controller/range-slider-text.d.ts
  neurosurf/inst/htmlwidgets/neurosurface/node_modules/@tweakpane/plugin-interval/dist/types/controller/range-slider.d.ts
  neurosurf/inst/htmlwidgets/neurosurface/node_modules/@tweakpane/plugin-interval/dist/types/converter/interval.d.ts
  neurosurf/inst/htmlwidgets/neurosurface/node_modules/@tweakpane/plugin-interval/dist/types/index.d.ts
  neurosurf/inst/htmlwidgets/neurosurface/node_modules/@tweakpane/plugin-interval/dist/types/model/interval-test.d.ts
  neurosurf/inst/htmlwidgets/neurosurface/node_modules/@tweakpane/plugin-interval/dist/types/model/interval.d.ts
  neurosurf/inst/htmlwidgets/neurosurface/node_modules/@tweakpane/plugin-interval/dist/types/plugin.d.ts
  neurosurf/inst/htmlwidgets/neurosurface/node_modules/@tweakpane/plugin-interval/dist/types/view/range-slider-text.d.ts
  neurosurf/inst/htmlwidgets/neurosurface/node_modules/@tweakpane/plugin-interval/dist/types/view/range-slider.d.ts
  neurosurf/inst/htmlwidgets/neurosurface/node_modules/@webassemblyjs/ast/esm/transform/ast-module-to-module-context/index.js
  neurosurf/inst/htmlwidgets/neurosurface/node_modules/@webassemblyjs/ast/esm/transform/denormalize-type-references/index.js
  neurosurf/inst/htmlwidgets/neurosurface/node_modules/@webassemblyjs/ast/esm/transform/wast-identifier-to-index/index.js
  neurosurf/inst/htmlwidgets/neurosurface/node_modules/@webassemblyjs/ast/lib/transform/ast-module-to-module-context/index.js
  neurosurf/inst/htmlwidgets/neurosurface/node_modules/@webassemblyjs/ast/lib/transform/denormalize-type-references/index.js
  neurosurf/inst/htmlwidgets/neurosurface/node_modules/@webassemblyjs/ast/lib/transform/wast-identifier-to-index/index.js
  neurosurf/inst/htmlwidgets/neurosurface/node_modules/@webassemblyjs/ast/scripts/generateTypeDefinitions.js
  neurosurf/inst/htmlwidgets/neurosurface/node_modules/@webassemblyjs/floating-point-hex-parser/LICENSE
  neurosurf/inst/htmlwidgets/neurosurface/node_modules/@webassemblyjs/floating-point-hex-parser/README.md
  neurosurf/inst/htmlwidgets/neurosurface/node_modules/@webassemblyjs/floating-point-hex-parser/esm/index.js
  neurosurf/inst/htmlwidgets/neurosurface/node_modules/@webassemblyjs/floating-point-hex-parser/lib/index.js
  neurosurf/inst/htmlwidgets/neurosurface/node_modules/@webassemblyjs/floating-point-hex-parser/package.json
  neurosurf/inst/htmlwidgets/neurosurface/node_modules/@webassemblyjs/helper-wasm-bytecode/esm/index.js
  neurosurf/inst/htmlwidgets/neurosurface/node_modules/@webassemblyjs/helper-wasm-bytecode/esm/section.js
  neurosurf/inst/htmlwidgets/neurosurface/node_modules/@webassemblyjs/helper-wasm-bytecode/lib/index.js
  neurosurf/inst/htmlwidgets/neurosurface/node_modules/@webassemblyjs/helper-wasm-bytecode/lib/section.js
  neurosurf/inst/htmlwidgets/neurosurface/node_modules/@webassemblyjs/helper-wasm-bytecode/package.json
  neurosurf/inst/htmlwidgets/neurosurface/node_modules/@webassemblyjs/helper-wasm-section/esm/create.js
  neurosurf/inst/htmlwidgets/neurosurface/node_modules/@webassemblyjs/helper-wasm-section/esm/remove.js
  neurosurf/inst/htmlwidgets/neurosurface/node_modules/@webassemblyjs/helper-wasm-section/esm/resize.js
  neurosurf/inst/htmlwidgets/neurosurface/node_modules/@webassemblyjs/helper-wasm-section/lib/create.js
  neurosurf/inst/htmlwidgets/neurosurface/node_modules/@webassemblyjs/helper-wasm-section/lib/remove.js
  neurosurf/inst/htmlwidgets/neurosurface/node_modules/@webassemblyjs/helper-wasm-section/lib/resize.js
  neurosurf/inst/htmlwidgets/neurosurface/node_modules/ajv-keywords/dist/definitions/allRequired.js.map
  neurosurf/inst/htmlwidgets/neurosurface/node_modules/ajv-keywords/dist/definitions/anyRequired.js.map
  neurosurf/inst/htmlwidgets/neurosurface/node_modules/ajv-keywords/dist/definitions/deepProperties.d.ts
  neurosurf/inst/htmlwidgets/neurosurface/node_modules/ajv-keywords/dist/definitions/deepProperties.js.map
  neurosurf/inst/htmlwidgets/neurosurface/node_modules/ajv-keywords/dist/definitions/deepRequired.js.map
  neurosurf/inst/htmlwidgets/neurosurface/node_modules/ajv-keywords/dist/definitions/dynamicDefaults.d.ts
  neurosurf/inst/htmlwidgets/neurosurface/node_modules/ajv-keywords/dist/definitions/dynamicDefaults.js
  neurosurf/inst/htmlwidgets/neurosurface/node_modules/ajv-keywords/dist/definitions/dynamicDefaults.js.map
  neurosurf/inst/htmlwidgets/neurosurface/node_modules/ajv-keywords/dist/definitions/exclusiveRange.d.ts
  neurosurf/inst/htmlwidgets/neurosurface/node_modules/ajv-keywords/dist/definitions/exclusiveRange.js.map
  neurosurf/inst/htmlwidgets/neurosurface/node_modules/ajv-keywords/dist/definitions/oneRequired.js.map
  neurosurf/inst/htmlwidgets/neurosurface/node_modules/ajv-keywords/dist/definitions/patternRequired.d.ts
  neurosurf/inst/htmlwidgets/neurosurface/node_modules/ajv-keywords/dist/definitions/patternRequired.js
  neurosurf/inst/htmlwidgets/neurosurface/node_modules/ajv-keywords/dist/definitions/patternRequired.js.map
  neurosurf/inst/htmlwidgets/neurosurface/node_modules/ajv-keywords/dist/definitions/uniqueItemProperties.d.ts
  neurosurf/inst/htmlwidgets/neurosurface/node_modules/ajv-keywords/dist/definitions/uniqueItemProperties.js
  neurosurf/inst/htmlwidgets/neurosurface/node_modules/ajv-keywords/dist/definitions/uniqueItemProperties.js.map
  neurosurf/inst/htmlwidgets/neurosurface/node_modules/ajv-keywords/dist/keywords/deepProperties.js.map
  neurosurf/inst/htmlwidgets/neurosurface/node_modules/ajv-keywords/dist/keywords/dynamicDefaults.js.map
  neurosurf/inst/htmlwidgets/neurosurface/node_modules/ajv-keywords/dist/keywords/exclusiveRange.js.map
  neurosurf/inst/htmlwidgets/neurosurface/node_modules/ajv-keywords/dist/keywords/patternRequired.js.map
  neurosurf/inst/htmlwidgets/neurosurface/node_modules/ajv-keywords/dist/keywords/uniqueItemProperties.d.ts
  neurosurf/inst/htmlwidgets/neurosurface/node_modules/ajv-keywords/dist/keywords/uniqueItemProperties.js
  neurosurf/inst/htmlwidgets/neurosurface/node_modules/ajv-keywords/dist/keywords/uniqueItemProperties.js.map
  neurosurf/inst/htmlwidgets/neurosurface/node_modules/ajv-keywords/src/definitions/uniqueItemProperties.ts
  neurosurf/inst/htmlwidgets/neurosurface/node_modules/ajv-keywords/src/keywords/uniqueItemProperties.ts
  neurosurf/inst/htmlwidgets/neurosurface/node_modules/ajv/dist/refs/json-schema-2019-09/meta/applicator.json
  neurosurf/inst/htmlwidgets/neurosurface/node_modules/ajv/dist/refs/json-schema-2019-09/meta/content.json
  neurosurf/inst/htmlwidgets/neurosurface/node_modules/ajv/dist/refs/json-schema-2019-09/meta/core.json
  neurosurf/inst/htmlwidgets/neurosurface/node_modules/ajv/dist/refs/json-schema-2019-09/meta/format.json
  neurosurf/inst/htmlwidgets/neurosurface/node_modules/ajv/dist/refs/json-schema-2019-09/meta/meta-data.json
  neurosurf/inst/htmlwidgets/neurosurface/node_modules/ajv/dist/refs/json-schema-2019-09/meta/validation.json
  neurosurf/inst/htmlwidgets/neurosurface/node_modules/ajv/dist/refs/json-schema-2020-12/meta/applicator.json
  neurosurf/inst/htmlwidgets/neurosurface/node_modules/ajv/dist/refs/json-schema-2020-12/meta/content.json
  neurosurf/inst/htmlwidgets/neurosurface/node_modules/ajv/dist/refs/json-schema-2020-12/meta/core.json
  neurosurf/inst/htmlwidgets/neurosurface/node_modules/ajv/dist/refs/json-schema-2020-12/meta/format-annotation.json
  neurosurf/inst/htmlwidgets/neurosurface/node_modules/ajv/dist/refs/json-schema-2020-12/meta/meta-data.json
  neurosurf/inst/htmlwidgets/neurosurface/node_modules/ajv/dist/refs/json-schema-2020-12/meta/unevaluated.json
  neurosurf/inst/htmlwidgets/neurosurface/node_modules/ajv/dist/refs/json-schema-2020-12/meta/validation.json
  neurosurf/inst/htmlwidgets/neurosurface/node_modules/ajv/dist/vocabularies/applicator/additionalItems.d.ts
  neurosurf/inst/htmlwidgets/neurosurface/node_modules/ajv/dist/vocabularies/applicator/additionalItems.js
  neurosurf/inst/htmlwidgets/neurosurface/node_modules/ajv/dist/vocabularies/applicator/additionalItems.js.map
  neurosurf/inst/htmlwidgets/neurosurface/node_modules/ajv/dist/vocabularies/applicator/additionalProperties.d.ts
  neurosurf/inst/htmlwidgets/neurosurface/node_modules/ajv/dist/vocabularies/applicator/additionalProperties.js
  neurosurf/inst/htmlwidgets/neurosurface/node_modules/ajv/dist/vocabularies/applicator/additionalProperties.js.map
  neurosurf/inst/htmlwidgets/neurosurface/node_modules/ajv/dist/vocabularies/applicator/contains.js.map
  neurosurf/inst/htmlwidgets/neurosurface/node_modules/ajv/dist/vocabularies/applicator/dependencies.d.ts
  neurosurf/inst/htmlwidgets/neurosurface/node_modules/ajv/dist/vocabularies/applicator/dependencies.js
  neurosurf/inst/htmlwidgets/neurosurface/node_modules/ajv/dist/vocabularies/applicator/dependencies.js.map
  neurosurf/inst/htmlwidgets/neurosurface/node_modules/ajv/dist/vocabularies/applicator/dependentSchemas.d.ts
  neurosurf/inst/htmlwidgets/neurosurface/node_modules/ajv/dist/vocabularies/applicator/dependentSchemas.js
  neurosurf/inst/htmlwidgets/neurosurface/node_modules/ajv/dist/vocabularies/applicator/dependentSchemas.js.map
  neurosurf/inst/htmlwidgets/neurosurface/node_modules/ajv/dist/vocabularies/applicator/items2020.js.map
  neurosurf/inst/htmlwidgets/neurosurface/node_modules/ajv/dist/vocabularies/applicator/patternProperties.d.ts
  neurosurf/inst/htmlwidgets/neurosurface/node_modules/ajv/dist/vocabularies/applicator/patternProperties.js
  neurosurf/inst/htmlwidgets/neurosurface/node_modules/ajv/dist/vocabularies/applicator/patternProperties.js.map
  neurosurf/inst/htmlwidgets/neurosurface/node_modules/ajv/dist/vocabularies/applicator/prefixItems.d.ts
  neurosurf/inst/htmlwidgets/neurosurface/node_modules/ajv/dist/vocabularies/applicator/prefixItems.js.map
  neurosurf/inst/htmlwidgets/neurosurface/node_modules/ajv/dist/vocabularies/applicator/properties.d.ts
  neurosurf/inst/htmlwidgets/neurosurface/node_modules/ajv/dist/vocabularies/applicator/properties.js.map
  neurosurf/inst/htmlwidgets/neurosurface/node_modules/ajv/dist/vocabularies/applicator/propertyNames.d.ts
  neurosurf/inst/htmlwidgets/neurosurface/node_modules/ajv/dist/vocabularies/applicator/propertyNames.js
  neurosurf/inst/htmlwidgets/neurosurface/node_modules/ajv/dist/vocabularies/applicator/propertyNames.js.map
  neurosurf/inst/htmlwidgets/neurosurface/node_modules/ajv/dist/vocabularies/applicator/thenElse.js.map
  neurosurf/inst/htmlwidgets/neurosurface/node_modules/ajv/dist/vocabularies/discriminator/index.js.map
  neurosurf/inst/htmlwidgets/neurosurface/node_modules/ajv/dist/vocabularies/discriminator/types.js.map
  neurosurf/inst/htmlwidgets/neurosurface/node_modules/ajv/dist/vocabularies/dynamic/dynamicAnchor.d.ts
  neurosurf/inst/htmlwidgets/neurosurface/node_modules/ajv/dist/vocabularies/dynamic/dynamicAnchor.js.map
  neurosurf/inst/htmlwidgets/neurosurface/node_modules/ajv/dist/vocabularies/dynamic/recursiveAnchor.d.ts
  neurosurf/inst/htmlwidgets/neurosurface/node_modules/ajv/dist/vocabularies/dynamic/recursiveAnchor.js
  neurosurf/inst/htmlwidgets/neurosurface/node_modules/ajv/dist/vocabularies/dynamic/recursiveAnchor.js.map
  neurosurf/inst/htmlwidgets/neurosurface/node_modules/ajv/dist/vocabularies/dynamic/recursiveRef.js.map
  neurosurf/inst/htmlwidgets/neurosurface/node_modules/ajv/dist/vocabularies/jtd/optionalProperties.d.ts
  neurosurf/inst/htmlwidgets/neurosurface/node_modules/ajv/dist/vocabularies/jtd/optionalProperties.js.map
  neurosurf/inst/htmlwidgets/neurosurface/node_modules/ajv/dist/vocabularies/unevaluated/unevaluatedItems.d.ts
  neurosurf/inst/htmlwidgets/neurosurface/node_modules/ajv/dist/vocabularies/unevaluated/unevaluatedItems.js
  neurosurf/inst/htmlwidgets/neurosurface/node_modules/ajv/dist/vocabularies/unevaluated/unevaluatedItems.js.map
  neurosurf/inst/htmlwidgets/neurosurface/node_modules/ajv/dist/vocabularies/unevaluated/unevaluatedProperties.d.ts
  neurosurf/inst/htmlwidgets/neurosurface/node_modules/ajv/dist/vocabularies/unevaluated/unevaluatedProperties.js
  neurosurf/inst/htmlwidgets/neurosurface/node_modules/ajv/dist/vocabularies/unevaluated/unevaluatedProperties.js.map
  neurosurf/inst/htmlwidgets/neurosurface/node_modules/ajv/dist/vocabularies/validation/dependentRequired.d.ts
  neurosurf/inst/htmlwidgets/neurosurface/node_modules/ajv/dist/vocabularies/validation/dependentRequired.js
  neurosurf/inst/htmlwidgets/neurosurface/node_modules/ajv/dist/vocabularies/validation/dependentRequired.js.map
  neurosurf/inst/htmlwidgets/neurosurface/node_modules/ajv/dist/vocabularies/validation/limitContains.d.ts
  neurosurf/inst/htmlwidgets/neurosurface/node_modules/ajv/dist/vocabularies/validation/limitContains.js
  neurosurf/inst/htmlwidgets/neurosurface/node_modules/ajv/dist/vocabularies/validation/limitContains.js.map
  neurosurf/inst/htmlwidgets/neurosurface/node_modules/ajv/dist/vocabularies/validation/limitItems.d.ts
  neurosurf/inst/htmlwidgets/neurosurface/node_modules/ajv/dist/vocabularies/validation/limitItems.js.map
  neurosurf/inst/htmlwidgets/neurosurface/node_modules/ajv/dist/vocabularies/validation/limitLength.d.ts
  neurosurf/inst/htmlwidgets/neurosurface/node_modules/ajv/dist/vocabularies/validation/limitLength.js.map
  neurosurf/inst/htmlwidgets/neurosurface/node_modules/ajv/dist/vocabularies/validation/limitNumber.d.ts
  neurosurf/inst/htmlwidgets/neurosurface/node_modules/ajv/dist/vocabularies/validation/limitNumber.js.map
  neurosurf/inst/htmlwidgets/neurosurface/node_modules/ajv/dist/vocabularies/validation/limitProperties.d.ts
  neurosurf/inst/htmlwidgets/neurosurface/node_modules/ajv/dist/vocabularies/validation/limitProperties.js
  neurosurf/inst/htmlwidgets/neurosurface/node_modules/ajv/dist/vocabularies/validation/limitProperties.js.map
  neurosurf/inst/htmlwidgets/neurosurface/node_modules/ajv/dist/vocabularies/validation/multipleOf.d.ts
  neurosurf/inst/htmlwidgets/neurosurface/node_modules/ajv/dist/vocabularies/validation/multipleOf.js.map
  neurosurf/inst/htmlwidgets/neurosurface/node_modules/ajv/dist/vocabularies/validation/required.js.map
  neurosurf/inst/htmlwidgets/neurosurface/node_modules/ajv/dist/vocabularies/validation/uniqueItems.d.ts
  neurosurf/inst/htmlwidgets/neurosurface/node_modules/ajv/dist/vocabularies/validation/uniqueItems.js.map
  neurosurf/inst/htmlwidgets/neurosurface/node_modules/ajv/lib/refs/json-schema-2019-09/meta/applicator.json
  neurosurf/inst/htmlwidgets/neurosurface/node_modules/ajv/lib/refs/json-schema-2019-09/meta/content.json
  neurosurf/inst/htmlwidgets/neurosurface/node_modules/ajv/lib/refs/json-schema-2019-09/meta/format.json
  neurosurf/inst/htmlwidgets/neurosurface/node_modules/ajv/lib/refs/json-schema-2019-09/meta/meta-data.json
  neurosurf/inst/htmlwidgets/neurosurface/node_modules/ajv/lib/refs/json-schema-2019-09/meta/validation.json
  neurosurf/inst/htmlwidgets/neurosurface/node_modules/ajv/lib/refs/json-schema-2020-12/meta/applicator.json
  neurosurf/inst/htmlwidgets/neurosurface/node_modules/ajv/lib/refs/json-schema-2020-12/meta/content.json
  neurosurf/inst/htmlwidgets/neurosurface/node_modules/ajv/lib/refs/json-schema-2020-12/meta/format-annotation.json
  neurosurf/inst/htmlwidgets/neurosurface/node_modules/ajv/lib/refs/json-schema-2020-12/meta/meta-data.json
  neurosurf/inst/htmlwidgets/neurosurface/node_modules/ajv/lib/refs/json-schema-2020-12/meta/unevaluated.json
  neurosurf/inst/htmlwidgets/neurosurface/node_modules/ajv/lib/refs/json-schema-2020-12/meta/validation.json
  neurosurf/inst/htmlwidgets/neurosurface/node_modules/ajv/lib/vocabularies/applicator/additionalItems.ts
  neurosurf/inst/htmlwidgets/neurosurface/node_modules/ajv/lib/vocabularies/applicator/additionalProperties.ts
  neurosurf/inst/htmlwidgets/neurosurface/node_modules/ajv/lib/vocabularies/applicator/dependentSchemas.ts
  neurosurf/inst/htmlwidgets/neurosurface/node_modules/ajv/lib/vocabularies/applicator/patternProperties.ts
  neurosurf/inst/htmlwidgets/neurosurface/node_modules/ajv/lib/vocabularies/applicator/propertyNames.ts
  neurosurf/inst/htmlwidgets/neurosurface/node_modules/ajv/lib/vocabularies/unevaluated/unevaluatedItems.ts
  neurosurf/inst/htmlwidgets/neurosurface/node_modules/ajv/lib/vocabularies/unevaluated/unevaluatedProperties.ts
  neurosurf/inst/htmlwidgets/neurosurface/node_modules/ajv/lib/vocabularies/validation/dependentRequired.ts
  neurosurf/inst/htmlwidgets/neurosurface/node_modules/ajv/lib/vocabularies/validation/limitContains.ts
  neurosurf/inst/htmlwidgets/neurosurface/node_modules/ajv/lib/vocabularies/validation/limitProperties.ts
  neurosurf/inst/htmlwidgets/neurosurface/node_modules/anymatch/node_modules/braces/node_modules/extend-shallow/LICENSE
  neurosurf/inst/htmlwidgets/neurosurface/node_modules/anymatch/node_modules/braces/node_modules/extend-shallow/README.md
  neurosurf/inst/htmlwidgets/neurosurface/node_modules/anymatch/node_modules/braces/node_modules/extend-shallow/index.js
  neurosurf/inst/htmlwidgets/neurosurface/node_modules/anymatch/node_modules/braces/node_modules/extend-shallow/package.json
  neurosurf/inst/htmlwidgets/neurosurface/node_modules/anymatch/node_modules/fill-range/node_modules/extend-shallow/LICENSE
  neurosurf/inst/htmlwidgets/neurosurface/node_modules/anymatch/node_modules/fill-range/node_modules/extend-shallow/README.md
  neurosurf/inst/htmlwidgets/neurosurface/node_modules/anymatch/node_modules/fill-range/node_modules/extend-shallow/index.js
  neurosurf/inst/htmlwidgets/neurosurface/node_modules/anymatch/node_modules/fill-range/node_modules/extend-shallow/package.json
  neurosurf/inst/htmlwidgets/neurosurface/node_modules/anymatch/node_modules/is-extendable/package.json
  neurosurf/inst/htmlwidgets/neurosurface/node_modules/anymatch/node_modules/is-number/node_modules/kind-of/LICENSE
  neurosurf/inst/htmlwidgets/neurosurface/node_modules/anymatch/node_modules/is-number/node_modules/kind-of/README.md
  neurosurf/inst/htmlwidgets/neurosurface/node_modules/anymatch/node_modules/is-number/node_modules/kind-of/index.js
  neurosurf/inst/htmlwidgets/neurosurface/node_modules/anymatch/node_modules/is-number/node_modules/kind-of/package.json
  neurosurf/inst/htmlwidgets/neurosurface/node_modules/anymatch/node_modules/micromatch/lib/compilers.js
  neurosurf/inst/htmlwidgets/neurosurface/node_modules/anymatch/node_modules/normalize-path/package.json
  neurosurf/inst/htmlwidgets/neurosurface/node_modules/anymatch/node_modules/to-regex-range/package.json
  neurosurf/inst/htmlwidgets/neurosurface/node_modules/array-initial/node_modules/is-number/package.json
  neurosurf/inst/htmlwidgets/neurosurface/node_modules/caniuse-lite/data/features/alternate-stylesheet.js
  neurosurf/inst/htmlwidgets/neurosurface/node_modules/caniuse-lite/data/features/background-attachment.js
  neurosurf/inst/htmlwidgets/neurosurface/node_modules/caniuse-lite/data/features/background-clip-text.js
  neurosurf/inst/htmlwidgets/neurosurface/node_modules/caniuse-lite/data/features/background-img-opts.js
  neurosurf/inst/htmlwidgets/neurosurface/node_modules/caniuse-lite/data/features/background-position-x-y.js
  neurosurf/inst/htmlwidgets/neurosurface/node_modules/caniuse-lite/data/features/background-repeat-round-space.js
  neurosurf/inst/htmlwidgets/neurosurface/node_modules/caniuse-lite/data/features/client-hints-dpr-width-viewport.js
  neurosurf/inst/htmlwidgets/neurosurface/node_modules/caniuse-lite/data/features/comparedocumentposition.js
  neurosurf/inst/htmlwidgets/neurosurface/node_modules/caniuse-lite/data/features/constraint-validation.js
  neurosurf/inst/htmlwidgets/neurosurface/node_modules/caniuse-lite/data/features/contentsecuritypolicy.js
  neurosurf/inst/htmlwidgets/neurosurface/node_modules/caniuse-lite/data/features/contentsecuritypolicy2.js
  neurosurf/inst/htmlwidgets/neurosurface/node_modules/caniuse-lite/data/features/credential-management.js
  neurosurf/inst/htmlwidgets/neurosurface/node_modules/caniuse-lite/data/features/cross-document-view-transitions.js
  neurosurf/inst/htmlwidgets/neurosurface/node_modules/caniuse-lite/data/features/css-anchor-positioning.js
  neurosurf/inst/htmlwidgets/neurosurface/node_modules/caniuse-lite/data/features/css-at-counter-style.js
  neurosurf/inst/htmlwidgets/neurosurface/node_modules/caniuse-lite/data/features/css-backdrop-filter.js
  neurosurf/inst/htmlwidgets/neurosurface/node_modules/caniuse-lite/data/features/css-background-offsets.js
  neurosurf/inst/htmlwidgets/neurosurface/node_modules/caniuse-lite/data/features/css-backgroundblendmode.js
  neurosurf/inst/htmlwidgets/neurosurface/node_modules/caniuse-lite/data/features/css-boxdecorationbreak.js
  neurosurf/inst/htmlwidgets/neurosurface/node_modules/caniuse-lite/data/features/css-cascade-layers.js
  neurosurf/inst/htmlwidgets/neurosurface/node_modules/caniuse-lite/data/features/css-case-insensitive.js
  neurosurf/inst/htmlwidgets/neurosurface/node_modules/caniuse-lite/data/features/css-color-function.js
  neurosurf/inst/htmlwidgets/neurosurface/node_modules/caniuse-lite/data/features/css-conic-gradients.js
  neurosurf/inst/htmlwidgets/neurosurface/node_modules/caniuse-lite/data/features/css-container-queries-style.js
  neurosurf/inst/htmlwidgets/neurosurface/node_modules/caniuse-lite/data/features/css-container-queries.js
  neurosurf/inst/htmlwidgets/neurosurface/node_modules/caniuse-lite/data/features/css-container-query-units.js
  neurosurf/inst/htmlwidgets/neurosurface/node_modules/caniuse-lite/data/features/css-content-visibility.js
  neurosurf/inst/htmlwidgets/neurosurface/node_modules/caniuse-lite/data/features/css-default-pseudo.js
  neurosurf/inst/htmlwidgets/neurosurface/node_modules/caniuse-lite/data/features/css-descendant-gtgt.js
  neurosurf/inst/htmlwidgets/neurosurface/node_modules/caniuse-lite/data/features/css-deviceadaptation.js
  neurosurf/inst/htmlwidgets/neurosurface/node_modules/caniuse-lite/data/features/css-display-contents.js
  neurosurf/inst/htmlwidgets/neurosurface/node_modules/caniuse-lite/data/features/css-element-function.js
  neurosurf/inst/htmlwidgets/neurosurface/node_modules/caniuse-lite/data/features/css-featurequeries.js
  neurosurf/inst/htmlwidgets/neurosurface/node_modules/caniuse-lite/data/features/css-file-selector-button.js
  neurosurf/inst/htmlwidgets/neurosurface/node_modules/caniuse-lite/data/features/css-filter-function.js
  neurosurf/inst/htmlwidgets/neurosurface/node_modules/caniuse-lite/data/features/css-font-rendering-controls.js
  neurosurf/inst/htmlwidgets/neurosurface/node_modules/caniuse-lite/data/features/css-grid-animation.js
  neurosurf/inst/htmlwidgets/neurosurface/node_modules/caniuse-lite/data/features/css-hanging-punctuation.js
  neurosurf/inst/htmlwidgets/neurosurface/node_modules/caniuse-lite/data/features/css-image-orientation.js
  neurosurf/inst/htmlwidgets/neurosurface/node_modules/caniuse-lite/data/features/css-in-out-of-range.js
  neurosurf/inst/htmlwidgets/neurosurface/node_modules/caniuse-lite/data/features/css-indeterminate-pseudo.js
  neurosurf/inst/htmlwidgets/neurosurface/node_modules/caniuse-lite/data/features/css-initial-letter.js
  neurosurf/inst/htmlwidgets/neurosurface/node_modules/caniuse-lite/data/features/css-letter-spacing.js
  neurosurf/inst/htmlwidgets/neurosurface/node_modules/caniuse-lite/data/features/css-matches-pseudo.js
  neurosurf/inst/htmlwidgets/neurosurface/node_modules/caniuse-lite/data/features/css-math-functions.js
  neurosurf/inst/htmlwidgets/neurosurface/node_modules/caniuse-lite/data/features/css-media-interaction.js
  neurosurf/inst/htmlwidgets/neurosurface/node_modules/caniuse-lite/data/features/css-media-range-syntax.js
  neurosurf/inst/htmlwidgets/neurosurface/node_modules/caniuse-lite/data/features/css-media-resolution.js
  neurosurf/inst/htmlwidgets/neurosurface/node_modules/caniuse-lite/data/features/css-media-scripting.js
  neurosurf/inst/htmlwidgets/neurosurface/node_modules/caniuse-lite/data/features/css-module-scripts.js
  neurosurf/inst/htmlwidgets/neurosurface/node_modules/caniuse-lite/data/features/css-optional-pseudo.js
  neurosurf/inst/htmlwidgets/neurosurface/node_modules/caniuse-lite/data/features/css-overflow-anchor.js
  neurosurf/inst/htmlwidgets/neurosurface/node_modules/caniuse-lite/data/features/css-overflow-overlay.js
  neurosurf/inst/htmlwidgets/neurosurface/node_modules/caniuse-lite/data/features/css-overscroll-behavior.js
  neurosurf/inst/htmlwidgets/neurosurface/node_modules/caniuse-lite/data/features/css-placeholder-shown.js
  neurosurf/inst/htmlwidgets/neurosurface/node_modules/caniuse-lite/data/features/css-print-color-adjust.js
  neurosurf/inst/htmlwidgets/neurosurface/node_modules/caniuse-lite/data/features/css-read-only-write.js
  neurosurf/inst/htmlwidgets/neurosurface/node_modules/caniuse-lite/data/features/css-relative-colors.js
  neurosurf/inst/htmlwidgets/neurosurface/node_modules/caniuse-lite/data/features/css-repeating-gradients.js
  neurosurf/inst/htmlwidgets/neurosurface/node_modules/caniuse-lite/data/features/css-scroll-behavior.js
  neurosurf/inst/htmlwidgets/neurosurface/node_modules/caniuse-lite/data/features/css-text-align-last.js
  neurosurf/inst/htmlwidgets/neurosurface/node_modules/caniuse-lite/data/features/css-text-orientation.js
  neurosurf/inst/htmlwidgets/neurosurface/node_modules/caniuse-lite/data/features/css-text-wrap-balance.js
  neurosurf/inst/htmlwidgets/neurosurface/node_modules/caniuse-lite/data/features/css-widows-orphans.js
  neurosurf/inst/htmlwidgets/neurosurface/node_modules/caniuse-lite/data/features/css3-cursors-newer.js
  neurosurf/inst/htmlwidgets/neurosurface/node_modules/caniuse-lite/data/features/date-tolocaledatestring.js
  neurosurf/inst/htmlwidgets/neurosurface/node_modules/caniuse-lite/data/features/declarative-shadow-dom.js
  neurosurf/inst/htmlwidgets/neurosurface/node_modules/caniuse-lite/data/features/document-currentscript.js
  neurosurf/inst/htmlwidgets/neurosurface/node_modules/caniuse-lite/data/features/document-evaluate-xpath.js
  neurosurf/inst/htmlwidgets/neurosurface/node_modules/caniuse-lite/data/features/document-execcommand.js
  neurosurf/inst/htmlwidgets/neurosurface/node_modules/caniuse-lite/data/features/document-scrollingelement.js
  neurosurf/inst/htmlwidgets/neurosurface/node_modules/caniuse-lite/data/features/dom-manip-convenience.js
  neurosurf/inst/htmlwidgets/neurosurface/node_modules/caniuse-lite/data/features/element-from-point.js
  neurosurf/inst/htmlwidgets/neurosurface/node_modules/caniuse-lite/data/features/element-scroll-methods.js
  neurosurf/inst/htmlwidgets/neurosurface/node_modules/caniuse-lite/data/features/es6-module-dynamic-import.js
  neurosurf/inst/htmlwidgets/neurosurface/node_modules/caniuse-lite/data/features/es6-string-includes.js
  neurosurf/inst/htmlwidgets/neurosurface/node_modules/caniuse-lite/data/features/extended-system-fonts.js
  neurosurf/inst/htmlwidgets/neurosurface/node_modules/caniuse-lite/data/features/focusin-focusout-events.js
  neurosurf/inst/htmlwidgets/neurosurface/node_modules/caniuse-lite/data/features/font-family-system-ui.js
  neurosurf/inst/htmlwidgets/neurosurface/node_modules/caniuse-lite/data/features/font-unicode-range.js
  neurosurf/inst/htmlwidgets/neurosurface/node_modules/caniuse-lite/data/features/font-variant-alternates.js
  neurosurf/inst/htmlwidgets/neurosurface/node_modules/caniuse-lite/data/features/font-variant-numeric.js
  neurosurf/inst/htmlwidgets/neurosurface/node_modules/caniuse-lite/data/features/form-submit-attributes.js
  neurosurf/inst/htmlwidgets/neurosurface/node_modules/caniuse-lite/data/features/getboundingclientrect.js
  neurosurf/inst/htmlwidgets/neurosurface/node_modules/caniuse-lite/data/features/getelementsbyclassname.js
  neurosurf/inst/htmlwidgets/neurosurface/node_modules/caniuse-lite/data/features/hardwareconcurrency.js
  neurosurf/inst/htmlwidgets/neurosurface/node_modules/caniuse-lite/data/features/high-resolution-time.js
  neurosurf/inst/htmlwidgets/neurosurface/node_modules/caniuse-lite/data/features/html-media-capture.js
  neurosurf/inst/htmlwidgets/neurosurface/node_modules/caniuse-lite/data/features/http-live-streaming.js
  neurosurf/inst/htmlwidgets/neurosurface/node_modules/caniuse-lite/data/features/img-naturalwidth-naturalheight.js
  neurosurf/inst/htmlwidgets/neurosurface/node_modules/caniuse-lite/data/features/indeterminate-checkbox.js
  neurosurf/inst/htmlwidgets/neurosurface/node_modules/caniuse-lite/data/features/input-autocomplete-onoff.js
  neurosurf/inst/htmlwidgets/neurosurface/node_modules/caniuse-lite/data/features/input-email-tel-url.js
  neurosurf/inst/htmlwidgets/neurosurface/node_modules/caniuse-lite/data/features/input-file-directory.js
  neurosurf/inst/htmlwidgets/neurosurface/node_modules/caniuse-lite/data/features/input-file-multiple.js
  neurosurf/inst/htmlwidgets/neurosurface/node_modules/caniuse-lite/data/features/insertadjacenthtml.js
  neurosurf/inst/htmlwidgets/neurosurface/node_modules/caniuse-lite/data/features/internationalization.js
  neurosurf/inst/htmlwidgets/neurosurface/node_modules/caniuse-lite/data/features/intersectionobserver-v2.js
  neurosurf/inst/htmlwidgets/neurosurface/node_modules/caniuse-lite/data/features/intersectionobserver.js
  neurosurf/inst/htmlwidgets/neurosurface/node_modules/caniuse-lite/data/features/js-regexp-lookbehind.js
  neurosurf/inst/htmlwidgets/neurosurface/node_modules/caniuse-lite/data/features/justify-content-space-evenly.js
  neurosurf/inst/htmlwidgets/neurosurface/node_modules/caniuse-lite/data/features/kerning-pairs-ligatures.js
  neurosurf/inst/htmlwidgets/neurosurface/node_modules/caniuse-lite/data/features/keyboardevent-charcode.js
  neurosurf/inst/htmlwidgets/neurosurface/node_modules/caniuse-lite/data/features/keyboardevent-code.js
  neurosurf/inst/htmlwidgets/neurosurface/node_modules/caniuse-lite/data/features/keyboardevent-getmodifierstate.js
  neurosurf/inst/htmlwidgets/neurosurface/node_modules/caniuse-lite/data/features/keyboardevent-location.js
  neurosurf/inst/htmlwidgets/neurosurface/node_modules/caniuse-lite/data/features/keyboardevent-which.js
  neurosurf/inst/htmlwidgets/neurosurface/node_modules/caniuse-lite/data/features/link-rel-dns-prefetch.js
  neurosurf/inst/htmlwidgets/neurosurface/node_modules/caniuse-lite/data/features/link-rel-modulepreload.js
  neurosurf/inst/htmlwidgets/neurosurface/node_modules/caniuse-lite/data/features/link-rel-preconnect.js
  neurosurf/inst/htmlwidgets/neurosurface/node_modules/caniuse-lite/data/features/link-rel-prerender.js
  neurosurf/inst/htmlwidgets/neurosurface/node_modules/caniuse-lite/data/features/mdn-css-backdrop-pseudo-element.js
  neurosurf/inst/htmlwidgets/neurosurface/node_modules/caniuse-lite/data/features/mdn-css-unicode-bidi-isolate-override.js
  neurosurf/inst/htmlwidgets/neurosurface/node_modules/caniuse-lite/data/features/mdn-css-unicode-bidi-isolate.js
  neurosurf/inst/htmlwidgets/neurosurface/node_modules/caniuse-lite/data/features/mdn-css-unicode-bidi-plaintext.js
  neurosurf/inst/htmlwidgets/neurosurface/node_modules/caniuse-lite/data/features/mdn-text-decoration-color.js
  neurosurf/inst/htmlwidgets/neurosurface/node_modules/caniuse-lite/data/features/mdn-text-decoration-line.js
  neurosurf/inst/htmlwidgets/neurosurface/node_modules/caniuse-lite/data/features/mdn-text-decoration-shorthand.js
  neurosurf/inst/htmlwidgets/neurosurface/node_modules/caniuse-lite/data/features/mdn-text-decoration-style.js
  neurosurf/inst/htmlwidgets/neurosurface/node_modules/caniuse-lite/data/features/mediacapture-fromelement.js
  neurosurf/inst/htmlwidgets/neurosurface/node_modules/caniuse-lite/data/features/native-filesystem-api.js
  neurosurf/inst/htmlwidgets/neurosurface/node_modules/caniuse-lite/data/features/once-event-listener.js
  neurosurf/inst/htmlwidgets/neurosurface/node_modules/caniuse-lite/data/features/orientation-sensor.js
  neurosurf/inst/htmlwidgets/neurosurface/node_modules/caniuse-lite/data/features/page-transition-events.js
  neurosurf/inst/htmlwidgets/neurosurface/node_modules/caniuse-lite/data/features/passive-event-listener.js
  neurosurf/inst/htmlwidgets/neurosurface/node_modules/caniuse-lite/data/features/permissions-policy.js
  neurosurf/inst/htmlwidgets/neurosurface/node_modules/caniuse-lite/data/features/picture-in-picture.js
  neurosurf/inst/htmlwidgets/neurosurface/node_modules/caniuse-lite/data/features/prefers-color-scheme.js
  neurosurf/inst/htmlwidgets/neurosurface/node_modules/caniuse-lite/data/features/prefers-reduced-motion.js
  neurosurf/inst/htmlwidgets/neurosurface/node_modules/caniuse-lite/data/features/registerprotocolhandler.js
  neurosurf/inst/htmlwidgets/neurosurface/node_modules/caniuse-lite/data/features/requestanimationframe.js
  neurosurf/inst/htmlwidgets/neurosurface/node_modules/caniuse-lite/data/features/requestidlecallback.js
  neurosurf/inst/htmlwidgets/neurosurface/node_modules/caniuse-lite/data/features/same-site-cookie-attribute.js
  neurosurf/inst/htmlwidgets/neurosurface/node_modules/caniuse-lite/data/features/screen-orientation.js
  neurosurf/inst/htmlwidgets/neurosurface/node_modules/caniuse-lite/data/features/scrollintoviewifneeded.js
  neurosurf/inst/htmlwidgets/neurosurface/node_modules/caniuse-lite/data/features/speech-recognition.js
  neurosurf/inst/htmlwidgets/neurosurface/node_modules/caniuse-lite/data/features/spellcheck-attribute.js
  neurosurf/inst/htmlwidgets/neurosurface/node_modules/caniuse-lite/data/features/stricttransportsecurity.js
  neurosurf/inst/htmlwidgets/neurosurface/node_modules/caniuse-lite/data/features/subresource-bundling.js
  neurosurf/inst/htmlwidgets/neurosurface/node_modules/caniuse-lite/data/features/subresource-integrity.js
  neurosurf/inst/htmlwidgets/neurosurface/node_modules/caniuse-lite/data/features/unhandledrejection.js
  neurosurf/inst/htmlwidgets/neurosurface/node_modules/caniuse-lite/data/features/upgradeinsecurerequests.js
  neurosurf/inst/htmlwidgets/neurosurface/node_modules/caniuse-lite/data/features/url-scroll-to-text-fragment.js
  neurosurf/inst/htmlwidgets/neurosurface/node_modules/caniuse-lite/data/features/viewport-unit-variants.js
  neurosurf/inst/htmlwidgets/neurosurface/node_modules/caniuse-lite/data/features/wasm-extended-const.js
  neurosurf/inst/htmlwidgets/neurosurface/node_modules/caniuse-lite/data/features/wasm-mutable-globals.js
  neurosurf/inst/htmlwidgets/neurosurface/node_modules/caniuse-lite/data/features/wasm-nontrapping-fptoint.js
  neurosurf/inst/htmlwidgets/neurosurface/node_modules/caniuse-lite/data/features/wasm-reference-types.js
  neurosurf/inst/htmlwidgets/neurosurface/node_modules/chokidar/node_modules/extend-shallow/package.json
  neurosurf/inst/htmlwidgets/neurosurface/node_modules/chokidar/node_modules/glob-parent/node_modules/is-glob/LICENSE
  neurosurf/inst/htmlwidgets/neurosurface/node_modules/chokidar/node_modules/glob-parent/node_modules/is-glob/README.md
  neurosurf/inst/htmlwidgets/neurosurface/node_modules/chokidar/node_modules/glob-parent/node_modules/is-glob/index.js
  neurosurf/inst/htmlwidgets/neurosurface/node_modules/chokidar/node_modules/glob-parent/node_modules/is-glob/package.json
  neurosurf/inst/htmlwidgets/neurosurface/node_modules/chokidar/node_modules/is-extendable/package.json
  neurosurf/inst/htmlwidgets/neurosurface/node_modules/chokidar/node_modules/to-regex-range/package.json
  neurosurf/inst/htmlwidgets/neurosurface/node_modules/class-utils/node_modules/define-property/LICENSE
  neurosurf/inst/htmlwidgets/neurosurface/node_modules/class-utils/node_modules/define-property/README.md
  neurosurf/inst/htmlwidgets/neurosurface/node_modules/class-utils/node_modules/define-property/index.js
  neurosurf/inst/htmlwidgets/neurosurface/node_modules/class-utils/node_modules/define-property/package.json
  neurosurf/inst/htmlwidgets/neurosurface/node_modules/class-utils/node_modules/is-descriptor/.editorconfig
  neurosurf/inst/htmlwidgets/neurosurface/node_modules/class-utils/node_modules/is-descriptor/.eslintrc
  neurosurf/inst/htmlwidgets/neurosurface/node_modules/class-utils/node_modules/is-descriptor/.github/FUNDING.yml
  neurosurf/inst/htmlwidgets/neurosurface/node_modules/class-utils/node_modules/is-descriptor/CHANGELOG.md
  neurosurf/inst/htmlwidgets/neurosurface/node_modules/class-utils/node_modules/is-descriptor/README.md
  neurosurf/inst/htmlwidgets/neurosurface/node_modules/class-utils/node_modules/is-descriptor/package.json
  neurosurf/inst/htmlwidgets/neurosurface/node_modules/class-utils/node_modules/is-descriptor/test/index.js
  neurosurf/inst/htmlwidgets/neurosurface/node_modules/copy-props/node_modules/is-plain-object/README.md
  neurosurf/inst/htmlwidgets/neurosurface/node_modules/copy-props/node_modules/is-plain-object/dist/is-plain-object.js
  neurosurf/inst/htmlwidgets/neurosurface/node_modules/copy-props/node_modules/is-plain-object/dist/is-plain-object.mjs
  neurosurf/inst/htmlwidgets/neurosurface/node_modules/copy-props/node_modules/is-plain-object/is-plain-object.d.ts
  neurosurf/inst/htmlwidgets/neurosurface/node_modules/copy-props/node_modules/is-plain-object/package.json
  neurosurf/inst/htmlwidgets/neurosurface/node_modules/default-compare/node_modules/kind-of/package.json
  neurosurf/inst/htmlwidgets/neurosurface/node_modules/electron-to-chromium/full-chromium-versions.json
  neurosurf/inst/htmlwidgets/neurosurface/node_modules/enhanced-resolve/lib/ModulesInHierachicDirectoriesPlugin.js
  neurosurf/inst/htmlwidgets/neurosurface/node_modules/enhanced-resolve/lib/ModulesInHierarchicalDirectoriesPlugin.js
  neurosurf/inst/htmlwidgets/neurosurface/node_modules/enhanced-resolve/lib/SyncAsyncFileSystemDecorator.js
  neurosurf/inst/htmlwidgets/neurosurface/node_modules/es5-ext/number/is-safe-integer/is-implemented.js
  neurosurf/inst/htmlwidgets/neurosurface/node_modules/es5-ext/number/max-safe-integer/is-implemented.js
  neurosurf/inst/htmlwidgets/neurosurface/node_modules/es5-ext/number/min-safe-integer/is-implemented.js
  neurosurf/inst/htmlwidgets/neurosurface/node_modules/es5-ext/object/set-prototype-of/is-implemented.js
  neurosurf/inst/htmlwidgets/neurosurface/node_modules/es5-ext/string/#/code-point-at/is-implemented.js
  neurosurf/inst/htmlwidgets/neurosurface/node_modules/es5-ext/string/from-code-point/is-implemented.js
  neurosurf/inst/htmlwidgets/neurosurface/node_modules/es6-symbol/lib/private/setup/standard-symbols.js
  neurosurf/inst/htmlwidgets/neurosurface/node_modules/expand-brackets/node_modules/debug/.coveralls.yml
  neurosurf/inst/htmlwidgets/neurosurface/node_modules/expand-brackets/node_modules/debug/component.json
  neurosurf/inst/htmlwidgets/neurosurface/node_modules/expand-brackets/node_modules/debug/karma.conf.js
  neurosurf/inst/htmlwidgets/neurosurface/node_modules/expand-brackets/node_modules/debug/src/browser.js
  neurosurf/inst/htmlwidgets/neurosurface/node_modules/expand-brackets/node_modules/debug/src/inspector-log.js
  neurosurf/inst/htmlwidgets/neurosurface/node_modules/expand-brackets/node_modules/define-property/LICENSE
  neurosurf/inst/htmlwidgets/neurosurface/node_modules/expand-brackets/node_modules/define-property/README.md
  neurosurf/inst/htmlwidgets/neurosurface/node_modules/expand-brackets/node_modules/define-property/index.js
  neurosurf/inst/htmlwidgets/neurosurface/node_modules/expand-brackets/node_modules/define-property/package.json
  neurosurf/inst/htmlwidgets/neurosurface/node_modules/expand-brackets/node_modules/extend-shallow/LICENSE
  neurosurf/inst/htmlwidgets/neurosurface/node_modules/expand-brackets/node_modules/extend-shallow/README.md
  neurosurf/inst/htmlwidgets/neurosurface/node_modules/expand-brackets/node_modules/extend-shallow/index.js
  neurosurf/inst/htmlwidgets/neurosurface/node_modules/expand-brackets/node_modules/extend-shallow/package.json
  neurosurf/inst/htmlwidgets/neurosurface/node_modules/expand-brackets/node_modules/is-descriptor/.editorconfig
  neurosurf/inst/htmlwidgets/neurosurface/node_modules/expand-brackets/node_modules/is-descriptor/.eslintrc
  neurosurf/inst/htmlwidgets/neurosurface/node_modules/expand-brackets/node_modules/is-descriptor/.github/FUNDING.yml
  neurosurf/inst/htmlwidgets/neurosurface/node_modules/expand-brackets/node_modules/is-descriptor/.nycrc
  neurosurf/inst/htmlwidgets/neurosurface/node_modules/expand-brackets/node_modules/is-descriptor/CHANGELOG.md
  neurosurf/inst/htmlwidgets/neurosurface/node_modules/expand-brackets/node_modules/is-descriptor/LICENSE
  neurosurf/inst/htmlwidgets/neurosurface/node_modules/expand-brackets/node_modules/is-descriptor/README.md
  neurosurf/inst/htmlwidgets/neurosurface/node_modules/expand-brackets/node_modules/is-descriptor/index.js
  neurosurf/inst/htmlwidgets/neurosurface/node_modules/expand-brackets/node_modules/is-descriptor/package.json
  neurosurf/inst/htmlwidgets/neurosurface/node_modules/expand-brackets/node_modules/is-descriptor/test/index.js
  neurosurf/inst/htmlwidgets/neurosurface/node_modules/expand-brackets/node_modules/is-extendable/LICENSE
  neurosurf/inst/htmlwidgets/neurosurface/node_modules/expand-brackets/node_modules/is-extendable/README.md
  neurosurf/inst/htmlwidgets/neurosurface/node_modules/expand-brackets/node_modules/is-extendable/index.js
  neurosurf/inst/htmlwidgets/neurosurface/node_modules/expand-brackets/node_modules/is-extendable/package.json
  neurosurf/inst/htmlwidgets/neurosurface/node_modules/extglob/node_modules/define-property/package.json
  neurosurf/inst/htmlwidgets/neurosurface/node_modules/extglob/node_modules/extend-shallow/package.json
  neurosurf/inst/htmlwidgets/neurosurface/node_modules/fast-uri/.github/workflows/package-manager-ci.yml
  neurosurf/inst/htmlwidgets/neurosurface/node_modules/findup-sync/node_modules/braces/lib/compilers.js
  neurosurf/inst/htmlwidgets/neurosurface/node_modules/findup-sync/node_modules/braces/node_modules/extend-shallow/LICENSE
  neurosurf/inst/htmlwidgets/neurosurface/node_modules/findup-sync/node_modules/braces/node_modules/extend-shallow/README.md
  neurosurf/inst/htmlwidgets/neurosurface/node_modules/findup-sync/node_modules/braces/node_modules/extend-shallow/index.js
  neurosurf/inst/htmlwidgets/neurosurface/node_modules/findup-sync/node_modules/braces/node_modules/extend-shallow/package.json
  neurosurf/inst/htmlwidgets/neurosurface/node_modules/findup-sync/node_modules/fill-range/node_modules/extend-shallow/LICENSE
  neurosurf/inst/htmlwidgets/neurosurface/node_modules/findup-sync/node_modules/fill-range/node_modules/extend-shallow/README.md
  neurosurf/inst/htmlwidgets/neurosurface/node_modules/findup-sync/node_modules/fill-range/node_modules/extend-shallow/index.js
  neurosurf/inst/htmlwidgets/neurosurface/node_modules/findup-sync/node_modules/fill-range/node_modules/extend-shallow/package.json
  neurosurf/inst/htmlwidgets/neurosurface/node_modules/findup-sync/node_modules/fill-range/package.json
  neurosurf/inst/htmlwidgets/neurosurface/node_modules/findup-sync/node_modules/is-extendable/README.md
  neurosurf/inst/htmlwidgets/neurosurface/node_modules/findup-sync/node_modules/is-extendable/package.json
  neurosurf/inst/htmlwidgets/neurosurface/node_modules/findup-sync/node_modules/is-number/node_modules/kind-of/LICENSE
  neurosurf/inst/htmlwidgets/neurosurface/node_modules/findup-sync/node_modules/is-number/node_modules/kind-of/README.md
  neurosurf/inst/htmlwidgets/neurosurface/node_modules/findup-sync/node_modules/is-number/node_modules/kind-of/index.js
  neurosurf/inst/htmlwidgets/neurosurface/node_modules/findup-sync/node_modules/is-number/node_modules/kind-of/package.json
  neurosurf/inst/htmlwidgets/neurosurface/node_modules/findup-sync/node_modules/micromatch/CHANGELOG.md
  neurosurf/inst/htmlwidgets/neurosurface/node_modules/findup-sync/node_modules/micromatch/lib/cache.js
  neurosurf/inst/htmlwidgets/neurosurface/node_modules/findup-sync/node_modules/micromatch/lib/compilers.js
  neurosurf/inst/htmlwidgets/neurosurface/node_modules/findup-sync/node_modules/micromatch/lib/parsers.js
  neurosurf/inst/htmlwidgets/neurosurface/node_modules/findup-sync/node_modules/micromatch/lib/utils.js
  neurosurf/inst/htmlwidgets/neurosurface/node_modules/findup-sync/node_modules/micromatch/package.json
  neurosurf/inst/htmlwidgets/neurosurface/node_modules/findup-sync/node_modules/to-regex-range/README.md
  neurosurf/inst/htmlwidgets/neurosurface/node_modules/findup-sync/node_modules/to-regex-range/index.js
  neurosurf/inst/htmlwidgets/neurosurface/node_modules/findup-sync/node_modules/to-regex-range/package.json
  neurosurf/inst/htmlwidgets/neurosurface/node_modules/fsevents/build/Release/.deps/Release/obj.target/fse/fsevents.o.d
  neurosurf/inst/htmlwidgets/neurosurface/node_modules/fsevents/build/Release/obj.target/fse/fsevents.o
  neurosurf/inst/htmlwidgets/neurosurface/node_modules/glob-stream/node_modules/glob-parent/package.json
  neurosurf/inst/htmlwidgets/neurosurface/node_modules/gulp-cli/lib/versioned/^3.7.0/log/tasks-simple.js
  neurosurf/inst/htmlwidgets/neurosurface/node_modules/gulp-cli/lib/versioned/^4.0.0/log/tasks-simple.js
  neurosurf/inst/htmlwidgets/neurosurface/node_modules/has-symbols/test/shams/get-own-property-symbols.js
  neurosurf/inst/htmlwidgets/neurosurface/node_modules/has-values/node_modules/is-number/node_modules/kind-of/LICENSE
  neurosurf/inst/htmlwidgets/neurosurface/node_modules/has-values/node_modules/is-number/node_modules/kind-of/README.md
  neurosurf/inst/htmlwidgets/neurosurface/node_modules/has-values/node_modules/is-number/node_modules/kind-of/index.js
  neurosurf/inst/htmlwidgets/neurosurface/node_modules/has-values/node_modules/is-number/node_modules/kind-of/package.json
  neurosurf/inst/htmlwidgets/neurosurface/node_modules/jest-worker/build/workers/ChildProcessWorker.d.ts
  neurosurf/inst/htmlwidgets/neurosurface/node_modules/jest-worker/build/workers/NodeThreadsWorker.d.ts
  neurosurf/inst/htmlwidgets/neurosurface/node_modules/jest-worker/node_modules/supports-color/browser.js
  neurosurf/inst/htmlwidgets/neurosurface/node_modules/jest-worker/node_modules/supports-color/index.js
  neurosurf/inst/htmlwidgets/neurosurface/node_modules/jest-worker/node_modules/supports-color/package.json
  neurosurf/inst/htmlwidgets/neurosurface/node_modules/jest-worker/node_modules/supports-color/readme.md
  neurosurf/inst/htmlwidgets/neurosurface/node_modules/json-schema-traverse/.github/workflows/build.yml
  neurosurf/inst/htmlwidgets/neurosurface/node_modules/json-schema-traverse/.github/workflows/publish.yml
  neurosurf/inst/htmlwidgets/neurosurface/node_modules/json-stable-stringify-without-jsonify/.npmignore
  neurosurf/inst/htmlwidgets/neurosurface/node_modules/json-stable-stringify-without-jsonify/.travis.yml
  neurosurf/inst/htmlwidgets/neurosurface/node_modules/json-stable-stringify-without-jsonify/example/key_cmp.js
  neurosurf/inst/htmlwidgets/neurosurface/node_modules/json-stable-stringify-without-jsonify/example/nested.js
  neurosurf/inst/htmlwidgets/neurosurface/node_modules/json-stable-stringify-without-jsonify/example/str.js
  neurosurf/inst/htmlwidgets/neurosurface/node_modules/json-stable-stringify-without-jsonify/example/value_cmp.js
  neurosurf/inst/htmlwidgets/neurosurface/node_modules/json-stable-stringify-without-jsonify/package.json
  neurosurf/inst/htmlwidgets/neurosurface/node_modules/json-stable-stringify-without-jsonify/readme.markdown
  neurosurf/inst/htmlwidgets/neurosurface/node_modules/json-stable-stringify-without-jsonify/test/cmp.js
  neurosurf/inst/htmlwidgets/neurosurface/node_modules/json-stable-stringify-without-jsonify/test/nested.js
  neurosurf/inst/htmlwidgets/neurosurface/node_modules/json-stable-stringify-without-jsonify/test/replacer.js
  neurosurf/inst/htmlwidgets/neurosurface/node_modules/json-stable-stringify-without-jsonify/test/space.js
  neurosurf/inst/htmlwidgets/neurosurface/node_modules/json-stable-stringify-without-jsonify/test/str.js
  neurosurf/inst/htmlwidgets/neurosurface/node_modules/json-stable-stringify-without-jsonify/test/to-json.js
  neurosurf/inst/htmlwidgets/neurosurface/node_modules/matchdep/node_modules/braces/node_modules/extend-shallow/LICENSE
  neurosurf/inst/htmlwidgets/neurosurface/node_modules/matchdep/node_modules/braces/node_modules/extend-shallow/README.md
  neurosurf/inst/htmlwidgets/neurosurface/node_modules/matchdep/node_modules/braces/node_modules/extend-shallow/index.js
  neurosurf/inst/htmlwidgets/neurosurface/node_modules/matchdep/node_modules/braces/node_modules/extend-shallow/package.json
  neurosurf/inst/htmlwidgets/neurosurface/node_modules/matchdep/node_modules/fill-range/node_modules/extend-shallow/LICENSE
  neurosurf/inst/htmlwidgets/neurosurface/node_modules/matchdep/node_modules/fill-range/node_modules/extend-shallow/README.md
  neurosurf/inst/htmlwidgets/neurosurface/node_modules/matchdep/node_modules/fill-range/node_modules/extend-shallow/index.js
  neurosurf/inst/htmlwidgets/neurosurface/node_modules/matchdep/node_modules/fill-range/node_modules/extend-shallow/package.json
  neurosurf/inst/htmlwidgets/neurosurface/node_modules/matchdep/node_modules/is-extendable/package.json
  neurosurf/inst/htmlwidgets/neurosurface/node_modules/matchdep/node_modules/is-number/node_modules/kind-of/LICENSE
  neurosurf/inst/htmlwidgets/neurosurface/node_modules/matchdep/node_modules/is-number/node_modules/kind-of/README.md
  neurosurf/inst/htmlwidgets/neurosurface/node_modules/matchdep/node_modules/is-number/node_modules/kind-of/index.js
  neurosurf/inst/htmlwidgets/neurosurface/node_modules/matchdep/node_modules/is-number/node_modules/kind-of/package.json
  neurosurf/inst/htmlwidgets/neurosurface/node_modules/matchdep/node_modules/micromatch/lib/compilers.js
  neurosurf/inst/htmlwidgets/neurosurface/node_modules/matchdep/node_modules/to-regex-range/package.json
  neurosurf/inst/htmlwidgets/neurosurface/node_modules/node-releases/data/release-schedule/release-schedule.json
  neurosurf/inst/htmlwidgets/neurosurface/node_modules/normalize-package-data/lib/extract_description.js
  neurosurf/inst/htmlwidgets/neurosurface/node_modules/normalize-package-data/lib/warning_messages.json
  neurosurf/inst/htmlwidgets/neurosurface/node_modules/normalize-package-data/node_modules/semver/LICENSE
  neurosurf/inst/htmlwidgets/neurosurface/node_modules/normalize-package-data/node_modules/semver/README.md
  neurosurf/inst/htmlwidgets/neurosurface/node_modules/normalize-package-data/node_modules/semver/bin/semver
  neurosurf/inst/htmlwidgets/neurosurface/node_modules/normalize-package-data/node_modules/semver/package.json
  neurosurf/inst/htmlwidgets/neurosurface/node_modules/normalize-package-data/node_modules/semver/range.bnf
  neurosurf/inst/htmlwidgets/neurosurface/node_modules/normalize-package-data/node_modules/semver/semver.js
  neurosurf/inst/htmlwidgets/neurosurface/node_modules/object-copy/node_modules/define-property/LICENSE
  neurosurf/inst/htmlwidgets/neurosurface/node_modules/object-copy/node_modules/define-property/README.md
  neurosurf/inst/htmlwidgets/neurosurface/node_modules/object-copy/node_modules/define-property/index.js
  neurosurf/inst/htmlwidgets/neurosurface/node_modules/object-copy/node_modules/define-property/package.json
  neurosurf/inst/htmlwidgets/neurosurface/node_modules/object-copy/node_modules/is-descriptor/.editorconfig
  neurosurf/inst/htmlwidgets/neurosurface/node_modules/object-copy/node_modules/is-descriptor/.eslintrc
  neurosurf/inst/htmlwidgets/neurosurface/node_modules/object-copy/node_modules/is-descriptor/.github/FUNDING.yml
  neurosurf/inst/htmlwidgets/neurosurface/node_modules/object-copy/node_modules/is-descriptor/CHANGELOG.md
  neurosurf/inst/htmlwidgets/neurosurface/node_modules/object-copy/node_modules/is-descriptor/README.md
  neurosurf/inst/htmlwidgets/neurosurface/node_modules/object-copy/node_modules/is-descriptor/package.json
  neurosurf/inst/htmlwidgets/neurosurface/node_modules/object-copy/node_modules/is-descriptor/test/index.js
  neurosurf/inst/htmlwidgets/neurosurface/node_modules/read-pkg-up/node_modules/path-exists/package.json
  neurosurf/inst/htmlwidgets/neurosurface/node_modules/readable-stream/lib/internal/streams/BufferList.js
  neurosurf/inst/htmlwidgets/neurosurface/node_modules/readable-stream/lib/internal/streams/stream-browser.js
  neurosurf/inst/htmlwidgets/neurosurface/node_modules/readable-stream/node_modules/safe-buffer/LICENSE
  neurosurf/inst/htmlwidgets/neurosurface/node_modules/readable-stream/node_modules/safe-buffer/README.md
  neurosurf/inst/htmlwidgets/neurosurface/node_modules/readable-stream/node_modules/safe-buffer/index.d.ts
  neurosurf/inst/htmlwidgets/neurosurface/node_modules/readable-stream/node_modules/safe-buffer/index.js
  neurosurf/inst/htmlwidgets/neurosurface/node_modules/readable-stream/node_modules/safe-buffer/package.json
  neurosurf/inst/htmlwidgets/neurosurface/node_modules/readdirp/node_modules/braces/node_modules/extend-shallow/LICENSE
  neurosurf/inst/htmlwidgets/neurosurface/node_modules/readdirp/node_modules/braces/node_modules/extend-shallow/README.md
  neurosurf/inst/htmlwidgets/neurosurface/node_modules/readdirp/node_modules/braces/node_modules/extend-shallow/index.js
  neurosurf/inst/htmlwidgets/neurosurface/node_modules/readdirp/node_modules/braces/node_modules/extend-shallow/package.json
  neurosurf/inst/htmlwidgets/neurosurface/node_modules/readdirp/node_modules/fill-range/node_modules/extend-shallow/LICENSE
  neurosurf/inst/htmlwidgets/neurosurface/node_modules/readdirp/node_modules/fill-range/node_modules/extend-shallow/README.md
  neurosurf/inst/htmlwidgets/neurosurface/node_modules/readdirp/node_modules/fill-range/node_modules/extend-shallow/index.js
  neurosurf/inst/htmlwidgets/neurosurface/node_modules/readdirp/node_modules/fill-range/node_modules/extend-shallow/package.json
  neurosurf/inst/htmlwidgets/neurosurface/node_modules/readdirp/node_modules/is-extendable/package.json
  neurosurf/inst/htmlwidgets/neurosurface/node_modules/readdirp/node_modules/is-number/node_modules/kind-of/LICENSE
  neurosurf/inst/htmlwidgets/neurosurface/node_modules/readdirp/node_modules/is-number/node_modules/kind-of/README.md
  neurosurf/inst/htmlwidgets/neurosurface/node_modules/readdirp/node_modules/is-number/node_modules/kind-of/index.js
  neurosurf/inst/htmlwidgets/neurosurface/node_modules/readdirp/node_modules/is-number/node_modules/kind-of/package.json
  neurosurf/inst/htmlwidgets/neurosurface/node_modules/readdirp/node_modules/micromatch/lib/compilers.js
  neurosurf/inst/htmlwidgets/neurosurface/node_modules/readdirp/node_modules/to-regex-range/package.json
  neurosurf/inst/htmlwidgets/neurosurface/node_modules/resolve/test/module_dir/zmodules/bbb/package.json
  neurosurf/inst/htmlwidgets/neurosurface/node_modules/resolve/test/resolver/browser_field/package.json
  neurosurf/inst/htmlwidgets/neurosurface/node_modules/resolve/test/resolver/dot_slash_main/package.json
  neurosurf/inst/htmlwidgets/neurosurface/node_modules/resolve/test/resolver/incorrect_main/package.json
  neurosurf/inst/htmlwidgets/neurosurface/node_modules/resolve/test/resolver/multirepo/packages/package-a/index.js
  neurosurf/inst/htmlwidgets/neurosurface/node_modules/resolve/test/resolver/multirepo/packages/package-a/package.json
  neurosurf/inst/htmlwidgets/neurosurface/node_modules/resolve/test/resolver/multirepo/packages/package-b/index.js
  neurosurf/inst/htmlwidgets/neurosurface/node_modules/resolve/test/resolver/multirepo/packages/package-b/package.json
  neurosurf/inst/htmlwidgets/neurosurface/node_modules/resolve/test/resolver/nested_symlinks/mylib/async.js
  neurosurf/inst/htmlwidgets/neurosurface/node_modules/resolve/test/resolver/nested_symlinks/mylib/package.json
  neurosurf/inst/htmlwidgets/neurosurface/node_modules/resolve/test/resolver/nested_symlinks/mylib/sync.js
  neurosurf/inst/htmlwidgets/neurosurface/node_modules/resolve/test/resolver/other_path/lib/other-lib.js
  neurosurf/inst/htmlwidgets/neurosurface/node_modules/resolve/test/resolver/symlinked/_/node_modules/foo.js
  neurosurf/inst/htmlwidgets/neurosurface/node_modules/resolve/test/resolver/symlinked/_/symlink_target/.gitkeep
  neurosurf/inst/htmlwidgets/neurosurface/node_modules/resolve/test/resolver/symlinked/package/package.json
  neurosurf/inst/htmlwidgets/neurosurface/node_modules/resolve/test/shadowed_core/node_modules/util/index.js
  neurosurf/inst/htmlwidgets/neurosurface/node_modules/schema-utils/declarations/keywords/absolutePath.d.ts
  neurosurf/inst/htmlwidgets/neurosurface/node_modules/schema-utils/declarations/keywords/undefinedAsNull.d.ts
  neurosurf/inst/htmlwidgets/neurosurface/node_modules/set-value/node_modules/extend-shallow/package.json
  neurosurf/inst/htmlwidgets/neurosurface/node_modules/set-value/node_modules/is-extendable/package.json
  neurosurf/inst/htmlwidgets/neurosurface/node_modules/snapdragon-node/node_modules/define-property/LICENSE
  neurosurf/inst/htmlwidgets/neurosurface/node_modules/snapdragon-node/node_modules/define-property/README.md
  neurosurf/inst/htmlwidgets/neurosurface/node_modules/snapdragon-node/node_modules/define-property/index.js
  neurosurf/inst/htmlwidgets/neurosurface/node_modules/snapdragon-node/node_modules/define-property/package.json
  neurosurf/inst/htmlwidgets/neurosurface/node_modules/snapdragon-util/node_modules/kind-of/package.json
  neurosurf/inst/htmlwidgets/neurosurface/node_modules/snapdragon/node_modules/debug/src/inspector-log.js
  neurosurf/inst/htmlwidgets/neurosurface/node_modules/snapdragon/node_modules/define-property/README.md
  neurosurf/inst/htmlwidgets/neurosurface/node_modules/snapdragon/node_modules/define-property/index.js
  neurosurf/inst/htmlwidgets/neurosurface/node_modules/snapdragon/node_modules/define-property/package.json
  neurosurf/inst/htmlwidgets/neurosurface/node_modules/snapdragon/node_modules/extend-shallow/README.md
  neurosurf/inst/htmlwidgets/neurosurface/node_modules/snapdragon/node_modules/extend-shallow/package.json
  neurosurf/inst/htmlwidgets/neurosurface/node_modules/snapdragon/node_modules/is-descriptor/.editorconfig
  neurosurf/inst/htmlwidgets/neurosurface/node_modules/snapdragon/node_modules/is-descriptor/.github/FUNDING.yml
  neurosurf/inst/htmlwidgets/neurosurface/node_modules/snapdragon/node_modules/is-descriptor/CHANGELOG.md
  neurosurf/inst/htmlwidgets/neurosurface/node_modules/snapdragon/node_modules/is-descriptor/package.json
  neurosurf/inst/htmlwidgets/neurosurface/node_modules/snapdragon/node_modules/is-descriptor/test/index.js
  neurosurf/inst/htmlwidgets/neurosurface/node_modules/snapdragon/node_modules/is-extendable/package.json
  neurosurf/inst/htmlwidgets/neurosurface/node_modules/snapdragon/node_modules/source-map/dist/source-map.debug.js
  neurosurf/inst/htmlwidgets/neurosurface/node_modules/snapdragon/node_modules/source-map/dist/source-map.js
  neurosurf/inst/htmlwidgets/neurosurface/node_modules/snapdragon/node_modules/source-map/dist/source-map.min.js
  neurosurf/inst/htmlwidgets/neurosurface/node_modules/snapdragon/node_modules/source-map/dist/source-map.min.js.map
  neurosurf/inst/htmlwidgets/neurosurface/node_modules/snapdragon/node_modules/source-map/lib/array-set.js
  neurosurf/inst/htmlwidgets/neurosurface/node_modules/snapdragon/node_modules/source-map/lib/base64-vlq.js
  neurosurf/inst/htmlwidgets/neurosurface/node_modules/snapdragon/node_modules/source-map/lib/base64.js
  neurosurf/inst/htmlwidgets/neurosurface/node_modules/snapdragon/node_modules/source-map/lib/binary-search.js
  neurosurf/inst/htmlwidgets/neurosurface/node_modules/snapdragon/node_modules/source-map/lib/mapping-list.js
  neurosurf/inst/htmlwidgets/neurosurface/node_modules/snapdragon/node_modules/source-map/lib/quick-sort.js
  neurosurf/inst/htmlwidgets/neurosurface/node_modules/snapdragon/node_modules/source-map/lib/source-map-consumer.js
  neurosurf/inst/htmlwidgets/neurosurface/node_modules/snapdragon/node_modules/source-map/lib/source-map-generator.js
  neurosurf/inst/htmlwidgets/neurosurface/node_modules/snapdragon/node_modules/source-map/lib/source-node.js
  neurosurf/inst/htmlwidgets/neurosurface/node_modules/snapdragon/node_modules/source-map/source-map.js
  neurosurf/inst/htmlwidgets/neurosurface/node_modules/source-map-resolve/lib/source-map-resolve-node.js
  neurosurf/inst/htmlwidgets/neurosurface/node_modules/source-map-support/browser-source-map-support.js
  neurosurf/inst/htmlwidgets/neurosurface/node_modules/static-extend/node_modules/define-property/LICENSE
  neurosurf/inst/htmlwidgets/neurosurface/node_modules/static-extend/node_modules/define-property/README.md
  neurosurf/inst/htmlwidgets/neurosurface/node_modules/static-extend/node_modules/define-property/index.js
  neurosurf/inst/htmlwidgets/neurosurface/node_modules/static-extend/node_modules/define-property/package.json
  neurosurf/inst/htmlwidgets/neurosurface/node_modules/static-extend/node_modules/is-descriptor/.editorconfig
  neurosurf/inst/htmlwidgets/neurosurface/node_modules/static-extend/node_modules/is-descriptor/.eslintrc
  neurosurf/inst/htmlwidgets/neurosurface/node_modules/static-extend/node_modules/is-descriptor/.github/FUNDING.yml
  neurosurf/inst/htmlwidgets/neurosurface/node_modules/static-extend/node_modules/is-descriptor/CHANGELOG.md
  neurosurf/inst/htmlwidgets/neurosurface/node_modules/static-extend/node_modules/is-descriptor/LICENSE
  neurosurf/inst/htmlwidgets/neurosurface/node_modules/static-extend/node_modules/is-descriptor/README.md
  neurosurf/inst/htmlwidgets/neurosurface/node_modules/static-extend/node_modules/is-descriptor/index.js
  neurosurf/inst/htmlwidgets/neurosurface/node_modules/static-extend/node_modules/is-descriptor/package.json
  neurosurf/inst/htmlwidgets/neurosurface/node_modules/static-extend/node_modules/is-descriptor/test/index.js
  neurosurf/inst/htmlwidgets/neurosurface/node_modules/string_decoder/node_modules/safe-buffer/README.md
  neurosurf/inst/htmlwidgets/neurosurface/node_modules/string_decoder/node_modules/safe-buffer/index.d.ts
  neurosurf/inst/htmlwidgets/neurosurface/node_modules/string_decoder/node_modules/safe-buffer/index.js
  neurosurf/inst/htmlwidgets/neurosurface/node_modules/string_decoder/node_modules/safe-buffer/package.json
  neurosurf/inst/htmlwidgets/neurosurface/node_modules/supports-preserve-symlinks-flag/.github/FUNDING.yml
  neurosurf/inst/htmlwidgets/neurosurface/node_modules/terser-webpack-plugin/node_modules/has-flag/index.d.ts
  neurosurf/inst/htmlwidgets/neurosurface/node_modules/terser-webpack-plugin/node_modules/has-flag/index.js
  neurosurf/inst/htmlwidgets/neurosurface/node_modules/terser-webpack-plugin/node_modules/has-flag/license
  neurosurf/inst/htmlwidgets/neurosurface/node_modules/terser-webpack-plugin/node_modules/has-flag/package.json
  neurosurf/inst/htmlwidgets/neurosurface/node_modules/terser-webpack-plugin/node_modules/has-flag/readme.md
  neurosurf/inst/htmlwidgets/neurosurface/node_modules/terser-webpack-plugin/node_modules/jest-worker/LICENSE
  neurosurf/inst/htmlwidgets/neurosurface/node_modules/terser-webpack-plugin/node_modules/jest-worker/README.md
  neurosurf/inst/htmlwidgets/neurosurface/node_modules/terser-webpack-plugin/node_modules/jest-worker/build/Farm.d.ts
  neurosurf/inst/htmlwidgets/neurosurface/node_modules/terser-webpack-plugin/node_modules/jest-worker/build/Farm.js
  neurosurf/inst/htmlwidgets/neurosurface/node_modules/terser-webpack-plugin/node_modules/jest-worker/build/FifoQueue.d.ts
  neurosurf/inst/htmlwidgets/neurosurface/node_modules/terser-webpack-plugin/node_modules/jest-worker/build/FifoQueue.js
  neurosurf/inst/htmlwidgets/neurosurface/node_modules/terser-webpack-plugin/node_modules/jest-worker/build/PriorityQueue.d.ts
  neurosurf/inst/htmlwidgets/neurosurface/node_modules/terser-webpack-plugin/node_modules/jest-worker/build/PriorityQueue.js
  neurosurf/inst/htmlwidgets/neurosurface/node_modules/terser-webpack-plugin/node_modules/jest-worker/build/WorkerPool.d.ts
  neurosurf/inst/htmlwidgets/neurosurface/node_modules/terser-webpack-plugin/node_modules/jest-worker/build/WorkerPool.js
  neurosurf/inst/htmlwidgets/neurosurface/node_modules/terser-webpack-plugin/node_modules/jest-worker/build/base/BaseWorkerPool.d.ts
  neurosurf/inst/htmlwidgets/neurosurface/node_modules/terser-webpack-plugin/node_modules/jest-worker/build/base/BaseWorkerPool.js
  neurosurf/inst/htmlwidgets/neurosurface/node_modules/terser-webpack-plugin/node_modules/jest-worker/build/index.d.ts
  neurosurf/inst/htmlwidgets/neurosurface/node_modules/terser-webpack-plugin/node_modules/jest-worker/build/index.js
  neurosurf/inst/htmlwidgets/neurosurface/node_modules/terser-webpack-plugin/node_modules/jest-worker/build/types.d.ts
  neurosurf/inst/htmlwidgets/neurosurface/node_modules/terser-webpack-plugin/node_modules/jest-worker/build/types.js
  neurosurf/inst/htmlwidgets/neurosurface/node_modules/terser-webpack-plugin/node_modules/jest-worker/build/workers/ChildProcessWorker.d.ts
  neurosurf/inst/htmlwidgets/neurosurface/node_modules/terser-webpack-plugin/node_modules/jest-worker/build/workers/ChildProcessWorker.js
  neurosurf/inst/htmlwidgets/neurosurface/node_modules/terser-webpack-plugin/node_modules/jest-worker/build/workers/NodeThreadsWorker.d.ts
  neurosurf/inst/htmlwidgets/neurosurface/node_modules/terser-webpack-plugin/node_modules/jest-worker/build/workers/NodeThreadsWorker.js
  neurosurf/inst/htmlwidgets/neurosurface/node_modules/terser-webpack-plugin/node_modules/jest-worker/build/workers/messageParent.d.ts
  neurosurf/inst/htmlwidgets/neurosurface/node_modules/terser-webpack-plugin/node_modules/jest-worker/build/workers/messageParent.js
  neurosurf/inst/htmlwidgets/neurosurface/node_modules/terser-webpack-plugin/node_modules/jest-worker/build/workers/processChild.d.ts
  neurosurf/inst/htmlwidgets/neurosurface/node_modules/terser-webpack-plugin/node_modules/jest-worker/build/workers/processChild.js
  neurosurf/inst/htmlwidgets/neurosurface/node_modules/terser-webpack-plugin/node_modules/jest-worker/build/workers/threadChild.d.ts
  neurosurf/inst/htmlwidgets/neurosurface/node_modules/terser-webpack-plugin/node_modules/jest-worker/build/workers/threadChild.js
  neurosurf/inst/htmlwidgets/neurosurface/node_modules/terser-webpack-plugin/node_modules/jest-worker/package.json
  neurosurf/inst/htmlwidgets/neurosurface/node_modules/terser-webpack-plugin/node_modules/serialize-javascript/LICENSE
  neurosurf/inst/htmlwidgets/neurosurface/node_modules/terser-webpack-plugin/node_modules/serialize-javascript/README.md
  neurosurf/inst/htmlwidgets/neurosurface/node_modules/terser-webpack-plugin/node_modules/serialize-javascript/index.js
  neurosurf/inst/htmlwidgets/neurosurface/node_modules/terser-webpack-plugin/node_modules/serialize-javascript/package.json
  neurosurf/inst/htmlwidgets/neurosurface/node_modules/terser-webpack-plugin/node_modules/supports-color/browser.js
  neurosurf/inst/htmlwidgets/neurosurface/node_modules/terser-webpack-plugin/node_modules/supports-color/index.js
  neurosurf/inst/htmlwidgets/neurosurface/node_modules/terser-webpack-plugin/node_modules/supports-color/license
  neurosurf/inst/htmlwidgets/neurosurface/node_modules/terser-webpack-plugin/node_modules/supports-color/package.json
  neurosurf/inst/htmlwidgets/neurosurface/node_modules/terser-webpack-plugin/node_modules/supports-color/readme.md
  neurosurf/inst/htmlwidgets/neurosurface/node_modules/three/examples/fonts/droid/droid_sans_bold.typeface.json
  neurosurf/inst/htmlwidgets/neurosurface/node_modules/three/examples/fonts/droid/droid_sans_mono_regular.typeface.json
  neurosurf/inst/htmlwidgets/neurosurface/node_modules/three/examples/fonts/droid/droid_sans_regular.typeface.json
  neurosurf/inst/htmlwidgets/neurosurface/node_modules/three/examples/fonts/droid/droid_serif_bold.typeface.json
  neurosurf/inst/htmlwidgets/neurosurface/node_modules/three/examples/fonts/droid/droid_serif_regular.typeface.json
  neurosurf/inst/htmlwidgets/neurosurface/node_modules/three/examples/fonts/gentilis_bold.typeface.json
  neurosurf/inst/htmlwidgets/neurosurface/node_modules/three/examples/fonts/gentilis_regular.typeface.json
  neurosurf/inst/htmlwidgets/neurosurface/node_modules/three/examples/fonts/helvetiker_bold.typeface.json
  neurosurf/inst/htmlwidgets/neurosurface/node_modules/three/examples/fonts/helvetiker_regular.typeface.json
  neurosurf/inst/htmlwidgets/neurosurface/node_modules/three/examples/fonts/optimer_regular.typeface.json
  neurosurf/inst/htmlwidgets/neurosurface/node_modules/three/examples/js/animation/AnimationClipCreator.js
  neurosurf/inst/htmlwidgets/neurosurface/node_modules/three/examples/js/animation/MMDAnimationHelper.js
  neurosurf/inst/htmlwidgets/neurosurface/node_modules/three/examples/js/controls/DeviceOrientationControls.js
  neurosurf/inst/htmlwidgets/neurosurface/node_modules/three/examples/js/controls/FirstPersonControls.js
  neurosurf/inst/htmlwidgets/neurosurface/node_modules/three/examples/js/controls/PointerLockControls.js
  neurosurf/inst/htmlwidgets/neurosurface/node_modules/three/examples/js/controls/experimental/CameraControls.js
  neurosurf/inst/htmlwidgets/neurosurface/node_modules/three/examples/js/effects/ParallaxBarrierEffect.js
  neurosurf/inst/htmlwidgets/neurosurface/node_modules/three/examples/js/environments/DebugEnvironment.js
  neurosurf/inst/htmlwidgets/neurosurface/node_modules/three/examples/js/environments/RoomEnvironment.js
  neurosurf/inst/htmlwidgets/neurosurface/node_modules/three/examples/js/geometries/ParametricGeometries.js
  neurosurf/inst/htmlwidgets/neurosurface/node_modules/three/examples/js/geometries/RoundedBoxGeometry.js
  neurosurf/inst/htmlwidgets/neurosurface/node_modules/three/examples/js/helpers/PositionalAudioHelper.js
  neurosurf/inst/htmlwidgets/neurosurface/node_modules/three/examples/js/helpers/RectAreaLightHelper.js
  neurosurf/inst/htmlwidgets/neurosurface/node_modules/three/examples/js/helpers/VertexNormalsHelper.js
  neurosurf/inst/htmlwidgets/neurosurface/node_modules/three/examples/js/helpers/VertexTangentsHelper.js
  neurosurf/inst/htmlwidgets/neurosurface/node_modules/three/examples/js/interactive/InteractiveGroup.js
  neurosurf/inst/htmlwidgets/neurosurface/node_modules/three/examples/js/interactive/SelectionHelper.js
  neurosurf/inst/htmlwidgets/neurosurface/node_modules/three/examples/js/libs/basis/basis_transcoder.js
  neurosurf/inst/htmlwidgets/neurosurface/node_modules/three/examples/js/libs/basis/basis_transcoder.wasm
  neurosurf/inst/htmlwidgets/neurosurface/node_modules/three/examples/js/libs/draco/draco_wasm_wrapper.js
  neurosurf/inst/htmlwidgets/neurosurface/node_modules/three/examples/js/libs/draco/gltf/draco_decoder.js
  neurosurf/inst/htmlwidgets/neurosurface/node_modules/three/examples/js/libs/draco/gltf/draco_decoder.wasm
  neurosurf/inst/htmlwidgets/neurosurface/node_modules/three/examples/js/libs/draco/gltf/draco_encoder.js
  neurosurf/inst/htmlwidgets/neurosurface/node_modules/three/examples/js/libs/draco/gltf/draco_wasm_wrapper.js
  neurosurf/inst/htmlwidgets/neurosurface/node_modules/three/examples/js/lights/RectAreaLightUniformsLib.js
  neurosurf/inst/htmlwidgets/neurosurface/node_modules/three/examples/js/loaders/HDRCubeTextureLoader.js
  neurosurf/inst/htmlwidgets/neurosurface/node_modules/three/examples/js/misc/GPUComputationRenderer.js
  neurosurf/inst/htmlwidgets/neurosurface/node_modules/three/examples/js/modifiers/EdgeSplitModifier.js
  neurosurf/inst/htmlwidgets/neurosurface/node_modules/three/examples/js/modifiers/TessellateModifier.js
  neurosurf/inst/htmlwidgets/neurosurface/node_modules/three/examples/js/objects/ReflectorForSSRPass.js
  neurosurf/inst/htmlwidgets/neurosurface/node_modules/three/examples/js/postprocessing/AdaptiveToneMappingPass.js
  neurosurf/inst/htmlwidgets/neurosurface/node_modules/three/examples/js/postprocessing/AfterimagePass.js
  neurosurf/inst/htmlwidgets/neurosurface/node_modules/three/examples/js/postprocessing/CubeTexturePass.js
  neurosurf/inst/htmlwidgets/neurosurface/node_modules/three/examples/js/postprocessing/DotScreenPass.js
  neurosurf/inst/htmlwidgets/neurosurface/node_modules/three/examples/js/postprocessing/EffectComposer.js
  neurosurf/inst/htmlwidgets/neurosurface/node_modules/three/examples/js/postprocessing/HalftonePass.js
  neurosurf/inst/htmlwidgets/neurosurface/node_modules/three/examples/js/postprocessing/SSAARenderPass.js
  neurosurf/inst/htmlwidgets/neurosurface/node_modules/three/examples/js/postprocessing/TAARenderPass.js
  neurosurf/inst/htmlwidgets/neurosurface/node_modules/three/examples/js/postprocessing/UnrealBloomPass.js
  neurosurf/inst/htmlwidgets/neurosurface/node_modules/three/examples/js/shaders/ACESFilmicToneMappingShader.js
  neurosurf/inst/htmlwidgets/neurosurface/node_modules/three/examples/js/shaders/BrightnessContrastShader.js
  neurosurf/inst/htmlwidgets/neurosurface/node_modules/three/examples/js/shaders/ColorCorrectionShader.js
  neurosurf/inst/htmlwidgets/neurosurface/node_modules/three/examples/js/shaders/DepthLimitedBlurShader.js
  neurosurf/inst/htmlwidgets/neurosurface/node_modules/three/examples/js/shaders/GammaCorrectionShader.js
  neurosurf/inst/htmlwidgets/neurosurface/node_modules/three/examples/js/shaders/HorizontalBlurShader.js
  neurosurf/inst/htmlwidgets/neurosurface/node_modules/three/examples/js/shaders/HorizontalTiltShiftShader.js
  neurosurf/inst/htmlwidgets/neurosurface/node_modules/three/examples/js/shaders/HueSaturationShader.js
  neurosurf/inst/htmlwidgets/neurosurface/node_modules/three/examples/js/shaders/LuminosityHighPassShader.js
  neurosurf/inst/htmlwidgets/neurosurface/node_modules/three/examples/js/shaders/SobelOperatorShader.js
  neurosurf/inst/htmlwidgets/neurosurface/node_modules/three/examples/js/shaders/SubsurfaceScatteringShader.js
  neurosurf/inst/htmlwidgets/neurosurface/node_modules/three/examples/js/shaders/UnpackDepthRGBAShader.js
  neurosurf/inst/htmlwidgets/neurosurface/node_modules/three/examples/js/shaders/VerticalTiltShiftShader.js
  neurosurf/inst/htmlwidgets/neurosurface/node_modules/three/examples/js/shaders/WaterRefractionShader.js
  neurosurf/inst/htmlwidgets/neurosurface/node_modules/three/examples/js/utils/GeometryCompressionUtils.js
  neurosurf/inst/htmlwidgets/neurosurface/node_modules/three/examples/jsm/animation/AnimationClipCreator.js
  neurosurf/inst/htmlwidgets/neurosurface/node_modules/three/examples/jsm/animation/MMDAnimationHelper.js
  neurosurf/inst/htmlwidgets/neurosurface/node_modules/three/examples/jsm/controls/DeviceOrientationControls.js
  neurosurf/inst/htmlwidgets/neurosurface/node_modules/three/examples/jsm/controls/FirstPersonControls.js
  neurosurf/inst/htmlwidgets/neurosurface/node_modules/three/examples/jsm/controls/PointerLockControls.js
  neurosurf/inst/htmlwidgets/neurosurface/node_modules/three/examples/jsm/controls/TrackballControls.js
  neurosurf/inst/htmlwidgets/neurosurface/node_modules/three/examples/jsm/controls/TransformControls.js
  neurosurf/inst/htmlwidgets/neurosurface/node_modules/three/examples/jsm/controls/experimental/CameraControls.js
  neurosurf/inst/htmlwidgets/neurosurface/node_modules/three/examples/jsm/effects/ParallaxBarrierEffect.js
  neurosurf/inst/htmlwidgets/neurosurface/node_modules/three/examples/jsm/effects/PeppersGhostEffect.js
  neurosurf/inst/htmlwidgets/neurosurface/node_modules/three/examples/jsm/environments/DebugEnvironment.js
  neurosurf/inst/htmlwidgets/neurosurface/node_modules/three/examples/jsm/environments/RoomEnvironment.js
  neurosurf/inst/htmlwidgets/neurosurface/node_modules/three/examples/jsm/geometries/BoxLineGeometry.js
  neurosurf/inst/htmlwidgets/neurosurface/node_modules/three/examples/jsm/geometries/LightningStrike.js
  neurosurf/inst/htmlwidgets/neurosurface/node_modules/three/examples/jsm/geometries/ParametricGeometries.js
  neurosurf/inst/htmlwidgets/neurosurface/node_modules/three/examples/jsm/geometries/RoundedBoxGeometry.js
  neurosurf/inst/htmlwidgets/neurosurface/node_modules/three/examples/jsm/helpers/PositionalAudioHelper.js
  neurosurf/inst/htmlwidgets/neurosurface/node_modules/three/examples/jsm/helpers/RectAreaLightHelper.js
  neurosurf/inst/htmlwidgets/neurosurface/node_modules/three/examples/jsm/helpers/VertexNormalsHelper.js
  neurosurf/inst/htmlwidgets/neurosurface/node_modules/three/examples/jsm/helpers/VertexTangentsHelper.js
  neurosurf/inst/htmlwidgets/neurosurface/node_modules/three/examples/jsm/interactive/InteractiveGroup.js
  neurosurf/inst/htmlwidgets/neurosurface/node_modules/three/examples/jsm/interactive/SelectionHelper.js
  neurosurf/inst/htmlwidgets/neurosurface/node_modules/three/examples/jsm/libs/OimoPhysics/OimoPhysics.js
  neurosurf/inst/htmlwidgets/neurosurface/node_modules/three/examples/jsm/libs/chevrotain.module.min.js
  neurosurf/inst/htmlwidgets/neurosurface/node_modules/three/examples/jsm/libs/meshopt_decoder.module.js
  neurosurf/inst/htmlwidgets/neurosurface/node_modules/three/examples/jsm/libs/motion-controllers.module.js
  neurosurf/inst/htmlwidgets/neurosurface/node_modules/three/examples/jsm/libs/rhino3dm/rhino3dm.module.js
  neurosurf/inst/htmlwidgets/neurosurface/node_modules/three/examples/jsm/lights/LightProbeGenerator.js
  neurosurf/inst/htmlwidgets/neurosurface/node_modules/three/examples/jsm/lights/RectAreaLightUniformsLib.js
  neurosurf/inst/htmlwidgets/neurosurface/node_modules/three/examples/jsm/lines/LineSegmentsGeometry.js
  neurosurf/inst/htmlwidgets/neurosurface/node_modules/three/examples/jsm/loaders/BasisTextureLoader.js
  neurosurf/inst/htmlwidgets/neurosurface/node_modules/three/examples/jsm/loaders/HDRCubeTextureLoader.js
  neurosurf/inst/htmlwidgets/neurosurface/node_modules/three/examples/jsm/loaders/NodeMaterialLoader.js
  neurosurf/inst/htmlwidgets/neurosurface/node_modules/three/examples/jsm/misc/GPUComputationRenderer.js
  neurosurf/inst/htmlwidgets/neurosurface/node_modules/three/examples/jsm/modifiers/EdgeSplitModifier.js
  neurosurf/inst/htmlwidgets/neurosurface/node_modules/three/examples/jsm/modifiers/SimplifyModifier.js
  neurosurf/inst/htmlwidgets/neurosurface/node_modules/three/examples/jsm/modifiers/TessellateModifier.js
  neurosurf/inst/htmlwidgets/neurosurface/node_modules/three/examples/jsm/nodes/accessors/CameraNode.js
  neurosurf/inst/htmlwidgets/neurosurface/node_modules/three/examples/jsm/nodes/accessors/ColorsNode.js
  neurosurf/inst/htmlwidgets/neurosurface/node_modules/three/examples/jsm/nodes/accessors/NormalNode.js
  neurosurf/inst/htmlwidgets/neurosurface/node_modules/three/examples/jsm/nodes/accessors/PositionNode.js
  neurosurf/inst/htmlwidgets/neurosurface/node_modules/three/examples/jsm/nodes/accessors/ReflectNode.js
  neurosurf/inst/htmlwidgets/neurosurface/node_modules/three/examples/jsm/nodes/accessors/ResolutionNode.js
  neurosurf/inst/htmlwidgets/neurosurface/node_modules/three/examples/jsm/nodes/accessors/ScreenUVNode.js
  neurosurf/inst/htmlwidgets/neurosurface/node_modules/three/examples/jsm/nodes/core/FunctionCallNode.js
  neurosurf/inst/htmlwidgets/neurosurface/node_modules/three/examples/jsm/nodes/effects/ColorAdjustmentNode.js
  neurosurf/inst/htmlwidgets/neurosurface/node_modules/three/examples/jsm/nodes/effects/LuminanceNode.js
  neurosurf/inst/htmlwidgets/neurosurface/node_modules/three/examples/jsm/nodes/inputs/CubeTextureNode.js
  neurosurf/inst/htmlwidgets/neurosurface/node_modules/three/examples/jsm/nodes/inputs/ReflectorNode.js
  neurosurf/inst/htmlwidgets/neurosurface/node_modules/three/examples/jsm/nodes/materials/BasicNodeMaterial.js
  neurosurf/inst/htmlwidgets/neurosurface/node_modules/three/examples/jsm/nodes/materials/MeshStandardNodeMaterial.js
  neurosurf/inst/htmlwidgets/neurosurface/node_modules/three/examples/jsm/nodes/materials/NodeMaterial.js
  neurosurf/inst/htmlwidgets/neurosurface/node_modules/three/examples/jsm/nodes/materials/PhongNodeMaterial.js
  neurosurf/inst/htmlwidgets/neurosurface/node_modules/three/examples/jsm/nodes/materials/SpriteNodeMaterial.js
  neurosurf/inst/htmlwidgets/neurosurface/node_modules/three/examples/jsm/nodes/materials/StandardNodeMaterial.js
  neurosurf/inst/htmlwidgets/neurosurface/node_modules/three/examples/jsm/nodes/materials/nodes/BasicNode.js
  neurosurf/inst/htmlwidgets/neurosurface/node_modules/three/examples/jsm/nodes/materials/nodes/MeshStandardNode.js
  neurosurf/inst/htmlwidgets/neurosurface/node_modules/three/examples/jsm/nodes/materials/nodes/PhongNode.js
  neurosurf/inst/htmlwidgets/neurosurface/node_modules/three/examples/jsm/nodes/materials/nodes/RawNode.js
  neurosurf/inst/htmlwidgets/neurosurface/node_modules/three/examples/jsm/nodes/materials/nodes/SpriteNode.js
  neurosurf/inst/htmlwidgets/neurosurface/node_modules/three/examples/jsm/nodes/materials/nodes/StandardNode.js
  neurosurf/inst/htmlwidgets/neurosurface/node_modules/three/examples/jsm/nodes/misc/TextureCubeNode.js
  neurosurf/inst/htmlwidgets/neurosurface/node_modules/three/examples/jsm/nodes/misc/TextureCubeUVNode.js
  neurosurf/inst/htmlwidgets/neurosurface/node_modules/three/examples/jsm/nodes/postprocessing/NodePass.js
  neurosurf/inst/htmlwidgets/neurosurface/node_modules/three/examples/jsm/nodes/postprocessing/NodePostProcessing.js
  neurosurf/inst/htmlwidgets/neurosurface/node_modules/three/examples/jsm/nodes/procedural/CheckerNode.js
  neurosurf/inst/htmlwidgets/neurosurface/node_modules/three/examples/jsm/nodes/procedural/Fractal3DNode.js
  neurosurf/inst/htmlwidgets/neurosurface/node_modules/three/examples/jsm/nodes/procedural/Noise2DNode.js
  neurosurf/inst/htmlwidgets/neurosurface/node_modules/three/examples/jsm/nodes/procedural/Noise3DNode.js
  neurosurf/inst/htmlwidgets/neurosurface/node_modules/three/examples/jsm/nodes/utils/ColorSpaceNode.js
  neurosurf/inst/htmlwidgets/neurosurface/node_modules/three/examples/jsm/nodes/utils/MaxMIPLevelNode.js
  neurosurf/inst/htmlwidgets/neurosurface/node_modules/three/examples/jsm/nodes/utils/SpecularMIPLevelNode.js
  neurosurf/inst/htmlwidgets/neurosurface/node_modules/three/examples/jsm/nodes/utils/UVTransformNode.js
  neurosurf/inst/htmlwidgets/neurosurface/node_modules/three/examples/jsm/objects/ReflectorForSSRPass.js
  neurosurf/inst/htmlwidgets/neurosurface/node_modules/three/examples/jsm/postprocessing/AdaptiveToneMappingPass.js
  neurosurf/inst/htmlwidgets/neurosurface/node_modules/three/examples/jsm/postprocessing/AfterimagePass.js
  neurosurf/inst/htmlwidgets/neurosurface/node_modules/three/examples/jsm/postprocessing/CubeTexturePass.js
  neurosurf/inst/htmlwidgets/neurosurface/node_modules/three/examples/jsm/postprocessing/DotScreenPass.js
  neurosurf/inst/htmlwidgets/neurosurface/node_modules/three/examples/jsm/postprocessing/EffectComposer.js
  neurosurf/inst/htmlwidgets/neurosurface/node_modules/three/examples/jsm/postprocessing/HalftonePass.js
  neurosurf/inst/htmlwidgets/neurosurface/node_modules/three/examples/jsm/postprocessing/OutlinePass.js
  neurosurf/inst/htmlwidgets/neurosurface/node_modules/three/examples/jsm/postprocessing/SSAARenderPass.js
  neurosurf/inst/htmlwidgets/neurosurface/node_modules/three/examples/jsm/postprocessing/TAARenderPass.js
  neurosurf/inst/htmlwidgets/neurosurface/node_modules/three/examples/jsm/postprocessing/TexturePass.js
  neurosurf/inst/htmlwidgets/neurosurface/node_modules/three/examples/jsm/postprocessing/UnrealBloomPass.js
  neurosurf/inst/htmlwidgets/neurosurface/node_modules/three/examples/jsm/renderers/nodes/accessors/CameraNode.js
  neurosurf/inst/htmlwidgets/neurosurface/node_modules/three/examples/jsm/renderers/nodes/accessors/MaterialNode.js
  neurosurf/inst/htmlwidgets/neurosurface/node_modules/three/examples/jsm/renderers/nodes/accessors/MaterialReferenceNode.js
  neurosurf/inst/htmlwidgets/neurosurface/node_modules/three/examples/jsm/renderers/nodes/accessors/ModelNode.js
  neurosurf/inst/htmlwidgets/neurosurface/node_modules/three/examples/jsm/renderers/nodes/accessors/ModelViewProjectionNode.js
  neurosurf/inst/htmlwidgets/neurosurface/node_modules/three/examples/jsm/renderers/nodes/accessors/NormalNode.js
  neurosurf/inst/htmlwidgets/neurosurface/node_modules/three/examples/jsm/renderers/nodes/accessors/Object3DNode.js
  neurosurf/inst/htmlwidgets/neurosurface/node_modules/three/examples/jsm/renderers/nodes/accessors/PositionNode.js
  neurosurf/inst/htmlwidgets/neurosurface/node_modules/three/examples/jsm/renderers/nodes/accessors/ReferenceNode.js
  neurosurf/inst/htmlwidgets/neurosurface/node_modules/three/examples/jsm/renderers/nodes/accessors/UVNode.js
  neurosurf/inst/htmlwidgets/neurosurface/node_modules/three/examples/jsm/renderers/nodes/consts/MathConsts.js
  neurosurf/inst/htmlwidgets/neurosurface/node_modules/three/examples/jsm/renderers/nodes/core/AttributeNode.js
  neurosurf/inst/htmlwidgets/neurosurface/node_modules/three/examples/jsm/renderers/nodes/core/CodeNode.js
  neurosurf/inst/htmlwidgets/neurosurface/node_modules/three/examples/jsm/renderers/nodes/core/ConstNode.js
  neurosurf/inst/htmlwidgets/neurosurface/node_modules/three/examples/jsm/renderers/nodes/core/ContextNode.js
  neurosurf/inst/htmlwidgets/neurosurface/node_modules/three/examples/jsm/renderers/nodes/core/ExpressionNode.js
  neurosurf/inst/htmlwidgets/neurosurface/node_modules/three/examples/jsm/renderers/nodes/core/FunctionCallNode.js
  neurosurf/inst/htmlwidgets/neurosurface/node_modules/three/examples/jsm/renderers/nodes/core/FunctionNode.js
  neurosurf/inst/htmlwidgets/neurosurface/node_modules/three/examples/jsm/renderers/nodes/core/InputNode.js
  neurosurf/inst/htmlwidgets/neurosurface/node_modules/three/examples/jsm/renderers/nodes/core/NodeAttribute.js
  neurosurf/inst/htmlwidgets/neurosurface/node_modules/three/examples/jsm/renderers/nodes/core/NodeBuilder.js
  neurosurf/inst/htmlwidgets/neurosurface/node_modules/three/examples/jsm/renderers/nodes/core/NodeCode.js
  neurosurf/inst/htmlwidgets/neurosurface/node_modules/three/examples/jsm/renderers/nodes/core/NodeFrame.js
  neurosurf/inst/htmlwidgets/neurosurface/node_modules/three/examples/jsm/renderers/nodes/core/NodeFunctionInput.js
  neurosurf/inst/htmlwidgets/neurosurface/node_modules/three/examples/jsm/renderers/nodes/core/NodeKeywords.js
  neurosurf/inst/htmlwidgets/neurosurface/node_modules/three/examples/jsm/renderers/nodes/core/NodeSlot.js
  neurosurf/inst/htmlwidgets/neurosurface/node_modules/three/examples/jsm/renderers/nodes/core/NodeUniform.js
  neurosurf/inst/htmlwidgets/neurosurface/node_modules/three/examples/jsm/renderers/nodes/core/NodeVar.js
  neurosurf/inst/htmlwidgets/neurosurface/node_modules/three/examples/jsm/renderers/nodes/core/NodeVary.js
  neurosurf/inst/htmlwidgets/neurosurface/node_modules/three/examples/jsm/renderers/nodes/core/PropertyNode.js
  neurosurf/inst/htmlwidgets/neurosurface/node_modules/three/examples/jsm/renderers/nodes/core/StructNode.js
  neurosurf/inst/htmlwidgets/neurosurface/node_modules/three/examples/jsm/renderers/nodes/core/StructVarNode.js
  neurosurf/inst/htmlwidgets/neurosurface/node_modules/three/examples/jsm/renderers/nodes/core/TempNode.js
  neurosurf/inst/htmlwidgets/neurosurface/node_modules/three/examples/jsm/renderers/nodes/core/VarNode.js
  neurosurf/inst/htmlwidgets/neurosurface/node_modules/three/examples/jsm/renderers/nodes/core/VaryNode.js
  neurosurf/inst/htmlwidgets/neurosurface/node_modules/three/examples/jsm/renderers/nodes/core/constants.js
  neurosurf/inst/htmlwidgets/neurosurface/node_modules/three/examples/jsm/renderers/nodes/display/ColorSpaceNode.js
  neurosurf/inst/htmlwidgets/neurosurface/node_modules/three/examples/jsm/renderers/nodes/display/NormalMapNode.js
  neurosurf/inst/htmlwidgets/neurosurface/node_modules/three/examples/jsm/renderers/nodes/functions/BSDFs.js
  neurosurf/inst/htmlwidgets/neurosurface/node_modules/three/examples/jsm/renderers/nodes/functions/EncodingFunctions.js
  neurosurf/inst/htmlwidgets/neurosurface/node_modules/three/examples/jsm/renderers/nodes/functions/MathFunctions.js
  neurosurf/inst/htmlwidgets/neurosurface/node_modules/three/examples/jsm/renderers/nodes/inputs/ColorNode.js
  neurosurf/inst/htmlwidgets/neurosurface/node_modules/three/examples/jsm/renderers/nodes/inputs/FloatNode.js
  neurosurf/inst/htmlwidgets/neurosurface/node_modules/three/examples/jsm/renderers/nodes/inputs/Matrix3Node.js
  neurosurf/inst/htmlwidgets/neurosurface/node_modules/three/examples/jsm/renderers/nodes/inputs/Matrix4Node.js
  neurosurf/inst/htmlwidgets/neurosurface/node_modules/three/examples/jsm/renderers/nodes/inputs/TextureNode.js
  neurosurf/inst/htmlwidgets/neurosurface/node_modules/three/examples/jsm/renderers/nodes/inputs/Vector2Node.js
  neurosurf/inst/htmlwidgets/neurosurface/node_modules/three/examples/jsm/renderers/nodes/inputs/Vector3Node.js
  neurosurf/inst/htmlwidgets/neurosurface/node_modules/three/examples/jsm/renderers/nodes/inputs/Vector4Node.js
  neurosurf/inst/htmlwidgets/neurosurface/node_modules/three/examples/jsm/renderers/nodes/lights/LightContextNode.js
  neurosurf/inst/htmlwidgets/neurosurface/node_modules/three/examples/jsm/renderers/nodes/lights/LightNode.js
  neurosurf/inst/htmlwidgets/neurosurface/node_modules/three/examples/jsm/renderers/nodes/lights/LightsNode.js
  neurosurf/inst/htmlwidgets/neurosurface/node_modules/three/examples/jsm/renderers/nodes/lights/PhysicalMaterialContextNode.js
  neurosurf/inst/htmlwidgets/neurosurface/node_modules/three/examples/jsm/renderers/nodes/math/MathNode.js
  neurosurf/inst/htmlwidgets/neurosurface/node_modules/three/examples/jsm/renderers/nodes/math/OperatorNode.js
  neurosurf/inst/htmlwidgets/neurosurface/node_modules/three/examples/jsm/renderers/nodes/utils/SwitchNode.js
  neurosurf/inst/htmlwidgets/neurosurface/node_modules/three/examples/jsm/renderers/nodes/utils/TimerNode.js
  neurosurf/inst/htmlwidgets/neurosurface/node_modules/three/examples/jsm/renderers/webgl/nodes/WebGLNodeBuilder.js
  neurosurf/inst/htmlwidgets/neurosurface/node_modules/three/examples/jsm/renderers/webgl/nodes/WebGLNodes.js
  neurosurf/inst/htmlwidgets/neurosurface/node_modules/three/examples/jsm/renderers/webgpu/WebGPUAttributes.js
  neurosurf/inst/htmlwidgets/neurosurface/node_modules/three/examples/jsm/renderers/webgpu/WebGPUBackground.js
  neurosurf/inst/htmlwidgets/neurosurface/node_modules/three/examples/jsm/renderers/webgpu/WebGPUBinding.js
  neurosurf/inst/htmlwidgets/neurosurface/node_modules/three/examples/jsm/renderers/webgpu/WebGPUBindings.js
  neurosurf/inst/htmlwidgets/neurosurface/node_modules/three/examples/jsm/renderers/webgpu/WebGPUComputePipelines.js
  neurosurf/inst/htmlwidgets/neurosurface/node_modules/three/examples/jsm/renderers/webgpu/WebGPUGeometries.js
  neurosurf/inst/htmlwidgets/neurosurface/node_modules/three/examples/jsm/renderers/webgpu/WebGPUInfo.js
  neurosurf/inst/htmlwidgets/neurosurface/node_modules/three/examples/jsm/renderers/webgpu/WebGPUObjects.js
  neurosurf/inst/htmlwidgets/neurosurface/node_modules/three/examples/jsm/renderers/webgpu/WebGPUProgrammableStage.js
  neurosurf/inst/htmlwidgets/neurosurface/node_modules/three/examples/jsm/renderers/webgpu/WebGPUProperties.js
  neurosurf/inst/htmlwidgets/neurosurface/node_modules/three/examples/jsm/renderers/webgpu/WebGPURenderLists.js
  neurosurf/inst/htmlwidgets/neurosurface/node_modules/three/examples/jsm/renderers/webgpu/WebGPURenderPipeline.js
  neurosurf/inst/htmlwidgets/neurosurface/node_modules/three/examples/jsm/renderers/webgpu/WebGPURenderPipelines.js
  neurosurf/inst/htmlwidgets/neurosurface/node_modules/three/examples/jsm/renderers/webgpu/WebGPURenderer.js
  neurosurf/inst/htmlwidgets/neurosurface/node_modules/three/examples/jsm/renderers/webgpu/WebGPUSampledTexture.js
  neurosurf/inst/htmlwidgets/neurosurface/node_modules/three/examples/jsm/renderers/webgpu/WebGPUSampler.js
  neurosurf/inst/htmlwidgets/neurosurface/node_modules/three/examples/jsm/renderers/webgpu/WebGPUStorageBuffer.js
  neurosurf/inst/htmlwidgets/neurosurface/node_modules/three/examples/jsm/renderers/webgpu/WebGPUTextureRenderer.js
  neurosurf/inst/htmlwidgets/neurosurface/node_modules/three/examples/jsm/renderers/webgpu/WebGPUTextureUtils.js
  neurosurf/inst/htmlwidgets/neurosurface/node_modules/three/examples/jsm/renderers/webgpu/WebGPUTextures.js
  neurosurf/inst/htmlwidgets/neurosurface/node_modules/three/examples/jsm/renderers/webgpu/WebGPUUniform.js
  neurosurf/inst/htmlwidgets/neurosurface/node_modules/three/examples/jsm/renderers/webgpu/WebGPUUniformsGroup.js
  neurosurf/inst/htmlwidgets/neurosurface/node_modules/three/examples/jsm/renderers/webgpu/constants.js
  neurosurf/inst/htmlwidgets/neurosurface/node_modules/three/examples/jsm/renderers/webgpu/nodes/ShaderLib.js
  neurosurf/inst/htmlwidgets/neurosurface/node_modules/three/examples/jsm/renderers/webgpu/nodes/WebGPUNodeBuilder.js
  neurosurf/inst/htmlwidgets/neurosurface/node_modules/three/examples/jsm/renderers/webgpu/nodes/WebGPUNodeSampledTexture.js
  neurosurf/inst/htmlwidgets/neurosurface/node_modules/three/examples/jsm/renderers/webgpu/nodes/WebGPUNodeSampler.js
  neurosurf/inst/htmlwidgets/neurosurface/node_modules/three/examples/jsm/renderers/webgpu/nodes/WebGPUNodeUniform.js
  neurosurf/inst/htmlwidgets/neurosurface/node_modules/three/examples/jsm/renderers/webgpu/nodes/WebGPUNodeUniformsGroup.js
  neurosurf/inst/htmlwidgets/neurosurface/node_modules/three/examples/jsm/renderers/webgpu/nodes/WebGPUNodes.js
  neurosurf/inst/htmlwidgets/neurosurface/node_modules/three/examples/jsm/shaders/ACESFilmicToneMappingShader.js
  neurosurf/inst/htmlwidgets/neurosurface/node_modules/three/examples/jsm/shaders/BleachBypassShader.js
  neurosurf/inst/htmlwidgets/neurosurface/node_modules/three/examples/jsm/shaders/BrightnessContrastShader.js
  neurosurf/inst/htmlwidgets/neurosurface/node_modules/three/examples/jsm/shaders/ColorCorrectionShader.js
  neurosurf/inst/htmlwidgets/neurosurface/node_modules/three/examples/jsm/shaders/DepthLimitedBlurShader.js
  neurosurf/inst/htmlwidgets/neurosurface/node_modules/three/examples/jsm/shaders/GammaCorrectionShader.js
  neurosurf/inst/htmlwidgets/neurosurface/node_modules/three/examples/jsm/shaders/HorizontalBlurShader.js
  neurosurf/inst/htmlwidgets/neurosurface/node_modules/three/examples/jsm/shaders/HorizontalTiltShiftShader.js
  neurosurf/inst/htmlwidgets/neurosurface/node_modules/three/examples/jsm/shaders/HueSaturationShader.js
  neurosurf/inst/htmlwidgets/neurosurface/node_modules/three/examples/jsm/shaders/LuminosityHighPassShader.js
  neurosurf/inst/htmlwidgets/neurosurface/node_modules/three/examples/jsm/shaders/SobelOperatorShader.js
  neurosurf/inst/htmlwidgets/neurosurface/node_modules/three/examples/jsm/shaders/SubsurfaceScatteringShader.js
  neurosurf/inst/htmlwidgets/neurosurface/node_modules/three/examples/jsm/shaders/TriangleBlurShader.js
  neurosurf/inst/htmlwidgets/neurosurface/node_modules/three/examples/jsm/shaders/UnpackDepthRGBAShader.js
  neurosurf/inst/htmlwidgets/neurosurface/node_modules/three/examples/jsm/shaders/VerticalBlurShader.js
  neurosurf/inst/htmlwidgets/neurosurface/node_modules/three/examples/jsm/shaders/VerticalTiltShiftShader.js
  neurosurf/inst/htmlwidgets/neurosurface/node_modules/three/examples/jsm/shaders/WaterRefractionShader.js
  neurosurf/inst/htmlwidgets/neurosurface/node_modules/three/examples/jsm/utils/GeometryCompressionUtils.js
  neurosurf/inst/htmlwidgets/neurosurface/node_modules/three/examples/jsm/webxr/OculusHandPointerModel.js
  neurosurf/inst/htmlwidgets/neurosurface/node_modules/three/examples/jsm/webxr/XRControllerModelFactory.js
  neurosurf/inst/htmlwidgets/neurosurface/node_modules/three/examples/jsm/webxr/XRHandPrimitiveModel.js
  neurosurf/inst/htmlwidgets/neurosurface/node_modules/three/src/animation/tracks/BooleanKeyframeTrack.js
  neurosurf/inst/htmlwidgets/neurosurface/node_modules/three/src/animation/tracks/ColorKeyframeTrack.js
  neurosurf/inst/htmlwidgets/neurosurface/node_modules/three/src/animation/tracks/NumberKeyframeTrack.js
  neurosurf/inst/htmlwidgets/neurosurface/node_modules/three/src/animation/tracks/QuaternionKeyframeTrack.js
  neurosurf/inst/htmlwidgets/neurosurface/node_modules/three/src/animation/tracks/StringKeyframeTrack.js
  neurosurf/inst/htmlwidgets/neurosurface/node_modules/three/src/animation/tracks/VectorKeyframeTrack.js
  neurosurf/inst/htmlwidgets/neurosurface/node_modules/three/src/extras/curves/QuadraticBezierCurve3.js
  neurosurf/inst/htmlwidgets/neurosurface/node_modules/three/src/extras/objects/ImmediateRenderObject.js
  neurosurf/inst/htmlwidgets/neurosurface/node_modules/three/src/math/interpolants/DiscreteInterpolant.js
  neurosurf/inst/htmlwidgets/neurosurface/node_modules/three/src/math/interpolants/LinearInterpolant.js
  neurosurf/inst/htmlwidgets/neurosurface/node_modules/three/src/math/interpolants/QuaternionLinearInterpolant.js
  neurosurf/inst/htmlwidgets/neurosurface/node_modules/three/src/renderers/WebGLMultipleRenderTargets.js
  neurosurf/inst/htmlwidgets/neurosurface/node_modules/three/src/renderers/WebGLMultisampleRenderTarget.js
  neurosurf/inst/htmlwidgets/neurosurface/node_modules/three/src/renderers/shaders/ShaderChunk/alphamap_fragment.glsl.js
  neurosurf/inst/htmlwidgets/neurosurface/node_modules/three/src/renderers/shaders/ShaderChunk/alphamap_pars_fragment.glsl.js
  neurosurf/inst/htmlwidgets/neurosurface/node_modules/three/src/renderers/shaders/ShaderChunk/alphatest_fragment.glsl.js
  neurosurf/inst/htmlwidgets/neurosurface/node_modules/three/src/renderers/shaders/ShaderChunk/alphatest_pars_fragment.glsl.js
  neurosurf/inst/htmlwidgets/neurosurface/node_modules/three/src/renderers/shaders/ShaderChunk/aomap_fragment.glsl.js
  neurosurf/inst/htmlwidgets/neurosurface/node_modules/three/src/renderers/shaders/ShaderChunk/aomap_pars_fragment.glsl.js
  neurosurf/inst/htmlwidgets/neurosurface/node_modules/three/src/renderers/shaders/ShaderChunk/begin_vertex.glsl.js
  neurosurf/inst/htmlwidgets/neurosurface/node_modules/three/src/renderers/shaders/ShaderChunk/beginnormal_vertex.glsl.js
  neurosurf/inst/htmlwidgets/neurosurface/node_modules/three/src/renderers/shaders/ShaderChunk/bsdfs.glsl.js
  neurosurf/inst/htmlwidgets/neurosurface/node_modules/three/src/renderers/shaders/ShaderChunk/bumpmap_pars_fragment.glsl.js
  neurosurf/inst/htmlwidgets/neurosurface/node_modules/three/src/renderers/shaders/ShaderChunk/clearcoat_normal_fragment_begin.glsl.js
  neurosurf/inst/htmlwidgets/neurosurface/node_modules/three/src/renderers/shaders/ShaderChunk/clearcoat_normal_fragment_maps.glsl.js
  neurosurf/inst/htmlwidgets/neurosurface/node_modules/three/src/renderers/shaders/ShaderChunk/clearcoat_pars_fragment.glsl.js
  neurosurf/inst/htmlwidgets/neurosurface/node_modules/three/src/renderers/shaders/ShaderChunk/clipping_planes_fragment.glsl.js
  neurosurf/inst/htmlwidgets/neurosurface/node_modules/three/src/renderers/shaders/ShaderChunk/clipping_planes_pars_fragment.glsl.js
  neurosurf/inst/htmlwidgets/neurosurface/node_modules/three/src/renderers/shaders/ShaderChunk/clipping_planes_pars_vertex.glsl.js
  neurosurf/inst/htmlwidgets/neurosurface/node_modules/three/src/renderers/shaders/ShaderChunk/clipping_planes_vertex.glsl.js
  neurosurf/inst/htmlwidgets/neurosurface/node_modules/three/src/renderers/shaders/ShaderChunk/color_fragment.glsl.js
  neurosurf/inst/htmlwidgets/neurosurface/node_modules/three/src/renderers/shaders/ShaderChunk/color_pars_fragment.glsl.js
  neurosurf/inst/htmlwidgets/neurosurface/node_modules/three/src/renderers/shaders/ShaderChunk/color_pars_vertex.glsl.js
  neurosurf/inst/htmlwidgets/neurosurface/node_modules/three/src/renderers/shaders/ShaderChunk/color_vertex.glsl.js
  neurosurf/inst/htmlwidgets/neurosurface/node_modules/three/src/renderers/shaders/ShaderChunk/common.glsl.js
  neurosurf/inst/htmlwidgets/neurosurface/node_modules/three/src/renderers/shaders/ShaderChunk/cube_uv_reflection_fragment.glsl.js
  neurosurf/inst/htmlwidgets/neurosurface/node_modules/three/src/renderers/shaders/ShaderChunk/default_fragment.glsl.js
  neurosurf/inst/htmlwidgets/neurosurface/node_modules/three/src/renderers/shaders/ShaderChunk/default_vertex.glsl.js
  neurosurf/inst/htmlwidgets/neurosurface/node_modules/three/src/renderers/shaders/ShaderChunk/defaultnormal_vertex.glsl.js
  neurosurf/inst/htmlwidgets/neurosurface/node_modules/three/src/renderers/shaders/ShaderChunk/displacementmap_pars_vertex.glsl.js
  neurosurf/inst/htmlwidgets/neurosurface/node_modules/three/src/renderers/shaders/ShaderChunk/displacementmap_vertex.glsl.js
  neurosurf/inst/htmlwidgets/neurosurface/node_modules/three/src/renderers/shaders/ShaderChunk/dithering_fragment.glsl.js
  neurosurf/inst/htmlwidgets/neurosurface/node_modules/three/src/renderers/shaders/ShaderChunk/dithering_pars_fragment.glsl.js
  neurosurf/inst/htmlwidgets/neurosurface/node_modules/three/src/renderers/shaders/ShaderChunk/emissivemap_fragment.glsl.js
  neurosurf/inst/htmlwidgets/neurosurface/node_modules/three/src/renderers/shaders/ShaderChunk/emissivemap_pars_fragment.glsl.js
  neurosurf/inst/htmlwidgets/neurosurface/node_modules/three/src/renderers/shaders/ShaderChunk/encodings_fragment.glsl.js
  neurosurf/inst/htmlwidgets/neurosurface/node_modules/three/src/renderers/shaders/ShaderChunk/encodings_pars_fragment.glsl.js
  neurosurf/inst/htmlwidgets/neurosurface/node_modules/three/src/renderers/shaders/ShaderChunk/envmap_common_pars_fragment.glsl.js
  neurosurf/inst/htmlwidgets/neurosurface/node_modules/three/src/renderers/shaders/ShaderChunk/envmap_fragment.glsl.js
  neurosurf/inst/htmlwidgets/neurosurface/node_modules/three/src/renderers/shaders/ShaderChunk/envmap_pars_fragment.glsl.js
  neurosurf/inst/htmlwidgets/neurosurface/node_modules/three/src/renderers/shaders/ShaderChunk/envmap_pars_vertex.glsl.js
  neurosurf/inst/htmlwidgets/neurosurface/node_modules/three/src/renderers/shaders/ShaderChunk/envmap_physical_pars_fragment.glsl.js
  neurosurf/inst/htmlwidgets/neurosurface/node_modules/three/src/renderers/shaders/ShaderChunk/envmap_vertex.glsl.js
  neurosurf/inst/htmlwidgets/neurosurface/node_modules/three/src/renderers/shaders/ShaderChunk/fog_fragment.glsl.js
  neurosurf/inst/htmlwidgets/neurosurface/node_modules/three/src/renderers/shaders/ShaderChunk/fog_pars_fragment.glsl.js
  neurosurf/inst/htmlwidgets/neurosurface/node_modules/three/src/renderers/shaders/ShaderChunk/fog_pars_vertex.glsl.js
  neurosurf/inst/htmlwidgets/neurosurface/node_modules/three/src/renderers/shaders/ShaderChunk/fog_vertex.glsl.js
  neurosurf/inst/htmlwidgets/neurosurface/node_modules/three/src/renderers/shaders/ShaderChunk/gradientmap_pars_fragment.glsl.js
  neurosurf/inst/htmlwidgets/neurosurface/node_modules/three/src/renderers/shaders/ShaderChunk/lightmap_fragment.glsl.js
  neurosurf/inst/htmlwidgets/neurosurface/node_modules/three/src/renderers/shaders/ShaderChunk/lightmap_pars_fragment.glsl.js
  neurosurf/inst/htmlwidgets/neurosurface/node_modules/three/src/renderers/shaders/ShaderChunk/lights_fragment_begin.glsl.js
  neurosurf/inst/htmlwidgets/neurosurface/node_modules/three/src/renderers/shaders/ShaderChunk/lights_fragment_end.glsl.js
  neurosurf/inst/htmlwidgets/neurosurface/node_modules/three/src/renderers/shaders/ShaderChunk/lights_fragment_maps.glsl.js
  neurosurf/inst/htmlwidgets/neurosurface/node_modules/three/src/renderers/shaders/ShaderChunk/lights_lambert_vertex.glsl.js
  neurosurf/inst/htmlwidgets/neurosurface/node_modules/three/src/renderers/shaders/ShaderChunk/lights_pars_begin.glsl.js
  neurosurf/inst/htmlwidgets/neurosurface/node_modules/three/src/renderers/shaders/ShaderChunk/lights_phong_fragment.glsl.js
  neurosurf/inst/htmlwidgets/neurosurface/node_modules/three/src/renderers/shaders/ShaderChunk/lights_phong_pars_fragment.glsl.js
  neurosurf/inst/htmlwidgets/neurosurface/node_modules/three/src/renderers/shaders/ShaderChunk/lights_physical_fragment.glsl.js
  neurosurf/inst/htmlwidgets/neurosurface/node_modules/three/src/renderers/shaders/ShaderChunk/lights_physical_pars_fragment.glsl.js
  neurosurf/inst/htmlwidgets/neurosurface/node_modules/three/src/renderers/shaders/ShaderChunk/lights_toon_fragment.glsl.js
  neurosurf/inst/htmlwidgets/neurosurface/node_modules/three/src/renderers/shaders/ShaderChunk/lights_toon_pars_fragment.glsl.js
  neurosurf/inst/htmlwidgets/neurosurface/node_modules/three/src/renderers/shaders/ShaderChunk/logdepthbuf_fragment.glsl.js
  neurosurf/inst/htmlwidgets/neurosurface/node_modules/three/src/renderers/shaders/ShaderChunk/logdepthbuf_pars_fragment.glsl.js
  neurosurf/inst/htmlwidgets/neurosurface/node_modules/three/src/renderers/shaders/ShaderChunk/logdepthbuf_pars_vertex.glsl.js
  neurosurf/inst/htmlwidgets/neurosurface/node_modules/three/src/renderers/shaders/ShaderChunk/logdepthbuf_vertex.glsl.js
  neurosurf/inst/htmlwidgets/neurosurface/node_modules/three/src/renderers/shaders/ShaderChunk/map_fragment.glsl.js
  neurosurf/inst/htmlwidgets/neurosurface/node_modules/three/src/renderers/shaders/ShaderChunk/map_pars_fragment.glsl.js
  neurosurf/inst/htmlwidgets/neurosurface/node_modules/three/src/renderers/shaders/ShaderChunk/map_particle_fragment.glsl.js
  neurosurf/inst/htmlwidgets/neurosurface/node_modules/three/src/renderers/shaders/ShaderChunk/map_particle_pars_fragment.glsl.js
  neurosurf/inst/htmlwidgets/neurosurface/node_modules/three/src/renderers/shaders/ShaderChunk/metalnessmap_fragment.glsl.js
  neurosurf/inst/htmlwidgets/neurosurface/node_modules/three/src/renderers/shaders/ShaderChunk/metalnessmap_pars_fragment.glsl.js
  neurosurf/inst/htmlwidgets/neurosurface/node_modules/three/src/renderers/shaders/ShaderChunk/morphnormal_vertex.glsl.js
  neurosurf/inst/htmlwidgets/neurosurface/node_modules/three/src/renderers/shaders/ShaderChunk/morphtarget_pars_vertex.glsl.js
  neurosurf/inst/htmlwidgets/neurosurface/node_modules/three/src/renderers/shaders/ShaderChunk/morphtarget_vertex.glsl.js
  neurosurf/inst/htmlwidgets/neurosurface/node_modules/three/src/renderers/shaders/ShaderChunk/normal_fragment_begin.glsl.js
  neurosurf/inst/htmlwidgets/neurosurface/node_modules/three/src/renderers/shaders/ShaderChunk/normal_fragment_maps.glsl.js
  neurosurf/inst/htmlwidgets/neurosurface/node_modules/three/src/renderers/shaders/ShaderChunk/normal_pars_fragment.glsl.js
  neurosurf/inst/htmlwidgets/neurosurface/node_modules/three/src/renderers/shaders/ShaderChunk/normal_pars_vertex.glsl.js
  neurosurf/inst/htmlwidgets/neurosurface/node_modules/three/src/renderers/shaders/ShaderChunk/normal_vertex.glsl.js
  neurosurf/inst/htmlwidgets/neurosurface/node_modules/three/src/renderers/shaders/ShaderChunk/normalmap_pars_fragment.glsl.js
  neurosurf/inst/htmlwidgets/neurosurface/node_modules/three/src/renderers/shaders/ShaderChunk/output_fragment.glsl.js
  neurosurf/inst/htmlwidgets/neurosurface/node_modules/three/src/renderers/shaders/ShaderChunk/packing.glsl.js
  neurosurf/inst/htmlwidgets/neurosurface/node_modules/three/src/renderers/shaders/ShaderChunk/premultiplied_alpha_fragment.glsl.js
  neurosurf/inst/htmlwidgets/neurosurface/node_modules/three/src/renderers/shaders/ShaderChunk/project_vertex.glsl.js
  neurosurf/inst/htmlwidgets/neurosurface/node_modules/three/src/renderers/shaders/ShaderChunk/roughnessmap_fragment.glsl.js
  neurosurf/inst/htmlwidgets/neurosurface/node_modules/three/src/renderers/shaders/ShaderChunk/roughnessmap_pars_fragment.glsl.js
  neurosurf/inst/htmlwidgets/neurosurface/node_modules/three/src/renderers/shaders/ShaderChunk/shadowmap_pars_fragment.glsl.js
  neurosurf/inst/htmlwidgets/neurosurface/node_modules/three/src/renderers/shaders/ShaderChunk/shadowmap_pars_vertex.glsl.js
  neurosurf/inst/htmlwidgets/neurosurface/node_modules/three/src/renderers/shaders/ShaderChunk/shadowmap_vertex.glsl.js
  neurosurf/inst/htmlwidgets/neurosurface/node_modules/three/src/renderers/shaders/ShaderChunk/shadowmask_pars_fragment.glsl.js
  neurosurf/inst/htmlwidgets/neurosurface/node_modules/three/src/renderers/shaders/ShaderChunk/skinbase_vertex.glsl.js
  neurosurf/inst/htmlwidgets/neurosurface/node_modules/three/src/renderers/shaders/ShaderChunk/skinning_pars_vertex.glsl.js
  neurosurf/inst/htmlwidgets/neurosurface/node_modules/three/src/renderers/shaders/ShaderChunk/skinning_vertex.glsl.js
  neurosurf/inst/htmlwidgets/neurosurface/node_modules/three/src/renderers/shaders/ShaderChunk/skinnormal_vertex.glsl.js
  neurosurf/inst/htmlwidgets/neurosurface/node_modules/three/src/renderers/shaders/ShaderChunk/specularmap_fragment.glsl.js
  neurosurf/inst/htmlwidgets/neurosurface/node_modules/three/src/renderers/shaders/ShaderChunk/specularmap_pars_fragment.glsl.js
  neurosurf/inst/htmlwidgets/neurosurface/node_modules/three/src/renderers/shaders/ShaderChunk/tonemapping_fragment.glsl.js
  neurosurf/inst/htmlwidgets/neurosurface/node_modules/three/src/renderers/shaders/ShaderChunk/tonemapping_pars_fragment.glsl.js
  neurosurf/inst/htmlwidgets/neurosurface/node_modules/three/src/renderers/shaders/ShaderChunk/transmission_fragment.glsl.js
  neurosurf/inst/htmlwidgets/neurosurface/node_modules/three/src/renderers/shaders/ShaderChunk/transmission_pars_fragment.glsl.js
  neurosurf/inst/htmlwidgets/neurosurface/node_modules/three/src/renderers/shaders/ShaderChunk/uv2_pars_fragment.glsl.js
  neurosurf/inst/htmlwidgets/neurosurface/node_modules/three/src/renderers/shaders/ShaderChunk/uv2_pars_vertex.glsl.js
  neurosurf/inst/htmlwidgets/neurosurface/node_modules/three/src/renderers/shaders/ShaderChunk/uv2_vertex.glsl.js
  neurosurf/inst/htmlwidgets/neurosurface/node_modules/three/src/renderers/shaders/ShaderChunk/uv_pars_fragment.glsl.js
  neurosurf/inst/htmlwidgets/neurosurface/node_modules/three/src/renderers/shaders/ShaderChunk/uv_pars_vertex.glsl.js
  neurosurf/inst/htmlwidgets/neurosurface/node_modules/three/src/renderers/shaders/ShaderChunk/uv_vertex.glsl.js
  neurosurf/inst/htmlwidgets/neurosurface/node_modules/three/src/renderers/shaders/ShaderChunk/worldpos_vertex.glsl.js
  neurosurf/inst/htmlwidgets/neurosurface/node_modules/three/src/renderers/shaders/ShaderLib/background_frag.glsl.js
  neurosurf/inst/htmlwidgets/neurosurface/node_modules/three/src/renderers/shaders/ShaderLib/background_vert.glsl.js
  neurosurf/inst/htmlwidgets/neurosurface/node_modules/three/src/renderers/shaders/ShaderLib/cube_frag.glsl.js
  neurosurf/inst/htmlwidgets/neurosurface/node_modules/three/src/renderers/shaders/ShaderLib/cube_vert.glsl.js
  neurosurf/inst/htmlwidgets/neurosurface/node_modules/three/src/renderers/shaders/ShaderLib/depth_frag.glsl.js
  neurosurf/inst/htmlwidgets/neurosurface/node_modules/three/src/renderers/shaders/ShaderLib/depth_vert.glsl.js
  neurosurf/inst/htmlwidgets/neurosurface/node_modules/three/src/renderers/shaders/ShaderLib/distanceRGBA_frag.glsl.js
  neurosurf/inst/htmlwidgets/neurosurface/node_modules/three/src/renderers/shaders/ShaderLib/distanceRGBA_vert.glsl.js
  neurosurf/inst/htmlwidgets/neurosurface/node_modules/three/src/renderers/shaders/ShaderLib/equirect_frag.glsl.js
  neurosurf/inst/htmlwidgets/neurosurface/node_modules/three/src/renderers/shaders/ShaderLib/equirect_vert.glsl.js
  neurosurf/inst/htmlwidgets/neurosurface/node_modules/three/src/renderers/shaders/ShaderLib/linedashed_frag.glsl.js
  neurosurf/inst/htmlwidgets/neurosurface/node_modules/three/src/renderers/shaders/ShaderLib/linedashed_vert.glsl.js
  neurosurf/inst/htmlwidgets/neurosurface/node_modules/three/src/renderers/shaders/ShaderLib/meshbasic_frag.glsl.js
  neurosurf/inst/htmlwidgets/neurosurface/node_modules/three/src/renderers/shaders/ShaderLib/meshbasic_vert.glsl.js
  neurosurf/inst/htmlwidgets/neurosurface/node_modules/three/src/renderers/shaders/ShaderLib/meshlambert_frag.glsl.js
  neurosurf/inst/htmlwidgets/neurosurface/node_modules/three/src/renderers/shaders/ShaderLib/meshlambert_vert.glsl.js
  neurosurf/inst/htmlwidgets/neurosurface/node_modules/three/src/renderers/shaders/ShaderLib/meshmatcap_frag.glsl.js
  neurosurf/inst/htmlwidgets/neurosurface/node_modules/three/src/renderers/shaders/ShaderLib/meshmatcap_vert.glsl.js
  neurosurf/inst/htmlwidgets/neurosurface/node_modules/three/src/renderers/shaders/ShaderLib/meshnormal_frag.glsl.js
  neurosurf/inst/htmlwidgets/neurosurface/node_modules/three/src/renderers/shaders/ShaderLib/meshnormal_vert.glsl.js
  neurosurf/inst/htmlwidgets/neurosurface/node_modules/three/src/renderers/shaders/ShaderLib/meshphong_frag.glsl.js
  neurosurf/inst/htmlwidgets/neurosurface/node_modules/three/src/renderers/shaders/ShaderLib/meshphong_vert.glsl.js
  neurosurf/inst/htmlwidgets/neurosurface/node_modules/three/src/renderers/shaders/ShaderLib/meshphysical_frag.glsl.js
  neurosurf/inst/htmlwidgets/neurosurface/node_modules/three/src/renderers/shaders/ShaderLib/meshphysical_vert.glsl.js
  neurosurf/inst/htmlwidgets/neurosurface/node_modules/three/src/renderers/shaders/ShaderLib/meshtoon_frag.glsl.js
  neurosurf/inst/htmlwidgets/neurosurface/node_modules/three/src/renderers/shaders/ShaderLib/meshtoon_vert.glsl.js
  neurosurf/inst/htmlwidgets/neurosurface/node_modules/three/src/renderers/shaders/ShaderLib/points_frag.glsl.js
  neurosurf/inst/htmlwidgets/neurosurface/node_modules/three/src/renderers/shaders/ShaderLib/points_vert.glsl.js
  neurosurf/inst/htmlwidgets/neurosurface/node_modules/three/src/renderers/shaders/ShaderLib/shadow_frag.glsl.js
  neurosurf/inst/htmlwidgets/neurosurface/node_modules/three/src/renderers/shaders/ShaderLib/shadow_vert.glsl.js
  neurosurf/inst/htmlwidgets/neurosurface/node_modules/three/src/renderers/shaders/ShaderLib/sprite_frag.glsl.js
  neurosurf/inst/htmlwidgets/neurosurface/node_modules/three/src/renderers/shaders/ShaderLib/sprite_vert.glsl.js
  neurosurf/inst/htmlwidgets/neurosurface/node_modules/three/src/renderers/shaders/ShaderLib/vsm_frag.glsl.js
  neurosurf/inst/htmlwidgets/neurosurface/node_modules/three/src/renderers/shaders/ShaderLib/vsm_vert.glsl.js
  neurosurf/inst/htmlwidgets/neurosurface/node_modules/three/src/renderers/webgl/WebGLBufferRenderer.js
  neurosurf/inst/htmlwidgets/neurosurface/node_modules/three/src/renderers/webgl/WebGLIndexedBufferRenderer.js
  neurosurf/inst/htmlwidgets/neurosurface/node_modules/to-object-path/node_modules/kind-of/package.json
  neurosurf/inst/htmlwidgets/neurosurface/node_modules/tweakpane/dist/types/blade/list/api/list-test.d.ts
  neurosurf/inst/htmlwidgets/neurosurface/node_modules/tweakpane/dist/types/blade/list/plugin-test.d.ts
  neurosurf/inst/htmlwidgets/neurosurface/node_modules/tweakpane/dist/types/blade/root/api/root-test.d.ts
  neurosurf/inst/htmlwidgets/neurosurface/node_modules/tweakpane/dist/types/blade/root/controller/root.d.ts
  neurosurf/inst/htmlwidgets/neurosurface/node_modules/tweakpane/dist/types/blade/separator/api/separator-test.d.ts
  neurosurf/inst/htmlwidgets/neurosurface/node_modules/tweakpane/dist/types/blade/separator/api/separator.d.ts
  neurosurf/inst/htmlwidgets/neurosurface/node_modules/tweakpane/dist/types/blade/separator/controller/separator.d.ts
  neurosurf/inst/htmlwidgets/neurosurface/node_modules/tweakpane/dist/types/blade/separator/plugin-test.d.ts
  neurosurf/inst/htmlwidgets/neurosurface/node_modules/tweakpane/dist/types/blade/separator/plugin.d.ts
  neurosurf/inst/htmlwidgets/neurosurface/node_modules/tweakpane/dist/types/blade/separator/view/separator.d.ts
  neurosurf/inst/htmlwidgets/neurosurface/node_modules/tweakpane/dist/types/blade/slider/api/slider-test.d.ts
  neurosurf/inst/htmlwidgets/neurosurface/node_modules/tweakpane/dist/types/blade/slider/api/slider.d.ts
  neurosurf/inst/htmlwidgets/neurosurface/node_modules/tweakpane/dist/types/blade/slider/plugin-test.d.ts
  neurosurf/inst/htmlwidgets/neurosurface/node_modules/tweakpane/dist/types/blade/text/api/text-test.d.ts
  neurosurf/inst/htmlwidgets/neurosurface/node_modules/tweakpane/dist/types/blade/text/plugin-test.d.ts
  neurosurf/inst/htmlwidgets/neurosurface/node_modules/union-value/node_modules/is-extendable/README.md
  neurosurf/inst/htmlwidgets/neurosurface/node_modules/union-value/node_modules/is-extendable/package.json
  neurosurf/inst/htmlwidgets/neurosurface/node_modules/unset-value/node_modules/has-value/node_modules/isobject/LICENSE
  neurosurf/inst/htmlwidgets/neurosurface/node_modules/unset-value/node_modules/has-value/node_modules/isobject/README.md
  neurosurf/inst/htmlwidgets/neurosurface/node_modules/unset-value/node_modules/has-value/node_modules/isobject/index.js
  neurosurf/inst/htmlwidgets/neurosurface/node_modules/unset-value/node_modules/has-value/node_modules/isobject/package.json
  neurosurf/inst/htmlwidgets/neurosurface/node_modules/unset-value/node_modules/has-values/package.json
  neurosurf/inst/htmlwidgets/neurosurface/node_modules/vinyl-fs/lib/dest/write-contents/write-buffer.js
  neurosurf/inst/htmlwidgets/neurosurface/node_modules/vinyl-fs/lib/dest/write-contents/write-stream.js
  neurosurf/inst/htmlwidgets/neurosurface/node_modules/vinyl-fs/lib/dest/write-contents/write-symbolic-link.js
  neurosurf/inst/htmlwidgets/neurosurface/node_modules/vinyl-fs/lib/src/read-contents/read-symbolic-link.js
  neurosurf/inst/htmlwidgets/neurosurface/node_modules/vinyl-sourcemap/node_modules/convert-source-map/LICENSE
  neurosurf/inst/htmlwidgets/neurosurface/node_modules/vinyl-sourcemap/node_modules/convert-source-map/README.md
  neurosurf/inst/htmlwidgets/neurosurface/node_modules/vinyl-sourcemap/node_modules/convert-source-map/index.js
  neurosurf/inst/htmlwidgets/neurosurface/node_modules/vinyl-sourcemap/node_modules/convert-source-map/package.json
  neurosurf/inst/htmlwidgets/neurosurface/node_modules/vinyl-sourcemap/node_modules/normalize-path/LICENSE
  neurosurf/inst/htmlwidgets/neurosurface/node_modules/vinyl-sourcemap/node_modules/normalize-path/README.md
  neurosurf/inst/htmlwidgets/neurosurface/node_modules/vinyl-sourcemap/node_modules/normalize-path/index.js
  neurosurf/inst/htmlwidgets/neurosurface/node_modules/vinyl-sourcemap/node_modules/normalize-path/package.json
  neurosurf/inst/htmlwidgets/neurosurface/node_modules/webpack-cli/lib/utils/dynamic-import-loader.d.ts
  neurosurf/inst/htmlwidgets/neurosurface/node_modules/webpack-cli/node_modules/commander/lib/argument.js
  neurosurf/inst/htmlwidgets/neurosurface/node_modules/webpack-cli/node_modules/commander/lib/command.js
  neurosurf/inst/htmlwidgets/neurosurface/node_modules/webpack-cli/node_modules/commander/lib/option.js
  neurosurf/inst/htmlwidgets/neurosurface/node_modules/webpack-cli/node_modules/commander/lib/suggestSimilar.js
  neurosurf/inst/htmlwidgets/neurosurface/node_modules/webpack-cli/node_modules/commander/package-support.json
  neurosurf/inst/htmlwidgets/neurosurface/node_modules/webpack-cli/node_modules/commander/typings/esm.d.mts
  neurosurf/inst/htmlwidgets/neurosurface/node_modules/webpack-cli/node_modules/commander/typings/index.d.ts
  neurosurf/inst/htmlwidgets/neurosurface/node_modules/webpack-sources/lib/helpers/createMappingsSerializer.js
  neurosurf/inst/htmlwidgets/neurosurface/node_modules/webpack-sources/lib/helpers/getFromStreamChunks.js
  neurosurf/inst/htmlwidgets/neurosurface/node_modules/webpack-sources/lib/helpers/getGeneratedSourceInfo.js
  neurosurf/inst/htmlwidgets/neurosurface/node_modules/webpack-sources/lib/helpers/splitIntoPotentialTokens.js
  neurosurf/inst/htmlwidgets/neurosurface/node_modules/webpack-sources/lib/helpers/streamAndGetSourceAndMap.js
  neurosurf/inst/htmlwidgets/neurosurface/node_modules/webpack-sources/lib/helpers/streamChunksOfCombinedSourceMap.js
  neurosurf/inst/htmlwidgets/neurosurface/node_modules/webpack-sources/lib/helpers/streamChunksOfRawSource.js
  neurosurf/inst/htmlwidgets/neurosurface/node_modules/webpack-sources/lib/helpers/streamChunksOfSourceMap.js
  neurosurf/inst/htmlwidgets/neurosurface/node_modules/webpack-sources/lib/helpers/stringBufferUtils.js
  neurosurf/inst/htmlwidgets/neurosurface/node_modules/webpack/lib/AsyncDependencyToInitialChunkError.js
  neurosurf/inst/htmlwidgets/neurosurface/node_modules/webpack/lib/EnvironmentNotSupportAsyncWarning.js
  neurosurf/inst/htmlwidgets/neurosurface/node_modules/webpack/lib/SourceMapDevToolModuleOptionsPlugin.js
  neurosurf/inst/htmlwidgets/neurosurface/node_modules/webpack/lib/async-modules/AwaitDependenciesInitFragment.js
  neurosurf/inst/htmlwidgets/neurosurface/node_modules/webpack/lib/async-modules/InferAsyncModulesPlugin.js
  neurosurf/inst/htmlwidgets/neurosurface/node_modules/webpack/lib/container/ContainerEntryDependency.js
  neurosurf/inst/htmlwidgets/neurosurface/node_modules/webpack/lib/container/ContainerEntryModuleFactory.js
  neurosurf/inst/htmlwidgets/neurosurface/node_modules/webpack/lib/container/ContainerExposedDependency.js
  neurosurf/inst/htmlwidgets/neurosurface/node_modules/webpack/lib/container/ContainerReferencePlugin.js
  neurosurf/inst/htmlwidgets/neurosurface/node_modules/webpack/lib/container/HoistContainerReferencesPlugin.js
  neurosurf/inst/htmlwidgets/neurosurface/node_modules/webpack/lib/container/RemoteToExternalDependency.js
  neurosurf/inst/htmlwidgets/neurosurface/node_modules/webpack/lib/dependencies/AMDDefineDependencyParserPlugin.js
  neurosurf/inst/htmlwidgets/neurosurface/node_modules/webpack/lib/dependencies/AMDRequireArrayDependency.js
  neurosurf/inst/htmlwidgets/neurosurface/node_modules/webpack/lib/dependencies/AMDRequireContextDependency.js
  neurosurf/inst/htmlwidgets/neurosurface/node_modules/webpack/lib/dependencies/AMDRequireDependenciesBlock.js
  neurosurf/inst/htmlwidgets/neurosurface/node_modules/webpack/lib/dependencies/AMDRequireDependenciesBlockParserPlugin.js
  neurosurf/inst/htmlwidgets/neurosurface/node_modules/webpack/lib/dependencies/AMDRequireDependency.js
  neurosurf/inst/htmlwidgets/neurosurface/node_modules/webpack/lib/dependencies/AMDRequireItemDependency.js
  neurosurf/inst/htmlwidgets/neurosurface/node_modules/webpack/lib/dependencies/CachedConstDependency.js
  neurosurf/inst/htmlwidgets/neurosurface/node_modules/webpack/lib/dependencies/CommonJsDependencyHelpers.js
  neurosurf/inst/htmlwidgets/neurosurface/node_modules/webpack/lib/dependencies/CommonJsExportRequireDependency.js
  neurosurf/inst/htmlwidgets/neurosurface/node_modules/webpack/lib/dependencies/CommonJsExportsDependency.js
  neurosurf/inst/htmlwidgets/neurosurface/node_modules/webpack/lib/dependencies/CommonJsExportsParserPlugin.js
  neurosurf/inst/htmlwidgets/neurosurface/node_modules/webpack/lib/dependencies/CommonJsFullRequireDependency.js
  neurosurf/inst/htmlwidgets/neurosurface/node_modules/webpack/lib/dependencies/CommonJsImportsParserPlugin.js
  neurosurf/inst/htmlwidgets/neurosurface/node_modules/webpack/lib/dependencies/CommonJsRequireContextDependency.js
  neurosurf/inst/htmlwidgets/neurosurface/node_modules/webpack/lib/dependencies/CommonJsRequireDependency.js
  neurosurf/inst/htmlwidgets/neurosurface/node_modules/webpack/lib/dependencies/CommonJsSelfReferenceDependency.js
  neurosurf/inst/htmlwidgets/neurosurface/node_modules/webpack/lib/dependencies/ContextDependencyHelpers.js
  neurosurf/inst/htmlwidgets/neurosurface/node_modules/webpack/lib/dependencies/ContextDependencyTemplateAsId.js
  neurosurf/inst/htmlwidgets/neurosurface/node_modules/webpack/lib/dependencies/ContextDependencyTemplateAsRequireCall.js
  neurosurf/inst/htmlwidgets/neurosurface/node_modules/webpack/lib/dependencies/ContextElementDependency.js
  neurosurf/inst/htmlwidgets/neurosurface/node_modules/webpack/lib/dependencies/CreateScriptUrlDependency.js
  neurosurf/inst/htmlwidgets/neurosurface/node_modules/webpack/lib/dependencies/CriticalDependencyWarning.js
  neurosurf/inst/htmlwidgets/neurosurface/node_modules/webpack/lib/dependencies/CssIcssExportDependency.js
  neurosurf/inst/htmlwidgets/neurosurface/node_modules/webpack/lib/dependencies/CssIcssImportDependency.js
  neurosurf/inst/htmlwidgets/neurosurface/node_modules/webpack/lib/dependencies/CssIcssSymbolDependency.js
  neurosurf/inst/htmlwidgets/neurosurface/node_modules/webpack/lib/dependencies/CssLocalIdentifierDependency.js
  neurosurf/inst/htmlwidgets/neurosurface/node_modules/webpack/lib/dependencies/CssSelfLocalIdentifierDependency.js
  neurosurf/inst/htmlwidgets/neurosurface/node_modules/webpack/lib/dependencies/DelegatedSourceDependency.js
  neurosurf/inst/htmlwidgets/neurosurface/node_modules/webpack/lib/dependencies/ExportsInfoDependency.js
  neurosurf/inst/htmlwidgets/neurosurface/node_modules/webpack/lib/dependencies/ExternalModuleDependency.js
  neurosurf/inst/htmlwidgets/neurosurface/node_modules/webpack/lib/dependencies/ExternalModuleInitFragment.js
  neurosurf/inst/htmlwidgets/neurosurface/node_modules/webpack/lib/dependencies/HarmonyAcceptDependency.js
  neurosurf/inst/htmlwidgets/neurosurface/node_modules/webpack/lib/dependencies/HarmonyAcceptImportDependency.js
  neurosurf/inst/htmlwidgets/neurosurface/node_modules/webpack/lib/dependencies/HarmonyCompatibilityDependency.js
  neurosurf/inst/htmlwidgets/neurosurface/node_modules/webpack/lib/dependencies/HarmonyDetectionParserPlugin.js
  neurosurf/inst/htmlwidgets/neurosurface/node_modules/webpack/lib/dependencies/HarmonyEvaluatedImportSpecifierDependency.js
  neurosurf/inst/htmlwidgets/neurosurface/node_modules/webpack/lib/dependencies/HarmonyExportDependencyParserPlugin.js
  neurosurf/inst/htmlwidgets/neurosurface/node_modules/webpack/lib/dependencies/HarmonyExportExpressionDependency.js
  neurosurf/inst/htmlwidgets/neurosurface/node_modules/webpack/lib/dependencies/HarmonyExportHeaderDependency.js
  neurosurf/inst/htmlwidgets/neurosurface/node_modules/webpack/lib/dependencies/HarmonyExportImportedSpecifierDependency.js
  neurosurf/inst/htmlwidgets/neurosurface/node_modules/webpack/lib/dependencies/HarmonyExportInitFragment.js
  neurosurf/inst/htmlwidgets/neurosurface/node_modules/webpack/lib/dependencies/HarmonyExportSpecifierDependency.js
  neurosurf/inst/htmlwidgets/neurosurface/node_modules/webpack/lib/dependencies/HarmonyImportDependency.js
  neurosurf/inst/htmlwidgets/neurosurface/node_modules/webpack/lib/dependencies/HarmonyImportDependencyParserPlugin.js
  neurosurf/inst/htmlwidgets/neurosurface/node_modules/webpack/lib/dependencies/HarmonyImportSideEffectDependency.js
  neurosurf/inst/htmlwidgets/neurosurface/node_modules/webpack/lib/dependencies/HarmonyImportSpecifierDependency.js
  neurosurf/inst/htmlwidgets/neurosurface/node_modules/webpack/lib/dependencies/HarmonyModulesPlugin.js
  neurosurf/inst/htmlwidgets/neurosurface/node_modules/webpack/lib/dependencies/HarmonyTopLevelThisParserPlugin.js
  neurosurf/inst/htmlwidgets/neurosurface/node_modules/webpack/lib/dependencies/ImportContextDependency.js
  neurosurf/inst/htmlwidgets/neurosurface/node_modules/webpack/lib/dependencies/ImportEagerDependency.js
  neurosurf/inst/htmlwidgets/neurosurface/node_modules/webpack/lib/dependencies/ImportMetaContextDependency.js
  neurosurf/inst/htmlwidgets/neurosurface/node_modules/webpack/lib/dependencies/ImportMetaContextDependencyParserPlugin.js
  neurosurf/inst/htmlwidgets/neurosurface/node_modules/webpack/lib/dependencies/ImportMetaContextPlugin.js
  neurosurf/inst/htmlwidgets/neurosurface/node_modules/webpack/lib/dependencies/ImportMetaHotAcceptDependency.js
  neurosurf/inst/htmlwidgets/neurosurface/node_modules/webpack/lib/dependencies/ImportMetaHotDeclineDependency.js
  neurosurf/inst/htmlwidgets/neurosurface/node_modules/webpack/lib/dependencies/ImportWeakDependency.js
  neurosurf/inst/htmlwidgets/neurosurface/node_modules/webpack/lib/dependencies/JsonExportsDependency.js
  neurosurf/inst/htmlwidgets/neurosurface/node_modules/webpack/lib/dependencies/LoaderImportDependency.js
  neurosurf/inst/htmlwidgets/neurosurface/node_modules/webpack/lib/dependencies/LocalModuleDependency.js
  neurosurf/inst/htmlwidgets/neurosurface/node_modules/webpack/lib/dependencies/ModuleDecoratorDependency.js
  neurosurf/inst/htmlwidgets/neurosurface/node_modules/webpack/lib/dependencies/ModuleDependencyTemplateAsId.js
  neurosurf/inst/htmlwidgets/neurosurface/node_modules/webpack/lib/dependencies/ModuleDependencyTemplateAsRequireId.js
  neurosurf/inst/htmlwidgets/neurosurface/node_modules/webpack/lib/dependencies/ModuleHotAcceptDependency.js
  neurosurf/inst/htmlwidgets/neurosurface/node_modules/webpack/lib/dependencies/ModuleHotDeclineDependency.js
  neurosurf/inst/htmlwidgets/neurosurface/node_modules/webpack/lib/dependencies/PureExpressionDependency.js
  neurosurf/inst/htmlwidgets/neurosurface/node_modules/webpack/lib/dependencies/RequireContextDependency.js
  neurosurf/inst/htmlwidgets/neurosurface/node_modules/webpack/lib/dependencies/RequireContextDependencyParserPlugin.js
  neurosurf/inst/htmlwidgets/neurosurface/node_modules/webpack/lib/dependencies/RequireContextPlugin.js
  neurosurf/inst/htmlwidgets/neurosurface/node_modules/webpack/lib/dependencies/RequireEnsureDependenciesBlock.js
  neurosurf/inst/htmlwidgets/neurosurface/node_modules/webpack/lib/dependencies/RequireEnsureDependenciesBlockParserPlugin.js
  neurosurf/inst/htmlwidgets/neurosurface/node_modules/webpack/lib/dependencies/RequireEnsureDependency.js
  neurosurf/inst/htmlwidgets/neurosurface/node_modules/webpack/lib/dependencies/RequireEnsureItemDependency.js
  neurosurf/inst/htmlwidgets/neurosurface/node_modules/webpack/lib/dependencies/RequireHeaderDependency.js
  neurosurf/inst/htmlwidgets/neurosurface/node_modules/webpack/lib/dependencies/RequireIncludeDependency.js
  neurosurf/inst/htmlwidgets/neurosurface/node_modules/webpack/lib/dependencies/RequireIncludeDependencyParserPlugin.js
  neurosurf/inst/htmlwidgets/neurosurface/node_modules/webpack/lib/dependencies/RequireIncludePlugin.js
  neurosurf/inst/htmlwidgets/neurosurface/node_modules/webpack/lib/dependencies/RequireResolveContextDependency.js
  neurosurf/inst/htmlwidgets/neurosurface/node_modules/webpack/lib/dependencies/RequireResolveDependency.js
  neurosurf/inst/htmlwidgets/neurosurface/node_modules/webpack/lib/dependencies/RequireResolveHeaderDependency.js
  neurosurf/inst/htmlwidgets/neurosurface/node_modules/webpack/lib/dependencies/RuntimeRequirementsDependency.js
  neurosurf/inst/htmlwidgets/neurosurface/node_modules/webpack/lib/dependencies/StaticExportsDependency.js
  neurosurf/inst/htmlwidgets/neurosurface/node_modules/webpack/lib/dependencies/UnsupportedDependency.js
  neurosurf/inst/htmlwidgets/neurosurface/node_modules/webpack/lib/dependencies/WebAssemblyExportImportedDependency.js
  neurosurf/inst/htmlwidgets/neurosurface/node_modules/webpack/lib/dependencies/WebAssemblyImportDependency.js
  neurosurf/inst/htmlwidgets/neurosurface/node_modules/webpack/lib/dependencies/WebpackIsIncludedDependency.js
  neurosurf/inst/htmlwidgets/neurosurface/node_modules/webpack/lib/dependencies/getFunctionExpression.js
  neurosurf/inst/htmlwidgets/neurosurface/node_modules/webpack/lib/esm/ExportWebpackRequireRuntimeModule.js
  neurosurf/inst/htmlwidgets/neurosurface/node_modules/webpack/lib/esm/ModuleChunkLoadingRuntimeModule.js
  neurosurf/inst/htmlwidgets/neurosurface/node_modules/webpack/lib/hmr/HotModuleReplacementRuntimeModule.js
  neurosurf/inst/htmlwidgets/neurosurface/node_modules/webpack/lib/hmr/JavascriptHotModuleReplacement.runtime.js
  neurosurf/inst/htmlwidgets/neurosurface/node_modules/webpack/lib/javascript/ArrayPushCallbackChunkFormatPlugin.js
  neurosurf/inst/htmlwidgets/neurosurface/node_modules/webpack/lib/javascript/BasicEvaluatedExpression.js
  neurosurf/inst/htmlwidgets/neurosurface/node_modules/webpack/lib/javascript/CommonJsChunkFormatPlugin.js
  neurosurf/inst/htmlwidgets/neurosurface/node_modules/webpack/lib/javascript/EnableChunkLoadingPlugin.js
  neurosurf/inst/htmlwidgets/neurosurface/node_modules/webpack/lib/javascript/JavascriptModulesPlugin.js
  neurosurf/inst/htmlwidgets/neurosurface/node_modules/webpack/lib/javascript/JavascriptParserHelpers.js
  neurosurf/inst/htmlwidgets/neurosurface/node_modules/webpack/lib/library/ExportPropertyLibraryPlugin.js
  neurosurf/inst/htmlwidgets/neurosurface/node_modules/webpack/lib/node/ReadFileChunkLoadingRuntimeModule.js
  neurosurf/inst/htmlwidgets/neurosurface/node_modules/webpack/lib/node/ReadFileCompileAsyncWasmPlugin.js
  neurosurf/inst/htmlwidgets/neurosurface/node_modules/webpack/lib/node/RequireChunkLoadingRuntimeModule.js
  neurosurf/inst/htmlwidgets/neurosurface/node_modules/webpack/lib/optimize/AggressiveSplittingPlugin.js
  neurosurf/inst/htmlwidgets/neurosurface/node_modules/webpack/lib/optimize/EnsureChunkConditionsPlugin.js
  neurosurf/inst/htmlwidgets/neurosurface/node_modules/webpack/lib/optimize/FlagIncludedChunksPlugin.js
  neurosurf/inst/htmlwidgets/neurosurface/node_modules/webpack/lib/optimize/MergeDuplicateChunksPlugin.js
  neurosurf/inst/htmlwidgets/neurosurface/node_modules/webpack/lib/optimize/ModuleConcatenationPlugin.js
  neurosurf/inst/htmlwidgets/neurosurface/node_modules/webpack/lib/optimize/RemoveParentModulesPlugin.js
  neurosurf/inst/htmlwidgets/neurosurface/node_modules/webpack/lib/performance/AssetsOverSizeLimitWarning.js
  neurosurf/inst/htmlwidgets/neurosurface/node_modules/webpack/lib/performance/EntrypointsOverSizeLimitWarning.js
  neurosurf/inst/htmlwidgets/neurosurface/node_modules/webpack/lib/prefetch/ChunkPrefetchFunctionRuntimeModule.js
  neurosurf/inst/htmlwidgets/neurosurface/node_modules/webpack/lib/prefetch/ChunkPrefetchPreloadPlugin.js
  neurosurf/inst/htmlwidgets/neurosurface/node_modules/webpack/lib/prefetch/ChunkPrefetchStartupRuntimeModule.js
  neurosurf/inst/htmlwidgets/neurosurface/node_modules/webpack/lib/prefetch/ChunkPrefetchTriggerRuntimeModule.js
  neurosurf/inst/htmlwidgets/neurosurface/node_modules/webpack/lib/prefetch/ChunkPreloadTriggerRuntimeModule.js
  neurosurf/inst/htmlwidgets/neurosurface/node_modules/webpack/lib/runtime/AutoPublicPathRuntimeModule.js
  neurosurf/inst/htmlwidgets/neurosurface/node_modules/webpack/lib/runtime/CompatGetDefaultExportRuntimeModule.js
  neurosurf/inst/htmlwidgets/neurosurface/node_modules/webpack/lib/runtime/CreateFakeNamespaceObjectRuntimeModule.js
  neurosurf/inst/htmlwidgets/neurosurface/node_modules/webpack/lib/runtime/CreateScriptRuntimeModule.js
  neurosurf/inst/htmlwidgets/neurosurface/node_modules/webpack/lib/runtime/CreateScriptUrlRuntimeModule.js
  neurosurf/inst/htmlwidgets/neurosurface/node_modules/webpack/lib/runtime/DefinePropertyGettersRuntimeModule.js
  neurosurf/inst/htmlwidgets/neurosurface/node_modules/webpack/lib/runtime/GetChunkFilenameRuntimeModule.js
  neurosurf/inst/htmlwidgets/neurosurface/node_modules/webpack/lib/runtime/GetMainFilenameRuntimeModule.js
  neurosurf/inst/htmlwidgets/neurosurface/node_modules/webpack/lib/runtime/GetTrustedTypesPolicyRuntimeModule.js
  neurosurf/inst/htmlwidgets/neurosurface/node_modules/webpack/lib/runtime/HasOwnPropertyRuntimeModule.js
  neurosurf/inst/htmlwidgets/neurosurface/node_modules/webpack/lib/runtime/MakeNamespaceObjectRuntimeModule.js
  neurosurf/inst/htmlwidgets/neurosurface/node_modules/webpack/lib/runtime/OnChunksLoadedRuntimeModule.js
  neurosurf/inst/htmlwidgets/neurosurface/node_modules/webpack/lib/runtime/StartupChunkDependenciesPlugin.js
  neurosurf/inst/htmlwidgets/neurosurface/node_modules/webpack/lib/runtime/StartupChunkDependenciesRuntimeModule.js
  neurosurf/inst/htmlwidgets/neurosurface/node_modules/webpack/lib/runtime/StartupEntrypointRuntimeModule.js
  neurosurf/inst/htmlwidgets/neurosurface/node_modules/webpack/lib/runtime/SystemContextRuntimeModule.js
  neurosurf/inst/htmlwidgets/neurosurface/node_modules/webpack/lib/serialization/AggregateErrorSerializer.js
  neurosurf/inst/htmlwidgets/neurosurface/node_modules/webpack/lib/serialization/DateObjectSerializer.js
  neurosurf/inst/htmlwidgets/neurosurface/node_modules/webpack/lib/serialization/ErrorObjectSerializer.js
  neurosurf/inst/htmlwidgets/neurosurface/node_modules/webpack/lib/serialization/MapObjectSerializer.js
  neurosurf/inst/htmlwidgets/neurosurface/node_modules/webpack/lib/serialization/NullPrototypeObjectSerializer.js
  neurosurf/inst/htmlwidgets/neurosurface/node_modules/webpack/lib/serialization/PlainObjectSerializer.js
  neurosurf/inst/htmlwidgets/neurosurface/node_modules/webpack/lib/serialization/RegExpObjectSerializer.js
  neurosurf/inst/htmlwidgets/neurosurface/node_modules/webpack/lib/serialization/SerializerMiddleware.js
  neurosurf/inst/htmlwidgets/neurosurface/node_modules/webpack/lib/serialization/SetObjectSerializer.js
  neurosurf/inst/htmlwidgets/neurosurface/node_modules/webpack/lib/serialization/SingleItemMiddleware.js
  neurosurf/inst/htmlwidgets/neurosurface/node_modules/webpack/lib/sharing/ConsumeSharedFallbackDependency.js
  neurosurf/inst/htmlwidgets/neurosurface/node_modules/webpack/lib/sharing/ConsumeSharedRuntimeModule.js
  neurosurf/inst/htmlwidgets/neurosurface/node_modules/webpack/lib/sharing/ProvideForSharedDependency.js
  neurosurf/inst/htmlwidgets/neurosurface/node_modules/webpack/lib/sharing/ProvideSharedModuleFactory.js
  neurosurf/inst/htmlwidgets/neurosurface/node_modules/webpack/lib/wasm-async/AsyncWasmLoadingRuntimeModule.js
  neurosurf/inst/htmlwidgets/neurosurface/node_modules/webpack/lib/wasm-async/AsyncWebAssemblyGenerator.js
  neurosurf/inst/htmlwidgets/neurosurface/node_modules/webpack/lib/wasm-async/AsyncWebAssemblyJavascriptGenerator.js
  neurosurf/inst/htmlwidgets/neurosurface/node_modules/webpack/lib/wasm-async/AsyncWebAssemblyModulesPlugin.js
  neurosurf/inst/htmlwidgets/neurosurface/node_modules/webpack/lib/wasm-async/AsyncWebAssemblyParser.js
  neurosurf/inst/htmlwidgets/neurosurface/node_modules/webpack/lib/wasm-async/UniversalCompileAsyncWasmPlugin.js
  neurosurf/inst/htmlwidgets/neurosurface/node_modules/webpack/lib/wasm-sync/UnsupportedWebAssemblyFeatureError.js
  neurosurf/inst/htmlwidgets/neurosurface/node_modules/webpack/lib/wasm-sync/WasmChunkLoadingRuntimeModule.js
  neurosurf/inst/htmlwidgets/neurosurface/node_modules/webpack/lib/wasm-sync/WasmFinalizeExportsPlugin.js
  neurosurf/inst/htmlwidgets/neurosurface/node_modules/webpack/lib/wasm-sync/WebAssemblyInInitialChunkError.js
  neurosurf/inst/htmlwidgets/neurosurface/node_modules/webpack/lib/wasm-sync/WebAssemblyJavascriptGenerator.js
  neurosurf/inst/htmlwidgets/neurosurface/node_modules/webpack/lib/wasm-sync/WebAssemblyModulesPlugin.js
  neurosurf/inst/htmlwidgets/neurosurface/node_modules/webpack/lib/web/JsonpChunkLoadingRuntimeModule.js
  neurosurf/inst/htmlwidgets/neurosurface/node_modules/webpack/lib/webworker/ImportScriptsChunkLoadingPlugin.js
  neurosurf/inst/htmlwidgets/neurosurface/node_modules/webpack/lib/webworker/ImportScriptsChunkLoadingRuntimeModule.js
  neurosurf/inst/htmlwidgets/neurosurface/node_modules/webpack/lib/webworker/WebWorkerTemplatePlugin.js
  neurosurf/inst/htmlwidgets/neurosurface/node_modules/webpack/schemas/plugins/DllReferencePlugin.check.d.ts
  neurosurf/inst/htmlwidgets/neurosurface/node_modules/webpack/schemas/plugins/DllReferencePlugin.check.js
  neurosurf/inst/htmlwidgets/neurosurface/node_modules/webpack/schemas/plugins/HashedModuleIdsPlugin.check.d.ts
  neurosurf/inst/htmlwidgets/neurosurface/node_modules/webpack/schemas/plugins/HashedModuleIdsPlugin.check.js
  neurosurf/inst/htmlwidgets/neurosurface/node_modules/webpack/schemas/plugins/HashedModuleIdsPlugin.json
  neurosurf/inst/htmlwidgets/neurosurface/node_modules/webpack/schemas/plugins/LoaderOptionsPlugin.check.d.ts
  neurosurf/inst/htmlwidgets/neurosurface/node_modules/webpack/schemas/plugins/LoaderOptionsPlugin.check.js
  neurosurf/inst/htmlwidgets/neurosurface/node_modules/webpack/schemas/plugins/LoaderOptionsPlugin.json
  neurosurf/inst/htmlwidgets/neurosurface/node_modules/webpack/schemas/plugins/ProgressPlugin.check.d.ts
  neurosurf/inst/htmlwidgets/neurosurface/node_modules/webpack/schemas/plugins/SourceMapDevToolPlugin.check.d.ts
  neurosurf/inst/htmlwidgets/neurosurface/node_modules/webpack/schemas/plugins/SourceMapDevToolPlugin.check.js
  neurosurf/inst/htmlwidgets/neurosurface/node_modules/webpack/schemas/plugins/SourceMapDevToolPlugin.json
  neurosurf/inst/htmlwidgets/neurosurface/node_modules/webpack/schemas/plugins/WatchIgnorePlugin.check.d.ts
  neurosurf/inst/htmlwidgets/neurosurface/node_modules/webpack/schemas/plugins/WatchIgnorePlugin.check.js
  neurosurf/inst/htmlwidgets/neurosurface/node_modules/webpack/schemas/plugins/asset/AssetGeneratorOptions.check.d.ts
  neurosurf/inst/htmlwidgets/neurosurface/node_modules/webpack/schemas/plugins/asset/AssetGeneratorOptions.check.js
  neurosurf/inst/htmlwidgets/neurosurface/node_modules/webpack/schemas/plugins/asset/AssetGeneratorOptions.json
  neurosurf/inst/htmlwidgets/neurosurface/node_modules/webpack/schemas/plugins/asset/AssetInlineGeneratorOptions.check.d.ts
  neurosurf/inst/htmlwidgets/neurosurface/node_modules/webpack/schemas/plugins/asset/AssetInlineGeneratorOptions.check.js
  neurosurf/inst/htmlwidgets/neurosurface/node_modules/webpack/schemas/plugins/asset/AssetInlineGeneratorOptions.json
  neurosurf/inst/htmlwidgets/neurosurface/node_modules/webpack/schemas/plugins/asset/AssetParserOptions.check.d.ts
  neurosurf/inst/htmlwidgets/neurosurface/node_modules/webpack/schemas/plugins/asset/AssetParserOptions.check.js
  neurosurf/inst/htmlwidgets/neurosurface/node_modules/webpack/schemas/plugins/asset/AssetParserOptions.json
  neurosurf/inst/htmlwidgets/neurosurface/node_modules/webpack/schemas/plugins/asset/AssetResourceGeneratorOptions.check.d.ts
  neurosurf/inst/htmlwidgets/neurosurface/node_modules/webpack/schemas/plugins/asset/AssetResourceGeneratorOptions.check.js
  neurosurf/inst/htmlwidgets/neurosurface/node_modules/webpack/schemas/plugins/asset/AssetResourceGeneratorOptions.json
  neurosurf/inst/htmlwidgets/neurosurface/node_modules/webpack/schemas/plugins/container/ContainerPlugin.check.d.ts
  neurosurf/inst/htmlwidgets/neurosurface/node_modules/webpack/schemas/plugins/container/ContainerPlugin.check.js
  neurosurf/inst/htmlwidgets/neurosurface/node_modules/webpack/schemas/plugins/container/ContainerPlugin.json
  neurosurf/inst/htmlwidgets/neurosurface/node_modules/webpack/schemas/plugins/container/ContainerReferencePlugin.check.d.ts
  neurosurf/inst/htmlwidgets/neurosurface/node_modules/webpack/schemas/plugins/container/ContainerReferencePlugin.check.js
  neurosurf/inst/htmlwidgets/neurosurface/node_modules/webpack/schemas/plugins/container/ContainerReferencePlugin.json
  neurosurf/inst/htmlwidgets/neurosurface/node_modules/webpack/schemas/plugins/container/ExternalsType.check.d.ts
  neurosurf/inst/htmlwidgets/neurosurface/node_modules/webpack/schemas/plugins/container/ExternalsType.check.js
  neurosurf/inst/htmlwidgets/neurosurface/node_modules/webpack/schemas/plugins/container/ExternalsType.json
  neurosurf/inst/htmlwidgets/neurosurface/node_modules/webpack/schemas/plugins/container/ModuleFederationPlugin.check.d.ts
  neurosurf/inst/htmlwidgets/neurosurface/node_modules/webpack/schemas/plugins/container/ModuleFederationPlugin.check.js
  neurosurf/inst/htmlwidgets/neurosurface/node_modules/webpack/schemas/plugins/container/ModuleFederationPlugin.json
  neurosurf/inst/htmlwidgets/neurosurface/node_modules/webpack/schemas/plugins/css/CssAutoGeneratorOptions.check.d.ts
  neurosurf/inst/htmlwidgets/neurosurface/node_modules/webpack/schemas/plugins/css/CssAutoGeneratorOptions.check.js
  neurosurf/inst/htmlwidgets/neurosurface/node_modules/webpack/schemas/plugins/css/CssAutoGeneratorOptions.json
  neurosurf/inst/htmlwidgets/neurosurface/node_modules/webpack/schemas/plugins/css/CssAutoParserOptions.check.d.ts
  neurosurf/inst/htmlwidgets/neurosurface/node_modules/webpack/schemas/plugins/css/CssAutoParserOptions.check.js
  neurosurf/inst/htmlwidgets/neurosurface/node_modules/webpack/schemas/plugins/css/CssAutoParserOptions.json
  neurosurf/inst/htmlwidgets/neurosurface/node_modules/webpack/schemas/plugins/css/CssGeneratorOptions.check.d.ts
  neurosurf/inst/htmlwidgets/neurosurface/node_modules/webpack/schemas/plugins/css/CssGeneratorOptions.check.js
  neurosurf/inst/htmlwidgets/neurosurface/node_modules/webpack/schemas/plugins/css/CssGeneratorOptions.json
  neurosurf/inst/htmlwidgets/neurosurface/node_modules/webpack/schemas/plugins/css/CssGlobalGeneratorOptions.check.d.ts
  neurosurf/inst/htmlwidgets/neurosurface/node_modules/webpack/schemas/plugins/css/CssGlobalGeneratorOptions.check.js
  neurosurf/inst/htmlwidgets/neurosurface/node_modules/webpack/schemas/plugins/css/CssGlobalGeneratorOptions.json
  neurosurf/inst/htmlwidgets/neurosurface/node_modules/webpack/schemas/plugins/css/CssGlobalParserOptions.check.d.ts
  neurosurf/inst/htmlwidgets/neurosurface/node_modules/webpack/schemas/plugins/css/CssGlobalParserOptions.check.js
  neurosurf/inst/htmlwidgets/neurosurface/node_modules/webpack/schemas/plugins/css/CssGlobalParserOptions.json
  neurosurf/inst/htmlwidgets/neurosurface/node_modules/webpack/schemas/plugins/css/CssModuleGeneratorOptions.check.d.ts
  neurosurf/inst/htmlwidgets/neurosurface/node_modules/webpack/schemas/plugins/css/CssModuleGeneratorOptions.check.js
  neurosurf/inst/htmlwidgets/neurosurface/node_modules/webpack/schemas/plugins/css/CssModuleGeneratorOptions.json
  neurosurf/inst/htmlwidgets/neurosurface/node_modules/webpack/schemas/plugins/css/CssModuleParserOptions.check.d.ts
  neurosurf/inst/htmlwidgets/neurosurface/node_modules/webpack/schemas/plugins/css/CssModuleParserOptions.check.js
  neurosurf/inst/htmlwidgets/neurosurface/node_modules/webpack/schemas/plugins/css/CssModuleParserOptions.json
  neurosurf/inst/htmlwidgets/neurosurface/node_modules/webpack/schemas/plugins/css/CssParserOptions.check.d.ts
  neurosurf/inst/htmlwidgets/neurosurface/node_modules/webpack/schemas/plugins/css/CssParserOptions.check.js
  neurosurf/inst/htmlwidgets/neurosurface/node_modules/webpack/schemas/plugins/css/CssParserOptions.json
  neurosurf/inst/htmlwidgets/neurosurface/node_modules/webpack/schemas/plugins/debug/ProfilingPlugin.check.d.ts
  neurosurf/inst/htmlwidgets/neurosurface/node_modules/webpack/schemas/plugins/debug/ProfilingPlugin.check.js
  neurosurf/inst/htmlwidgets/neurosurface/node_modules/webpack/schemas/plugins/debug/ProfilingPlugin.json
  neurosurf/inst/htmlwidgets/neurosurface/node_modules/webpack/schemas/plugins/ids/OccurrenceChunkIdsPlugin.check.d.ts
  neurosurf/inst/htmlwidgets/neurosurface/node_modules/webpack/schemas/plugins/ids/OccurrenceChunkIdsPlugin.check.js
  neurosurf/inst/htmlwidgets/neurosurface/node_modules/webpack/schemas/plugins/ids/OccurrenceChunkIdsPlugin.json
  neurosurf/inst/htmlwidgets/neurosurface/node_modules/webpack/schemas/plugins/ids/OccurrenceModuleIdsPlugin.check.d.ts
  neurosurf/inst/htmlwidgets/neurosurface/node_modules/webpack/schemas/plugins/ids/OccurrenceModuleIdsPlugin.check.js
  neurosurf/inst/htmlwidgets/neurosurface/node_modules/webpack/schemas/plugins/ids/OccurrenceModuleIdsPlugin.json
  neurosurf/inst/htmlwidgets/neurosurface/node_modules/webpack/schemas/plugins/json/JsonModulesPluginGenerator.check.d.ts
  neurosurf/inst/htmlwidgets/neurosurface/node_modules/webpack/schemas/plugins/json/JsonModulesPluginGenerator.check.js
  neurosurf/inst/htmlwidgets/neurosurface/node_modules/webpack/schemas/plugins/json/JsonModulesPluginGenerator.json
  neurosurf/inst/htmlwidgets/neurosurface/node_modules/webpack/schemas/plugins/json/JsonModulesPluginParser.check.d.ts
  neurosurf/inst/htmlwidgets/neurosurface/node_modules/webpack/schemas/plugins/json/JsonModulesPluginParser.check.js
  neurosurf/inst/htmlwidgets/neurosurface/node_modules/webpack/schemas/plugins/json/JsonModulesPluginParser.json
  neurosurf/inst/htmlwidgets/neurosurface/node_modules/webpack/schemas/plugins/optimize/AggressiveSplittingPlugin.check.d.ts
  neurosurf/inst/htmlwidgets/neurosurface/node_modules/webpack/schemas/plugins/optimize/AggressiveSplittingPlugin.check.js
  neurosurf/inst/htmlwidgets/neurosurface/node_modules/webpack/schemas/plugins/optimize/AggressiveSplittingPlugin.json
  neurosurf/inst/htmlwidgets/neurosurface/node_modules/webpack/schemas/plugins/optimize/LimitChunkCountPlugin.check.d.ts
  neurosurf/inst/htmlwidgets/neurosurface/node_modules/webpack/schemas/plugins/optimize/LimitChunkCountPlugin.check.js
  neurosurf/inst/htmlwidgets/neurosurface/node_modules/webpack/schemas/plugins/optimize/LimitChunkCountPlugin.json
  neurosurf/inst/htmlwidgets/neurosurface/node_modules/webpack/schemas/plugins/optimize/MergeDuplicateChunksPlugin.check.d.ts
  neurosurf/inst/htmlwidgets/neurosurface/node_modules/webpack/schemas/plugins/optimize/MergeDuplicateChunksPlugin.check.js
  neurosurf/inst/htmlwidgets/neurosurface/node_modules/webpack/schemas/plugins/optimize/MergeDuplicateChunksPlugin.json
  neurosurf/inst/htmlwidgets/neurosurface/node_modules/webpack/schemas/plugins/optimize/MinChunkSizePlugin.check.d.ts
  neurosurf/inst/htmlwidgets/neurosurface/node_modules/webpack/schemas/plugins/optimize/MinChunkSizePlugin.check.js
  neurosurf/inst/htmlwidgets/neurosurface/node_modules/webpack/schemas/plugins/optimize/MinChunkSizePlugin.json
  neurosurf/inst/htmlwidgets/neurosurface/node_modules/webpack/schemas/plugins/schemes/HttpUriPlugin.check.d.ts
  neurosurf/inst/htmlwidgets/neurosurface/node_modules/webpack/schemas/plugins/schemes/HttpUriPlugin.check.js
  neurosurf/inst/htmlwidgets/neurosurface/node_modules/webpack/schemas/plugins/schemes/HttpUriPlugin.json
  neurosurf/inst/htmlwidgets/neurosurface/node_modules/webpack/schemas/plugins/sharing/ConsumeSharedPlugin.check.d.ts
  neurosurf/inst/htmlwidgets/neurosurface/node_modules/webpack/schemas/plugins/sharing/ConsumeSharedPlugin.check.js
  neurosurf/inst/htmlwidgets/neurosurface/node_modules/webpack/schemas/plugins/sharing/ConsumeSharedPlugin.json
  neurosurf/inst/htmlwidgets/neurosurface/node_modules/webpack/schemas/plugins/sharing/ProvideSharedPlugin.check.d.ts
  neurosurf/inst/htmlwidgets/neurosurface/node_modules/webpack/schemas/plugins/sharing/ProvideSharedPlugin.check.js
  neurosurf/inst/htmlwidgets/neurosurface/node_modules/webpack/schemas/plugins/sharing/ProvideSharedPlugin.json
  neurosurf/inst/htmlwidgets/neurosurface/node_modules/webpack/schemas/plugins/sharing/SharePlugin.check.d.ts
  neurosurf/inst/htmlwidgets/neurosurface/node_modules/webpack/schemas/plugins/sharing/SharePlugin.check.js
  neurosurf/inst/htmlwidgets/neurosurface/node_modules/webpack/schemas/plugins/sharing/SharePlugin.json
  neurosurf/inst/htmlwidgets/neurosurface/node_modules/@rollup/pluginutils/node_modules/estree-walker/dist
  neurosurf/inst/htmlwidgets/neurosurface/node_modules/@rollup/pluginutils/node_modules/estree-walker/src
  neurosurf/inst/htmlwidgets/neurosurface/node_modules/@rollup/pluginutils/node_modules/estree-walker/types
  neurosurf/inst/htmlwidgets/neurosurface/node_modules/@tweakpane/plugin-essentials/dist/types/button-grid/api
  neurosurf/inst/htmlwidgets/neurosurface/node_modules/@tweakpane/plugin-essentials/dist/types/button-grid/controller
  neurosurf/inst/htmlwidgets/neurosurface/node_modules/@tweakpane/plugin-essentials/dist/types/button-grid
  neurosurf/inst/htmlwidgets/neurosurface/node_modules/@tweakpane/plugin-essentials/dist/types/cubic-bezier/api
  neurosurf/inst/htmlwidgets/neurosurface/node_modules/@tweakpane/plugin-essentials/dist/types/cubic-bezier/controller
  neurosurf/inst/htmlwidgets/neurosurface/node_modules/@tweakpane/plugin-essentials/dist/types/cubic-bezier/converter
  neurosurf/inst/htmlwidgets/neurosurface/node_modules/@tweakpane/plugin-essentials/dist/types/cubic-bezier/model
  neurosurf/inst/htmlwidgets/neurosurface/node_modules/@tweakpane/plugin-essentials/dist/types/cubic-bezier
  neurosurf/inst/htmlwidgets/neurosurface/node_modules/@tweakpane/plugin-essentials/dist/types/cubic-bezier/view
  neurosurf/inst/htmlwidgets/neurosurface/node_modules/@tweakpane/plugin-essentials/dist/types/fps-graph/api
  neurosurf/inst/htmlwidgets/neurosurface/node_modules/@tweakpane/plugin-essentials/dist/types/fps-graph/controller
  neurosurf/inst/htmlwidgets/neurosurface/node_modules/@tweakpane/plugin-essentials/dist/types/fps-graph/model
  neurosurf/inst/htmlwidgets/neurosurface/node_modules/@tweakpane/plugin-essentials/dist/types/fps-graph
  neurosurf/inst/htmlwidgets/neurosurface/node_modules/@tweakpane/plugin-essentials/dist/types/fps-graph/view
  neurosurf/inst/htmlwidgets/neurosurface/node_modules/@tweakpane/plugin-essentials/dist/types/interval/constraint
  neurosurf/inst/htmlwidgets/neurosurface/node_modules/@tweakpane/plugin-essentials/dist/types/interval/controller
  neurosurf/inst/htmlwidgets/neurosurface/node_modules/@tweakpane/plugin-essentials/dist/types/interval/converter
  neurosurf/inst/htmlwidgets/neurosurface/node_modules/@tweakpane/plugin-essentials/dist/types/interval/model
  neurosurf/inst/htmlwidgets/neurosurface/node_modules/@tweakpane/plugin-essentials/dist/types/interval
  neurosurf/inst/htmlwidgets/neurosurface/node_modules/@tweakpane/plugin-essentials/dist/types/interval/view
  neurosurf/inst/htmlwidgets/neurosurface/node_modules/@tweakpane/plugin-essentials/dist/types/radio-grid/api
  neurosurf/inst/htmlwidgets/neurosurface/node_modules/@tweakpane/plugin-essentials/dist/types/radio-grid
  neurosurf/inst/htmlwidgets/neurosurface/node_modules/@tweakpane/plugin-essentials/dist/types/radio-grid/controller
  neurosurf/inst/htmlwidgets/neurosurface/node_modules/@tweakpane/plugin-essentials/dist/types/radio-grid/view
  neurosurf/inst/htmlwidgets/neurosurface/node_modules/@tweakpane/plugin-interval/dist/types/constraint
  neurosurf/inst/htmlwidgets/neurosurface/node_modules/@tweakpane/plugin-interval/dist/types/controller
  neurosurf/inst/htmlwidgets/neurosurface/node_modules/@webassemblyjs/ast/esm/transform/ast-module-to-module-context
  neurosurf/inst/htmlwidgets/neurosurface/node_modules/@webassemblyjs/ast/esm/transform/denormalize-type-references
  neurosurf/inst/htmlwidgets/neurosurface/node_modules/@webassemblyjs/ast/esm/transform/wast-identifier-to-index
  neurosurf/inst/htmlwidgets/neurosurface/node_modules/@webassemblyjs/ast/lib/transform/ast-module-to-module-context
  neurosurf/inst/htmlwidgets/neurosurface/node_modules/@webassemblyjs/ast/lib/transform/denormalize-type-references
  neurosurf/inst/htmlwidgets/neurosurface/node_modules/@webassemblyjs/ast/lib/transform/wast-identifier-to-index
  neurosurf/inst/htmlwidgets/neurosurface/node_modules/anymatch/node_modules/braces/node_modules/extend-shallow
  neurosurf/inst/htmlwidgets/neurosurface/node_modules/anymatch/node_modules/fill-range/node_modules/extend-shallow
  neurosurf/inst/htmlwidgets/neurosurface/node_modules/anymatch/node_modules/is-number/node_modules/kind-of
  neurosurf/inst/htmlwidgets/neurosurface/node_modules/chokidar/node_modules/glob-parent/node_modules/is-glob
  neurosurf/inst/htmlwidgets/neurosurface/node_modules/expand-brackets/node_modules/is-descriptor/.github
  neurosurf/inst/htmlwidgets/neurosurface/node_modules/findup-sync/node_modules/braces/node_modules/extend-shallow
  neurosurf/inst/htmlwidgets/neurosurface/node_modules/findup-sync/node_modules/fill-range/node_modules/extend-shallow
  neurosurf/inst/htmlwidgets/neurosurface/node_modules/findup-sync/node_modules/is-number/node_modules/kind-of
  neurosurf/inst/htmlwidgets/neurosurface/node_modules/fsevents/build/Release/.deps/Release/obj.target/fse
  neurosurf/inst/htmlwidgets/neurosurface/node_modules/has-values/node_modules/is-number/node_modules/kind-of
  neurosurf/inst/htmlwidgets/neurosurface/node_modules/matchdep/node_modules/braces/node_modules/extend-shallow
  neurosurf/inst/htmlwidgets/neurosurface/node_modules/matchdep/node_modules/fill-range/node_modules/extend-shallow
  neurosurf/inst/htmlwidgets/neurosurface/node_modules/matchdep/node_modules/is-number/node_modules/kind-of
  neurosurf/inst/htmlwidgets/neurosurface/node_modules/readdirp/node_modules/braces/node_modules/extend-shallow
  neurosurf/inst/htmlwidgets/neurosurface/node_modules/readdirp/node_modules/fill-range/node_modules/extend-shallow
  neurosurf/inst/htmlwidgets/neurosurface/node_modules/readdirp/node_modules/is-number/node_modules/kind-of
  neurosurf/inst/htmlwidgets/neurosurface/node_modules/resolve/test/resolver/multirepo/packages/package-a
  neurosurf/inst/htmlwidgets/neurosurface/node_modules/resolve/test/resolver/multirepo/packages/package-b
  neurosurf/inst/htmlwidgets/neurosurface/node_modules/resolve/test/resolver/symlinked/_/symlink_target
  neurosurf/inst/htmlwidgets/neurosurface/node_modules/static-extend/node_modules/is-descriptor/.github
  neurosurf/inst/htmlwidgets/neurosurface/node_modules/terser-webpack-plugin/node_modules/jest-worker/build
  neurosurf/inst/htmlwidgets/neurosurface/node_modules/terser-webpack-plugin/node_modules/jest-worker/build/base
  neurosurf/inst/htmlwidgets/neurosurface/node_modules/terser-webpack-plugin/node_modules/jest-worker/build/workers
  neurosurf/inst/htmlwidgets/neurosurface/node_modules/terser-webpack-plugin/node_modules/serialize-javascript
  neurosurf/inst/htmlwidgets/neurosurface/node_modules/terser-webpack-plugin/node_modules/supports-color
  neurosurf/inst/htmlwidgets/neurosurface/node_modules/unset-value/node_modules/has-value/node_modules/isobject
Tarballs are only required to store paths of up to 100 bytes and cannot
store those of more than 256 bytes, with restrictions including to 100
bytes for the final component.
See section ‘Package structure’ in the ‘Writing R Extensions’ manual.
* checking for sufficient/correct file permissions ... OK
* checking serialization versions ... OK
* checking whether package ‘neurosurf’ can be installed ...